INFO:     Will watch for changes in these directories: ['D:\\yunxia\\ai_langgraph\\RuoYi-Vue3-FastAPI\\ruoyi-fastapi-backend']
INFO:     Uvicorn running on http://0.0.0.0:9199 (Press CTRL+C to quit)
INFO:     Started reloader process [73032] using WatchFiles
D:\yunxia\ai_langgraph\RuoYi-Vue3-FastAPI\ruoyi-fastapi-backend\module_admin\service\login_service.py:43: FastAPIDeprecationWarning: `regex` has been deprecated, please use `pattern` instead
  grant_type: str = Form(default=None, regex='password'),
INFO:     Started server process [75624]
INFO:     Waiting for application startup.
2025-12-31 19:22:03.613 |  | INFO     | server:lifespan:23 - ⏰️ AI智能测试平台开始启动
2025-12-31 19:22:03.614 |  | INFO     | config.get_db:init_create_table:25 - 🔎 初始化数据库连接...
2025-12-31 19:22:05.286 |  | INFO     | config.get_db:init_create_table:28 - ✅️ 数据库连接成功
2025-12-31 19:22:05.286 |  | INFO     | config.get_redis:create_redis_pool:25 - 🔎 开始连接redis...
2025-12-31 19:22:05.441 |  | INFO     | config.get_redis:create_redis_pool:38 - ✅️ redis连接成功
2025-12-31 19:22:07.013 |  | INFO     | config.get_scheduler:init_system_scheduler:136 - 🔎 开始启动定时任务...
2025-12-31 19:22:08.409 |  | INFO     | config.get_scheduler:init_system_scheduler:144 - ✅️ 系统初始定时任务加载成功
INFO:     Application startup complete.
2025-12-31 19:22:08.410 |  | INFO     | server:lifespan:30 - 🚀 AI智能测试平台启动成功
2025-12-31 19:34:26.136 | 057d9ef97d5f42248410c744f9da4d43 | ERROR    | exceptions.handle:exception_handler:71 - (asyncmy.errors.OperationalError) (2013, 'Lost connection to MySQL server during query ([WinError 10054] 远程主机强迫关闭了一个现有的连接。)')
[SQL: SELECT DISTINCT sys_user.user_id, sys_user.dept_id, sys_user.user_name, sys_user.nick_name, sys_user.user_type, sys_user.email, sys_user.phonenumber, sys_user.sex, sys_user.avatar, sys_user.password, sys_user.status, sys_user.del_flag, sys_user.login_ip, sys_user.login_date, sys_user.pwd_update_date, sys_user.create_by, sys_user.create_time, sys_user.update_by, sys_user.update_time, sys_user.remark 
FROM sys_user 
WHERE sys_user.status = %s AND sys_user.del_flag = %s AND sys_user.user_id = %s]
[parameters: ('0', '0', 1)]
(Background on this error at: https://sqlalche.me/e/20/e3q8)
Traceback (most recent call last):

  File "D:\yunxia\ai_langgraph\.venv\Lib\site-packages\sqlalchemy\connectors\asyncio.py", line 402, in terminate
    self.await_(asyncio.shield(self._terminate_graceful_close()))  # type: ignore[attr-defined] # noqa: E501
    │    │      │       │      │    └ <function AsyncAdapt_asyncmy_connection._terminate_graceful_close at 0x000001727D04BF60>
    │    │      │       │      └ <AdaptedConnection <asyncmy.connection.Connection object at 0x0000017221F07850>>
    │    │      │       └ <function shield at 0x0000017279AAF100>
    │    │      └ <module 'asyncio' from 'C:\\Users\\98214\\AppData\\Roaming\\uv\\python\\cpython-3.11.13-windows-x86_64-none\\Lib\\asyncio\\__...
    │    └ <staticmethod(<function await_only at 0x000001727B574F40>)>
    └ <AdaptedConnection <asyncmy.connection.Connection object at 0x0000017221F07850>>
  File "D:\yunxia\ai_langgraph\.venv\Lib\site-packages\sqlalchemy\util\_concurrency_py3k.py", line 132, in await_only
    return current.parent.switch(awaitable)  # type: ignore[no-any-return,attr-defined] # noqa: E501
           │       │             └ <Future finished exception=ConnectionResetError(10054, '远程主机强迫关闭了一个现有的连接。', None, 10054, None)>
           │       └ <attribute 'parent' of 'greenlet.greenlet' objects>
           └ <_AsyncIoGreenlet object at 0x00000172224434C0 (otid=0x000001727B568D20) dead>
  File "D:\yunxia\ai_langgraph\.venv\Lib\site-packages\sqlalchemy\util\_concurrency_py3k.py", line 196, in greenlet_spawn
    value = await result
                  └ <Future finished exception=ConnectionResetError(10054, '远程主机强迫关闭了一个现有的连接。', None, 10054, None)>
  File "D:\yunxia\ai_langgraph\.venv\Lib\site-packages\sqlalchemy\dialects\mysql\asyncmy.py", line 117, in _terminate_graceful_close
    await self._connection.ensure_closed()
          │    └ <member '_connection' of 'AdaptedConnection' objects>
          └ <AdaptedConnection <asyncmy.connection.Connection object at 0x0000017221F07850>>
  File "asyncmy\\connection.pyx", line 361, in ensure_closed
    await self._writer.drain()
  File "C:\Users\98214\AppData\Roaming\uv\python\cpython-3.11.13-windows-x86_64-none\Lib\asyncio\streams.py", line 380, in drain
    raise exc
          └ ConnectionResetError(10054, '远程主机强迫关闭了一个现有的连接。', None, 10054, None)
  File "asyncmy\\connection.pyx", line 658, in asyncmy.connection.Connection._read_bytes
    data = await self._reader.readexactly(num_bytes)
  File "C:\Users\98214\AppData\Roaming\uv\python\cpython-3.11.13-windows-x86_64-none\Lib\asyncio\streams.py", line 750, in readexactly
    await self._wait_for_data('readexactly')
          │    └ <function StreamReader._wait_for_data at 0x0000017279EF94E0>
          └ <StreamReader exception=ConnectionResetError(10054, '远程主机强迫关闭了一个现有的连接。', None, 10054, None) transport=<_SelectorSocketTranspo...
  File "C:\Users\98214\AppData\Roaming\uv\python\cpython-3.11.13-windows-x86_64-none\Lib\asyncio\streams.py", line 543, in _wait_for_data
    await self._waiter
          │    └ None
          └ <StreamReader exception=ConnectionResetError(10054, '远程主机强迫关闭了一个现有的连接。', None, 10054, None) transport=<_SelectorSocketTranspo...
  File "C:\Users\98214\AppData\Roaming\uv\python\cpython-3.11.13-windows-x86_64-none\Lib\asyncio\selector_events.py", line 999, in _read_ready__data_received
    data = self._sock.recv(self.max_size)
           │    │          │    └ 262144
           │    │          └ <_SelectorSocketTransport closed fd=612>
           │    └ None
           └ <_SelectorSocketTransport closed fd=612>

ConnectionResetError: [WinError 10054] 远程主机强迫关闭了一个现有的连接。


During handling of the above exception, another exception occurred:


Traceback (most recent call last):

  File "D:\yunxia\ai_langgraph\.venv\Lib\site-packages\sqlalchemy\engine\base.py", line 1967, in _exec_single_context
    self.dialect.do_execute(
    │    │       └ <function DefaultDialect.do_execute at 0x000001727CBA4400>
    │    └ <sqlalchemy.dialects.mysql.asyncmy.MySQLDialect_asyncmy object at 0x000001727CFBB390>
    └ <sqlalchemy.engine.base.Connection object at 0x0000017222443350>
  File "D:\yunxia\ai_langgraph\.venv\Lib\site-packages\sqlalchemy\engine\default.py", line 952, in do_execute
    cursor.execute(statement, parameters)
    │      │       │          └ ('0', '0', 1)
    │      │       └ 'SELECT DISTINCT sys_user.user_id, sys_user.dept_id, sys_user.user_name, sys_user.nick_name, sys_user.user_type, sys_user.ema...
    │      └ <function AsyncAdapt_dbapi_cursor.execute at 0x000001727D049760>
    └ <sqlalchemy.dialects.mysql.asyncmy.AsyncAdapt_asyncmy_cursor object at 0x0000017223A02700>
  File "D:\yunxia\ai_langgraph\.venv\Lib\site-packages\sqlalchemy\connectors\asyncio.py", line 230, in execute
    self._adapt_connection._handle_exception(error)
    │    └ <member '_adapt_connection' of 'AsyncAdapt_dbapi_cursor' objects>
    └ <sqlalchemy.dialects.mysql.asyncmy.AsyncAdapt_asyncmy_cursor object at 0x0000017223A02700>
  File "D:\yunxia\ai_langgraph\.venv\Lib\site-packages\sqlalchemy\dialects\mysql\asyncmy.py", line 91, in _handle_exception
    raise error
          └ OperationalError(2013, 'Lost connection to MySQL server during query ([WinError 10054] 远程主机强迫关闭了一个现有的连接。)')
  File "D:\yunxia\ai_langgraph\.venv\Lib\site-packages\sqlalchemy\connectors\asyncio.py", line 228, in execute
    return self.await_(self._execute_async(operation, parameters))
           │    │      │    │              │          └ ('0', '0', 1)
           │    │      │    │              └ 'SELECT DISTINCT sys_user.user_id, sys_user.dept_id, sys_user.user_name, sys_user.nick_name, sys_user.user_type, sys_user.ema...
           │    │      │    └ <function AsyncAdapt_dbapi_cursor._execute_async at 0x000001727D0498A0>
           │    │      └ <sqlalchemy.dialects.mysql.asyncmy.AsyncAdapt_asyncmy_cursor object at 0x0000017223A02700>
           │    └ <member 'await_' of 'AsyncAdapt_dbapi_cursor' objects>
           └ <sqlalchemy.dialects.mysql.asyncmy.AsyncAdapt_asyncmy_cursor object at 0x0000017223A02700>
  File "D:\yunxia\ai_langgraph\.venv\Lib\site-packages\sqlalchemy\util\_concurrency_py3k.py", line 132, in await_only
    return current.parent.switch(awaitable)  # type: ignore[no-any-return,attr-defined] # noqa: E501
           │       │             └ <coroutine object AsyncAdapt_dbapi_cursor._execute_async at 0x00000172236BCA40>
           │       └ <attribute 'parent' of 'greenlet.greenlet' objects>
           └ <_AsyncIoGreenlet object at 0x00000172224434C0 (otid=0x000001727B568D20) dead>
  File "D:\yunxia\ai_langgraph\.venv\Lib\site-packages\sqlalchemy\util\_concurrency_py3k.py", line 196, in greenlet_spawn
    value = await result
                  └ <Future finished exception=ConnectionResetError(10054, '远程主机强迫关闭了一个现有的连接。', None, 10054, None)>
  File "D:\yunxia\ai_langgraph\.venv\Lib\site-packages\sqlalchemy\connectors\asyncio.py", line 251, in _execute_async
    result = await self._cursor.execute(operation, parameters)
                   │    │               │          └ ('0', '0', 1)
                   │    │               └ 'SELECT DISTINCT sys_user.user_id, sys_user.dept_id, sys_user.user_name, sys_user.nick_name, sys_user.user_type, sys_user.ema...
                   │    └ <member '_cursor' of 'AsyncAdapt_dbapi_cursor' objects>
                   └ <sqlalchemy.dialects.mysql.asyncmy.AsyncAdapt_asyncmy_cursor object at 0x0000017223A02700>
  File "asyncmy\\cursors.pyx", line 179, in execute
    result = await self._query(query)
  File "asyncmy\\cursors.pyx", line 364, in _query
    await conn.query(q)
  File "asyncmy\\connection.pyx", line 496, in query
    await self._read_query_result(unbuffered=unbuffered)
  File "asyncmy\\connection.pyx", line 684, in _read_query_result
    await result.read()
  File "asyncmy\\connection.pyx", line 1071, in read
    first_packet = await self.connection.read_packet()
  File "asyncmy\\connection.pyx", line 619, in read_packet
    packet_header = await self._read_bytes(4)
  File "asyncmy\\connection.pyx", line 660, in _read_bytes
    raise errors.OperationalError(
          │      └ <class 'asyncmy.errors.OperationalError'>
          └ <module 'asyncmy.errors' from 'D:\\yunxia\\ai_langgraph\\.venv\\Lib\\site-packages\\asyncmy\\errors.cp311-win_amd64.pyd'>

asyncmy.errors.OperationalError: (2013, 'Lost connection to MySQL server during query ([WinError 10054] 远程主机强迫关闭了一个现有的连接。)')


The above exception was the direct cause of the following exception:


Traceback (most recent call last):

  File "<string>", line 1, in <module>
  File "C:\Users\98214\AppData\Roaming\uv\python\cpython-3.11.13-windows-x86_64-none\Lib\multiprocessing\spawn.py", line 122, in spawn_main
    exitcode = _main(fd, parent_sentinel)
               │     │   └ 328
               │     └ 3
               └ <function _main at 0x000001727803A0C0>
  File "C:\Users\98214\AppData\Roaming\uv\python\cpython-3.11.13-windows-x86_64-none\Lib\multiprocessing\spawn.py", line 135, in _main
    return self._bootstrap(parent_sentinel)
           │    │          └ 328
           │    └ <function BaseProcess._bootstrap at 0x0000017277D80D60>
           └ <SpawnProcess name='SpawnProcess-1' parent=73032 started>
  File "C:\Users\98214\AppData\Roaming\uv\python\cpython-3.11.13-windows-x86_64-none\Lib\multiprocessing\process.py", line 314, in _bootstrap
    self.run()
    │    └ <function BaseProcess.run at 0x0000017277D802C0>
    └ <SpawnProcess name='SpawnProcess-1' parent=73032 started>
  File "C:\Users\98214\AppData\Roaming\uv\python\cpython-3.11.13-windows-x86_64-none\Lib\multiprocessing\process.py", line 108, in run
    self._target(*self._args, **self._kwargs)
    │    │        │    │        │    └ {'config': <uvicorn.config.Config object at 0x0000017278014510>, 'target': <bound method Server.run of <uvicorn.server.Server...
    │    │        │    │        └ <SpawnProcess name='SpawnProcess-1' parent=73032 started>
    │    │        │    └ ()
    │    │        └ <SpawnProcess name='SpawnProcess-1' parent=73032 started>
    │    └ <function subprocess_started at 0x000001727A1D1760>
    └ <SpawnProcess name='SpawnProcess-1' parent=73032 started>
  File "D:\yunxia\ai_langgraph\.venv\Lib\site-packages\uvicorn\_subprocess.py", line 80, in subprocess_started
    target(sockets=sockets)
    │              └ [<socket.socket fd=856, family=2, type=1, proto=6, laddr=('0.0.0.0', 9199)>]
    └ <bound method Server.run of <uvicorn.server.Server object at 0x000001727A3621D0>>
  File "D:\yunxia\ai_langgraph\.venv\Lib\site-packages\uvicorn\server.py", line 67, in run
    return asyncio_run(self.serve(sockets=sockets), loop_factory=self.config.get_loop_factory())
           │           │    │             │                      │    │      └ <function Config.get_loop_factory at 0x000001727A171800>
           │           │    │             │                      │    └ <uvicorn.config.Config object at 0x0000017278014510>
           │           │    │             │                      └ <uvicorn.server.Server object at 0x000001727A3621D0>
           │           │    │             └ [<socket.socket fd=856, family=2, type=1, proto=6, laddr=('0.0.0.0', 9199)>]
           │           │    └ <function Server.serve at 0x000001727A1D0400>
           │           └ <uvicorn.server.Server object at 0x000001727A3621D0>
           └ <function asyncio_run at 0x000001727A135B20>
  File "D:\yunxia\ai_langgraph\.venv\Lib\site-packages\uvicorn\_compat.py", line 30, in asyncio_run
    return runner.run(main)
           │      │   └ <coroutine object Server.serve at 0x000001727A33C9A0>
           │      └ <function Runner.run at 0x0000017279EDE2A0>
           └ <asyncio.runners.Runner object at 0x000001727A3618D0>
  File "C:\Users\98214\AppData\Roaming\uv\python\cpython-3.11.13-windows-x86_64-none\Lib\asyncio\runners.py", line 118, in run
    return self._loop.run_until_complete(task)
           │    │     │                  └ <Task pending name='Task-1' coro=<Server.serve() running at D:\yunxia\ai_langgraph\.venv\Lib\site-packages\uvicorn\server.py:...
           │    │     └ <function BaseEventLoop.run_until_complete at 0x0000017279ECFD80>
           │    └ <_WindowsSelectorEventLoop running=True closed=False debug=False>
           └ <asyncio.runners.Runner object at 0x000001727A3618D0>
  File "C:\Users\98214\AppData\Roaming\uv\python\cpython-3.11.13-windows-x86_64-none\Lib\asyncio\base_events.py", line 641, in run_until_complete
    self.run_forever()
    │    └ <function BaseEventLoop.run_forever at 0x0000017279ECFCE0>
    └ <_WindowsSelectorEventLoop running=True closed=False debug=False>
  File "C:\Users\98214\AppData\Roaming\uv\python\cpython-3.11.13-windows-x86_64-none\Lib\asyncio\base_events.py", line 608, in run_forever
    self._run_once()
    │    └ <function BaseEventLoop._run_once at 0x0000017279EDDB20>
    └ <_WindowsSelectorEventLoop running=True closed=False debug=False>
  File "C:\Users\98214\AppData\Roaming\uv\python\cpython-3.11.13-windows-x86_64-none\Lib\asyncio\base_events.py", line 1936, in _run_once
    handle._run()
    │      └ <function Handle._run at 0x0000017279A07060>
    └ <Handle Task.task_wakeup(<Future finished result=None>)>
  File "C:\Users\98214\AppData\Roaming\uv\python\cpython-3.11.13-windows-x86_64-none\Lib\asyncio\events.py", line 84, in _run
    self._context.run(self._callback, *self._args)
    │    │            │    │           │    └ <member '_args' of 'Handle' objects>
    │    │            │    │           └ <Handle Task.task_wakeup(<Future finished result=None>)>
    │    │            │    └ <member '_callback' of 'Handle' objects>
    │    │            └ <Handle Task.task_wakeup(<Future finished result=None>)>
    │    └ <member '_context' of 'Handle' objects>
    └ <Handle Task.task_wakeup(<Future finished result=None>)>
  File "D:\yunxia\ai_langgraph\.venv\Lib\site-packages\uvicorn\protocols\http\httptools_impl.py", line 416, in run_asgi
    result = await app(  # type: ignore[func-returns-value]
                   └ <uvicorn.middleware.proxy_headers.ProxyHeadersMiddleware object at 0x0000017221D33D50>
  File "D:\yunxia\ai_langgraph\.venv\Lib\site-packages\uvicorn\middleware\proxy_headers.py", line 60, in __call__
    return await self.app(scope, receive, send)
                 │    │   │      │        └ <bound method RequestResponseCycle.send of <uvicorn.protocols.http.httptools_impl.RequestResponseCycle object at 0x0000017222...
                 │    │   │      └ <bound method RequestResponseCycle.receive of <uvicorn.protocols.http.httptools_impl.RequestResponseCycle object at 0x0000017...
                 │    │   └ {'type': 'http', 'asgi': {'version': '3.0', 'spec_version': '2.3'}, 'http_version': '1.1', 'server': ('127.0.0.1', 9199), 'cl...
                 │    └ <fastapi.applications.FastAPI object at 0x000001727A529290>
                 └ <uvicorn.middleware.proxy_headers.ProxyHeadersMiddleware object at 0x0000017221D33D50>
  File "D:\yunxia\ai_langgraph\.venv\Lib\site-packages\fastapi\applications.py", line 1135, in __call__
    await super().__call__(scope, receive, send)
                           │      │        └ <bound method RequestResponseCycle.send of <uvicorn.protocols.http.httptools_impl.RequestResponseCycle object at 0x0000017222...
                           │      └ <bound method RequestResponseCycle.receive of <uvicorn.protocols.http.httptools_impl.RequestResponseCycle object at 0x0000017...
                           └ {'type': 'http', 'asgi': {'version': '3.0', 'spec_version': '2.3'}, 'http_version': '1.1', 'server': ('127.0.0.1', 9199), 'cl...
  File "D:\yunxia\ai_langgraph\.venv\Lib\site-packages\starlette\applications.py", line 107, in __call__
    await self.middleware_stack(scope, receive, send)
          │    │                │      │        └ <bound method RequestResponseCycle.send of <uvicorn.protocols.http.httptools_impl.RequestResponseCycle object at 0x0000017222...
          │    │                │      └ <bound method RequestResponseCycle.receive of <uvicorn.protocols.http.httptools_impl.RequestResponseCycle object at 0x0000017...
          │    │                └ {'type': 'http', 'asgi': {'version': '3.0', 'spec_version': '2.3'}, 'http_version': '1.1', 'server': ('127.0.0.1', 9199), 'cl...
          │    └ <starlette.middleware.errors.ServerErrorMiddleware object at 0x0000017221EDBBD0>
          └ <fastapi.applications.FastAPI object at 0x000001727A529290>
> File "D:\yunxia\ai_langgraph\.venv\Lib\site-packages\starlette\middleware\errors.py", line 164, in __call__
    await self.app(scope, receive, _send)
          │    │   │      │        └ <function ServerErrorMiddleware.__call__.<locals>._send at 0x0000017221DDAD40>
          │    │   │      └ <bound method RequestResponseCycle.receive of <uvicorn.protocols.http.httptools_impl.RequestResponseCycle object at 0x0000017...
          │    │   └ {'type': 'http', 'asgi': {'version': '3.0', 'spec_version': '2.3'}, 'http_version': '1.1', 'server': ('127.0.0.1', 9199), 'cl...
          │    └ <middlewares.trace_middleware.middle.TraceASGIMiddleware object at 0x0000017221EE3E50>
          └ <starlette.middleware.errors.ServerErrorMiddleware object at 0x0000017221EDBBD0>

  File "D:\yunxia\ai_langgraph\RuoYi-Vue3-FastAPI\ruoyi-fastapi-backend\middlewares\trace_middleware\middle.py", line 42, in __call__
    await self.app(scope, handle_outgoing_receive, handle_outgoing_request)
          │    │   │      │                        └ <function TraceASGIMiddleware.__call__.<locals>.handle_outgoing_request at 0x000001722215CB80>
          │    │   │      └ <function RequestResponseCycle.receive at 0x0000017221DDB880>
          │    │   └ {'type': 'http', 'asgi': {'version': '3.0', 'spec_version': '2.3'}, 'http_version': '1.1', 'server': ('127.0.0.1', 9199), 'cl...
          │    └ <starlette.middleware.gzip.GZipMiddleware object at 0x0000017221CCBED0>
          └ <middlewares.trace_middleware.middle.TraceASGIMiddleware object at 0x0000017221EE3E50>

  File "D:\yunxia\ai_langgraph\.venv\Lib\site-packages\starlette\middleware\gzip.py", line 29, in __call__
    await responder(scope, receive, send)
          │         │      │        └ <function TraceASGIMiddleware.__call__.<locals>.handle_outgoing_request at 0x000001722215CB80>
          │         │      └ <function RequestResponseCycle.receive at 0x0000017221DDB880>
          │         └ {'type': 'http', 'asgi': {'version': '3.0', 'spec_version': '2.3'}, 'http_version': '1.1', 'server': ('127.0.0.1', 9199), 'cl...
          └ <starlette.middleware.gzip.GZipResponder object at 0x000001722244A390>
  File "D:\yunxia\ai_langgraph\.venv\Lib\site-packages\starlette\middleware\gzip.py", line 130, in __call__
    await super().__call__(scope, receive, send)
                           │      │        └ <function TraceASGIMiddleware.__call__.<locals>.handle_outgoing_request at 0x000001722215CB80>
                           │      └ <function RequestResponseCycle.receive at 0x0000017221DDB880>
                           └ {'type': 'http', 'asgi': {'version': '3.0', 'spec_version': '2.3'}, 'http_version': '1.1', 'server': ('127.0.0.1', 9199), 'cl...
  File "D:\yunxia\ai_langgraph\.venv\Lib\site-packages\starlette\middleware\gzip.py", line 46, in __call__
    await self.app(scope, receive, self.send_with_compression)
          │    │   │      │        │    └ <function IdentityResponder.send_with_compression at 0x000001721E069260>
          │    │   │      │        └ <starlette.middleware.gzip.GZipResponder object at 0x000001722244A390>
          │    │   │      └ <function RequestResponseCycle.receive at 0x0000017221DDB880>
          │    │   └ {'type': 'http', 'asgi': {'version': '3.0', 'spec_version': '2.3'}, 'http_version': '1.1', 'server': ('127.0.0.1', 9199), 'cl...
          │    └ <starlette.middleware.cors.CORSMiddleware object at 0x0000017221EB6350>
          └ <starlette.middleware.gzip.GZipResponder object at 0x000001722244A390>
  File "D:\yunxia\ai_langgraph\.venv\Lib\site-packages\starlette\middleware\cors.py", line 85, in __call__
    await self.app(scope, receive, send)
          │    │   │      │        └ <bound method IdentityResponder.send_with_compression of <starlette.middleware.gzip.GZipResponder object at 0x000001722244A390>>
          │    │   │      └ <function RequestResponseCycle.receive at 0x0000017221DDB880>
          │    │   └ {'type': 'http', 'asgi': {'version': '3.0', 'spec_version': '2.3'}, 'http_version': '1.1', 'server': ('127.0.0.1', 9199), 'cl...
          │    └ <middlewares.context_middleware.ContextCleanupMiddleware object at 0x0000017221E2E110>
          └ <starlette.middleware.cors.CORSMiddleware object at 0x0000017221EB6350>
  File "D:\yunxia\ai_langgraph\.venv\Lib\site-packages\starlette\middleware\base.py", line 191, in __call__
    with recv_stream, send_stream, collapse_excgroups():
         │            │            └ <function collapse_excgroups at 0x000001727B3B1A80>
         │            └ MemoryObjectSendStream(_state=_MemoryObjectStreamState(max_buffer_size=0, buffer=deque([]), open_send_channels=0, open_receiv...
         └ MemoryObjectReceiveStream(_state=_MemoryObjectStreamState(max_buffer_size=0, buffer=deque([]), open_send_channels=0, open_rec...
  File "C:\Users\98214\AppData\Roaming\uv\python\cpython-3.11.13-windows-x86_64-none\Lib\contextlib.py", line 158, in __exit__
    self.gen.throw(typ, value, traceback)
    │    │   │     │    │      └ <traceback object at 0x00000172224269C0>
    │    │   │     │    └ ExceptionGroup('unhandled errors in a TaskGroup', [OperationalError("(asyncmy.errors.OperationalError) (2013, 'Lost connectio...
    │    │   │     └ <class 'ExceptionGroup'>
    │    │   └ <method 'throw' of 'generator' objects>
    │    └ <generator object collapse_excgroups at 0x00000172221EA880>
    └ <contextlib._GeneratorContextManager object at 0x000001722244B290>
  File "D:\yunxia\ai_langgraph\.venv\Lib\site-packages\starlette\_utils.py", line 85, in collapse_excgroups
    raise exc
  File "D:\yunxia\ai_langgraph\.venv\Lib\site-packages\starlette\middleware\base.py", line 193, in __call__
    response = await self.dispatch_func(request, call_next)
                     │    │             │        └ <function BaseHTTPMiddleware.__call__.<locals>.call_next at 0x000001722215DA80>
                     │    │             └ <starlette.middleware.base._CachedRequest object at 0x000001722244B210>
                     │    └ <bound method ContextCleanupMiddleware.dispatch of <middlewares.context_middleware.ContextCleanupMiddleware object at 0x00000...
                     └ <middlewares.context_middleware.ContextCleanupMiddleware object at 0x0000017221E2E110>

  File "D:\yunxia\ai_langgraph\RuoYi-Vue3-FastAPI\ruoyi-fastapi-backend\middlewares\context_middleware.py", line 17, in dispatch
    response = await call_next(request)
                     │         └ <starlette.middleware.base._CachedRequest object at 0x000001722244B210>
                     └ <function BaseHTTPMiddleware.__call__.<locals>.call_next at 0x000001722215DA80>

  File "D:\yunxia\ai_langgraph\.venv\Lib\site-packages\starlette\middleware\base.py", line 168, in call_next
    raise app_exc from app_exc.__cause__ or app_exc.__context__
          │            │       │            │       └ <attribute '__context__' of 'BaseException' objects>
          │            │       │            └ OperationalError("(asyncmy.errors.OperationalError) (2013, 'Lost connection to MySQL server during query ([WinError 10054] 远程...
          │            │       └ <attribute '__cause__' of 'BaseException' objects>
          │            └ OperationalError("(asyncmy.errors.OperationalError) (2013, 'Lost connection to MySQL server during query ([WinError 10054] 远程...
          └ OperationalError("(asyncmy.errors.OperationalError) (2013, 'Lost connection to MySQL server during query ([WinError 10054] 远程...
  File "D:\yunxia\ai_langgraph\.venv\Lib\site-packages\starlette\middleware\base.py", line 144, in coro
    await self.app(scope, receive_or_disconnect, send_no_error)
          │    │   │      │                      └ <function BaseHTTPMiddleware.__call__.<locals>.call_next.<locals>.send_no_error at 0x000001722215F880>
          │    │   │      └ <function BaseHTTPMiddleware.__call__.<locals>.call_next.<locals>.receive_or_disconnect at 0x000001722215E980>
          │    │   └ {'type': 'http', 'asgi': {'version': '3.0', 'spec_version': '2.3'}, 'http_version': '1.1', 'server': ('127.0.0.1', 9199), 'cl...
          │    └ <starlette.middleware.exceptions.ExceptionMiddleware object at 0x0000017221E7BBD0>
          └ <middlewares.context_middleware.ContextCleanupMiddleware object at 0x0000017221E2E110>
  File "D:\yunxia\ai_langgraph\.venv\Lib\site-packages\starlette\middleware\exceptions.py", line 63, in __call__
    await wrap_app_handling_exceptions(self.app, conn)(scope, receive, send)
          │                            │    │    │     │      │        └ <function BaseHTTPMiddleware.__call__.<locals>.call_next.<locals>.send_no_error at 0x000001722215F880>
          │                            │    │    │     │      └ <function BaseHTTPMiddleware.__call__.<locals>.call_next.<locals>.receive_or_disconnect at 0x000001722215E980>
          │                            │    │    │     └ {'type': 'http', 'asgi': {'version': '3.0', 'spec_version': '2.3'}, 'http_version': '1.1', 'server': ('127.0.0.1', 9199), 'cl...
          │                            │    │    └ <starlette.requests.Request object at 0x0000017222448690>
          │                            │    └ <fastapi.middleware.asyncexitstack.AsyncExitStackMiddleware object at 0x000001722212F510>
          │                            └ <starlette.middleware.exceptions.ExceptionMiddleware object at 0x0000017221E7BBD0>
          └ <function wrap_app_handling_exceptions at 0x000001727B43D8A0>
  File "D:\yunxia\ai_langgraph\.venv\Lib\site-packages\starlette\_exception_handler.py", line 53, in wrapped_app
    raise exc
  File "D:\yunxia\ai_langgraph\.venv\Lib\site-packages\starlette\_exception_handler.py", line 42, in wrapped_app
    await app(scope, receive, sender)
          │   │      │        └ <function wrap_app_handling_exceptions.<locals>.wrapped_app.<locals>.sender at 0x0000017222202200>
          │   │      └ <function BaseHTTPMiddleware.__call__.<locals>.call_next.<locals>.receive_or_disconnect at 0x000001722215E980>
          │   └ {'type': 'http', 'asgi': {'version': '3.0', 'spec_version': '2.3'}, 'http_version': '1.1', 'server': ('127.0.0.1', 9199), 'cl...
          └ <fastapi.middleware.asyncexitstack.AsyncExitStackMiddleware object at 0x000001722212F510>
  File "D:\yunxia\ai_langgraph\.venv\Lib\site-packages\fastapi\middleware\asyncexitstack.py", line 18, in __call__
    await self.app(scope, receive, send)
          │    │   │      │        └ <function wrap_app_handling_exceptions.<locals>.wrapped_app.<locals>.sender at 0x0000017222202200>
          │    │   │      └ <function BaseHTTPMiddleware.__call__.<locals>.call_next.<locals>.receive_or_disconnect at 0x000001722215E980>
          │    │   └ {'type': 'http', 'asgi': {'version': '3.0', 'spec_version': '2.3'}, 'http_version': '1.1', 'server': ('127.0.0.1', 9199), 'cl...
          │    └ <fastapi.routing.APIRouter object at 0x000001727B1A3650>
          └ <fastapi.middleware.asyncexitstack.AsyncExitStackMiddleware object at 0x000001722212F510>
  File "D:\yunxia\ai_langgraph\.venv\Lib\site-packages\starlette\routing.py", line 716, in __call__
    await self.middleware_stack(scope, receive, send)
          │    │                │      │        └ <function wrap_app_handling_exceptions.<locals>.wrapped_app.<locals>.sender at 0x0000017222202200>
          │    │                │      └ <function BaseHTTPMiddleware.__call__.<locals>.call_next.<locals>.receive_or_disconnect at 0x000001722215E980>
          │    │                └ {'type': 'http', 'asgi': {'version': '3.0', 'spec_version': '2.3'}, 'http_version': '1.1', 'server': ('127.0.0.1', 9199), 'cl...
          │    └ <bound method Router.app of <fastapi.routing.APIRouter object at 0x000001727B1A3650>>
          └ <fastapi.routing.APIRouter object at 0x000001727B1A3650>
  File "D:\yunxia\ai_langgraph\.venv\Lib\site-packages\starlette\routing.py", line 736, in app
    await route.handle(scope, receive, send)
          │     │      │      │        └ <function wrap_app_handling_exceptions.<locals>.wrapped_app.<locals>.sender at 0x0000017222202200>
          │     │      │      └ <function BaseHTTPMiddleware.__call__.<locals>.call_next.<locals>.receive_or_disconnect at 0x000001722215E980>
          │     │      └ {'type': 'http', 'asgi': {'version': '3.0', 'spec_version': '2.3'}, 'http_version': '1.1', 'server': ('127.0.0.1', 9199), 'cl...
          │     └ <function Route.handle at 0x000001727B43EF20>
          └ APIRoute(path='/getInfo', name='get_login_user_info', methods=['GET'])
  File "D:\yunxia\ai_langgraph\.venv\Lib\site-packages\starlette\routing.py", line 290, in handle
    await self.app(scope, receive, send)
          │    │   │      │        └ <function wrap_app_handling_exceptions.<locals>.wrapped_app.<locals>.sender at 0x0000017222202200>
          │    │   │      └ <function BaseHTTPMiddleware.__call__.<locals>.call_next.<locals>.receive_or_disconnect at 0x000001722215E980>
          │    │   └ {'type': 'http', 'asgi': {'version': '3.0', 'spec_version': '2.3'}, 'http_version': '1.1', 'server': ('127.0.0.1', 9199), 'cl...
          │    └ <function request_response.<locals>.app at 0x0000017220CBE200>
          └ APIRoute(path='/getInfo', name='get_login_user_info', methods=['GET'])
  File "D:\yunxia\ai_langgraph\.venv\Lib\site-packages\fastapi\routing.py", line 115, in app
    await wrap_app_handling_exceptions(app, request)(scope, receive, send)
          │                            │    │        │      │        └ <function wrap_app_handling_exceptions.<locals>.wrapped_app.<locals>.sender at 0x0000017222202200>
          │                            │    │        │      └ <function BaseHTTPMiddleware.__call__.<locals>.call_next.<locals>.receive_or_disconnect at 0x000001722215E980>
          │                            │    │        └ {'type': 'http', 'asgi': {'version': '3.0', 'spec_version': '2.3'}, 'http_version': '1.1', 'server': ('127.0.0.1', 9199), 'cl...
          │                            │    └ <starlette.requests.Request object at 0x0000017222449890>
          │                            └ <function request_response.<locals>.app.<locals>.app at 0x0000017222202FC0>
          └ <function wrap_app_handling_exceptions at 0x000001727B43D8A0>
  File "D:\yunxia\ai_langgraph\.venv\Lib\site-packages\starlette\_exception_handler.py", line 53, in wrapped_app
    raise exc
  File "D:\yunxia\ai_langgraph\.venv\Lib\site-packages\starlette\_exception_handler.py", line 42, in wrapped_app
    await app(scope, receive, sender)
          │   │      │        └ <function wrap_app_handling_exceptions.<locals>.wrapped_app.<locals>.sender at 0x0000017222202CA0>
          │   │      └ <function BaseHTTPMiddleware.__call__.<locals>.call_next.<locals>.receive_or_disconnect at 0x000001722215E980>
          │   └ {'type': 'http', 'asgi': {'version': '3.0', 'spec_version': '2.3'}, 'http_version': '1.1', 'server': ('127.0.0.1', 9199), 'cl...
          └ <function request_response.<locals>.app.<locals>.app at 0x0000017222202FC0>
  File "D:\yunxia\ai_langgraph\.venv\Lib\site-packages\fastapi\routing.py", line 101, in app
    response = await f(request)
                     │ └ <starlette.requests.Request object at 0x0000017222449890>
                     └ <function get_request_handler.<locals>.app at 0x00000172205ADDA0>
  File "D:\yunxia\ai_langgraph\.venv\Lib\site-packages\fastapi\routing.py", line 345, in app
    solved_result = await solve_dependencies(
                          └ <function solve_dependencies at 0x000001727B41ECA0>
  File "D:\yunxia\ai_langgraph\.venv\Lib\site-packages\fastapi\dependencies\utils.py", line 643, in solve_dependencies
    solved = await call(**solved_result.values)
                   │      │             └ {'token': 'eyJhbGciOiJIUzI1NiIsInR5cCI6IkpXVCJ9.eyJ1c2VyX2lkIjoiMSIsInVzZXJfbmFtZSI6ImFkbWluIiwiZGVwdF9uYW1lIjoiXHU3ODE0XHU1M...
                   │      └ SolvedDependency(values={'token': 'eyJhbGciOiJIUzI1NiIsInR5cCI6IkpXVCJ9.eyJ1c2VyX2lkIjoiMSIsInVzZXJfbmFtZSI6ImFkbWluIiwiZGVwd...
                   └ <bound method LoginService.get_current_user of <class 'module_admin.service.login_service.LoginService'>>

  File "D:\yunxia\ai_langgraph\RuoYi-Vue3-FastAPI\ruoyi-fastapi-backend\module_admin\service\login_service.py", line 220, in get_current_user
    query_user = await UserDao.get_user_by_id(query_db, user_id=token_data.user_id)
                       │       │              │                 │          └ 1
                       │       │              │                 └ TokenData(user_id=1)
                       │       │              └ <sqlalchemy.ext.asyncio.session.AsyncSession object at 0x0000017222448D10>
                       │       └ <classmethod(<function UserDao.get_user_by_id at 0x000001721E21E700>)>
                       └ <class 'module_admin.dao.user_dao.UserDao'>

  File "D:\yunxia\ai_langgraph\RuoYi-Vue3-FastAPI\ruoyi-fastapi-backend\module_admin\dao\user_dao.py", line 94, in get_user_by_id
    await db.execute(
          │  └ <function AsyncSession.execute at 0x000001727CFA76A0>
          └ <sqlalchemy.ext.asyncio.session.AsyncSession object at 0x0000017222448D10>

  File "D:\yunxia\ai_langgraph\.venv\Lib\site-packages\sqlalchemy\ext\asyncio\session.py", line 449, in execute
    result = await greenlet_spawn(
                   └ <function greenlet_spawn at 0x000001727B567BA0>
  File "D:\yunxia\ai_langgraph\.venv\Lib\site-packages\sqlalchemy\util\_concurrency_py3k.py", line 201, in greenlet_spawn
    result = context.throw(*sys.exc_info())
             │       │      │   └ <built-in function exc_info>
             │       │      └ <module 'sys' (built-in)>
             │       └ <method 'throw' of 'greenlet.greenlet' objects>
             └ <_AsyncIoGreenlet object at 0x00000172224434C0 (otid=0x000001727B568D20) dead>
  File "D:\yunxia\ai_langgraph\.venv\Lib\site-packages\sqlalchemy\orm\session.py", line 2351, in execute
    return self._execute_internal(
           │    └ <function Session._execute_internal at 0x000001727CEE5A80>
           └ <sqlalchemy.orm.session.Session object at 0x000001722244AA10>
  File "D:\yunxia\ai_langgraph\.venv\Lib\site-packages\sqlalchemy\orm\session.py", line 2249, in _execute_internal
    result: Result[Any] = compile_state_cls.orm_execute_statement(
                   │      │                 └ <classmethod(<function AbstractORMCompileState.orm_execute_statement at 0x000001727CD60040>)>
                   │      └ <class 'sqlalchemy.orm.context.ORMSelectCompileState'>
                   └ typing.Any
  File "D:\yunxia\ai_langgraph\.venv\Lib\site-packages\sqlalchemy\orm\context.py", line 306, in orm_execute_statement
    result = conn.execute(
             │    └ <function Connection.execute at 0x000001727CADBE20>
             └ <sqlalchemy.engine.base.Connection object at 0x0000017222443350>
  File "D:\yunxia\ai_langgraph\.venv\Lib\site-packages\sqlalchemy\engine\base.py", line 1419, in execute
    return meth(
           └ <bound method ClauseElement._execute_on_connection of <sqlalchemy.sql.selectable.Select object at 0x00000172224493D0>>
  File "D:\yunxia\ai_langgraph\.venv\Lib\site-packages\sqlalchemy\sql\elements.py", line 527, in _execute_on_connection
    return connection._execute_clauseelement(
           │          └ <function Connection._execute_clauseelement at 0x000001727CAE4180>
           └ <sqlalchemy.engine.base.Connection object at 0x0000017222443350>
  File "D:\yunxia\ai_langgraph\.venv\Lib\site-packages\sqlalchemy\engine\base.py", line 1641, in _execute_clauseelement
    ret = self._execute_context(
          │    └ <function Connection._execute_context at 0x000001727CAE4360>
          └ <sqlalchemy.engine.base.Connection object at 0x0000017222443350>
  File "D:\yunxia\ai_langgraph\.venv\Lib\site-packages\sqlalchemy\engine\base.py", line 1846, in _execute_context
    return self._exec_single_context(
           │    └ <function Connection._exec_single_context at 0x000001727CAE4400>
           └ <sqlalchemy.engine.base.Connection object at 0x0000017222443350>
  File "D:\yunxia\ai_langgraph\.venv\Lib\site-packages\sqlalchemy\engine\base.py", line 1986, in _exec_single_context
    self._handle_dbapi_exception(
    │    └ <function Connection._handle_dbapi_exception at 0x000001727CAE4680>
    └ <sqlalchemy.engine.base.Connection object at 0x0000017222443350>
  File "D:\yunxia\ai_langgraph\.venv\Lib\site-packages\sqlalchemy\engine\base.py", line 2363, in _handle_dbapi_exception
    raise sqlalchemy_exception.with_traceback(exc_info[2]) from e
          │                    │              │                 └ OperationalError(2013, 'Lost connection to MySQL server during query ([WinError 10054] 远程主机强迫关闭了一个现有的连接。)')
          │                    │              └ (<class 'asyncmy.errors.OperationalError'>, OperationalError(2013, 'Lost connection to MySQL server during query ([WinError 1...
          │                    └ <method 'with_traceback' of 'BaseException' objects>
          └ OperationalError("(asyncmy.errors.OperationalError) (2013, 'Lost connection to MySQL server during query ([WinError 10054] 远程...
  File "D:\yunxia\ai_langgraph\.venv\Lib\site-packages\sqlalchemy\engine\base.py", line 1967, in _exec_single_context
    self.dialect.do_execute(
    │    │       └ <function DefaultDialect.do_execute at 0x000001727CBA4400>
    │    └ <sqlalchemy.dialects.mysql.asyncmy.MySQLDialect_asyncmy object at 0x000001727CFBB390>
    └ <sqlalchemy.engine.base.Connection object at 0x0000017222443350>
  File "D:\yunxia\ai_langgraph\.venv\Lib\site-packages\sqlalchemy\engine\default.py", line 952, in do_execute
    cursor.execute(statement, parameters)
    │      │       │          └ ('0', '0', 1)
    │      │       └ 'SELECT DISTINCT sys_user.user_id, sys_user.dept_id, sys_user.user_name, sys_user.nick_name, sys_user.user_type, sys_user.ema...
    │      └ <function AsyncAdapt_dbapi_cursor.execute at 0x000001727D049760>
    └ <sqlalchemy.dialects.mysql.asyncmy.AsyncAdapt_asyncmy_cursor object at 0x0000017223A02700>
  File "D:\yunxia\ai_langgraph\.venv\Lib\site-packages\sqlalchemy\connectors\asyncio.py", line 230, in execute
    self._adapt_connection._handle_exception(error)
    │    └ <member '_adapt_connection' of 'AsyncAdapt_dbapi_cursor' objects>
    └ <sqlalchemy.dialects.mysql.asyncmy.AsyncAdapt_asyncmy_cursor object at 0x0000017223A02700>
  File "D:\yunxia\ai_langgraph\.venv\Lib\site-packages\sqlalchemy\dialects\mysql\asyncmy.py", line 91, in _handle_exception
    raise error
          └ OperationalError(2013, 'Lost connection to MySQL server during query ([WinError 10054] 远程主机强迫关闭了一个现有的连接。)')
  File "D:\yunxia\ai_langgraph\.venv\Lib\site-packages\sqlalchemy\connectors\asyncio.py", line 228, in execute
    return self.await_(self._execute_async(operation, parameters))
           │    │      │    │              │          └ ('0', '0', 1)
           │    │      │    │              └ 'SELECT DISTINCT sys_user.user_id, sys_user.dept_id, sys_user.user_name, sys_user.nick_name, sys_user.user_type, sys_user.ema...
           │    │      │    └ <function AsyncAdapt_dbapi_cursor._execute_async at 0x000001727D0498A0>
           │    │      └ <sqlalchemy.dialects.mysql.asyncmy.AsyncAdapt_asyncmy_cursor object at 0x0000017223A02700>
           │    └ <member 'await_' of 'AsyncAdapt_dbapi_cursor' objects>
           └ <sqlalchemy.dialects.mysql.asyncmy.AsyncAdapt_asyncmy_cursor object at 0x0000017223A02700>
  File "D:\yunxia\ai_langgraph\.venv\Lib\site-packages\sqlalchemy\util\_concurrency_py3k.py", line 132, in await_only
    return current.parent.switch(awaitable)  # type: ignore[no-any-return,attr-defined] # noqa: E501
           │       │             └ <coroutine object AsyncAdapt_dbapi_cursor._execute_async at 0x00000172236BCA40>
           │       └ <attribute 'parent' of 'greenlet.greenlet' objects>
           └ <_AsyncIoGreenlet object at 0x00000172224434C0 (otid=0x000001727B568D20) dead>
  File "D:\yunxia\ai_langgraph\.venv\Lib\site-packages\sqlalchemy\util\_concurrency_py3k.py", line 196, in greenlet_spawn
    value = await result
                  └ <Future finished exception=ConnectionResetError(10054, '远程主机强迫关闭了一个现有的连接。', None, 10054, None)>
  File "D:\yunxia\ai_langgraph\.venv\Lib\site-packages\sqlalchemy\connectors\asyncio.py", line 251, in _execute_async
    result = await self._cursor.execute(operation, parameters)
                   │    │               │          └ ('0', '0', 1)
                   │    │               └ 'SELECT DISTINCT sys_user.user_id, sys_user.dept_id, sys_user.user_name, sys_user.nick_name, sys_user.user_type, sys_user.ema...
                   │    └ <member '_cursor' of 'AsyncAdapt_dbapi_cursor' objects>
                   └ <sqlalchemy.dialects.mysql.asyncmy.AsyncAdapt_asyncmy_cursor object at 0x0000017223A02700>
  File "asyncmy\\cursors.pyx", line 179, in execute
    result = await self._query(query)
  File "asyncmy\\cursors.pyx", line 364, in _query
    await conn.query(q)
  File "asyncmy\\connection.pyx", line 496, in query
    await self._read_query_result(unbuffered=unbuffered)
  File "asyncmy\\connection.pyx", line 684, in _read_query_result
    await result.read()
  File "asyncmy\\connection.pyx", line 1071, in read
    first_packet = await self.connection.read_packet()
  File "asyncmy\\connection.pyx", line 619, in read_packet
    packet_header = await self._read_bytes(4)
  File "asyncmy\\connection.pyx", line 660, in _read_bytes
    raise errors.OperationalError(
          │      └ <class 'asyncmy.errors.OperationalError'>
          └ <module 'asyncmy.errors' from 'D:\\yunxia\\ai_langgraph\\.venv\\Lib\\site-packages\\asyncmy\\errors.cp311-win_amd64.pyd'>

sqlalchemy.exc.OperationalError: (asyncmy.errors.OperationalError) (2013, 'Lost connection to MySQL server during query ([WinError 10054] 远程主机强迫关闭了一个现有的连接。)')
[SQL: SELECT DISTINCT sys_user.user_id, sys_user.dept_id, sys_user.user_name, sys_user.nick_name, sys_user.user_type, sys_user.email, sys_user.phonenumber, sys_user.sex, sys_user.avatar, sys_user.password, sys_user.status, sys_user.del_flag, sys_user.login_ip, sys_user.login_date, sys_user.pwd_update_date, sys_user.create_by, sys_user.create_time, sys_user.update_by, sys_user.update_time, sys_user.remark 
FROM sys_user 
WHERE sys_user.status = %s AND sys_user.del_flag = %s AND sys_user.user_id = %s]
[parameters: ('0', '0', 1)]
(Background on this error at: https://sqlalche.me/e/20/e3q8)
ERROR:    Exception in ASGI application
Traceback (most recent call last):
  File "D:\yunxia\ai_langgraph\.venv\Lib\site-packages\sqlalchemy\connectors\asyncio.py", line 402, in terminate
    self.await_(asyncio.shield(self._terminate_graceful_close()))  # type: ignore[attr-defined] # noqa: E501
    ^^^^^^^^^^^^^^^^^^^^^^^^^^^^^^^^^^^^^^^^^^^^^^^^^^^^^^^^^^^^^
  File "D:\yunxia\ai_langgraph\.venv\Lib\site-packages\sqlalchemy\util\_concurrency_py3k.py", line 132, in await_only
    return current.parent.switch(awaitable)  # type: ignore[no-any-return,attr-defined] # noqa: E501
           ^^^^^^^^^^^^^^^^^^^^^^^^^^^^^^^^
  File "D:\yunxia\ai_langgraph\.venv\Lib\site-packages\sqlalchemy\util\_concurrency_py3k.py", line 196, in greenlet_spawn
    value = await result
            ^^^^^^^^^^^^
  File "D:\yunxia\ai_langgraph\.venv\Lib\site-packages\sqlalchemy\dialects\mysql\asyncmy.py", line 117, in _terminate_graceful_close
    await self._connection.ensure_closed()
  File "asyncmy\\connection.pyx", line 361, in ensure_closed
    await self._writer.drain()
  File "C:\Users\98214\AppData\Roaming\uv\python\cpython-3.11.13-windows-x86_64-none\Lib\asyncio\streams.py", line 380, in drain
    raise exc
  File "asyncmy\\connection.pyx", line 658, in asyncmy.connection.Connection._read_bytes
    data = await self._reader.readexactly(num_bytes)
  File "C:\Users\98214\AppData\Roaming\uv\python\cpython-3.11.13-windows-x86_64-none\Lib\asyncio\streams.py", line 750, in readexactly
    await self._wait_for_data('readexactly')
  File "C:\Users\98214\AppData\Roaming\uv\python\cpython-3.11.13-windows-x86_64-none\Lib\asyncio\streams.py", line 543, in _wait_for_data
    await self._waiter
  File "C:\Users\98214\AppData\Roaming\uv\python\cpython-3.11.13-windows-x86_64-none\Lib\asyncio\selector_events.py", line 999, in _read_ready__data_received
    data = self._sock.recv(self.max_size)
           ^^^^^^^^^^^^^^^^^^^^^^^^^^^^^^
ConnectionResetError: [WinError 10054] 远程主机强迫关闭了一个现有的连接。

During handling of the above exception, another exception occurred:

Traceback (most recent call last):
  File "D:\yunxia\ai_langgraph\.venv\Lib\site-packages\sqlalchemy\engine\base.py", line 1967, in _exec_single_context
    self.dialect.do_execute(
  File "D:\yunxia\ai_langgraph\.venv\Lib\site-packages\sqlalchemy\engine\default.py", line 952, in do_execute
    cursor.execute(statement, parameters)
  File "D:\yunxia\ai_langgraph\.venv\Lib\site-packages\sqlalchemy\connectors\asyncio.py", line 230, in execute
    self._adapt_connection._handle_exception(error)
  File "D:\yunxia\ai_langgraph\.venv\Lib\site-packages\sqlalchemy\dialects\mysql\asyncmy.py", line 91, in _handle_exception
    raise error
  File "D:\yunxia\ai_langgraph\.venv\Lib\site-packages\sqlalchemy\connectors\asyncio.py", line 228, in execute
    return self.await_(self._execute_async(operation, parameters))
           ^^^^^^^^^^^^^^^^^^^^^^^^^^^^^^^^^^^^^^^^^^^^^^^^^^^^^^^
  File "D:\yunxia\ai_langgraph\.venv\Lib\site-packages\sqlalchemy\util\_concurrency_py3k.py", line 132, in await_only
    return current.parent.switch(awaitable)  # type: ignore[no-any-return,attr-defined] # noqa: E501
           ^^^^^^^^^^^^^^^^^^^^^^^^^^^^^^^^
  File "D:\yunxia\ai_langgraph\.venv\Lib\site-packages\sqlalchemy\util\_concurrency_py3k.py", line 196, in greenlet_spawn
    value = await result
            ^^^^^^^^^^^^
  File "D:\yunxia\ai_langgraph\.venv\Lib\site-packages\sqlalchemy\connectors\asyncio.py", line 251, in _execute_async
    result = await self._cursor.execute(operation, parameters)
             ^^^^^^^^^^^^^^^^^^^^^^^^^^^^^^^^^^^^^^^^^^^^^^^^^
  File "asyncmy\\cursors.pyx", line 179, in execute
    result = await self._query(query)
  File "asyncmy\\cursors.pyx", line 364, in _query
    await conn.query(q)
  File "asyncmy\\connection.pyx", line 496, in query
    await self._read_query_result(unbuffered=unbuffered)
  File "asyncmy\\connection.pyx", line 684, in _read_query_result
    await result.read()
  File "asyncmy\\connection.pyx", line 1071, in read
    first_packet = await self.connection.read_packet()
  File "asyncmy\\connection.pyx", line 619, in read_packet
    packet_header = await self._read_bytes(4)
  File "asyncmy\\connection.pyx", line 660, in _read_bytes
    raise errors.OperationalError(
asyncmy.errors.OperationalError: (2013, 'Lost connection to MySQL server during query ([WinError 10054] 远程主机强迫关闭了一个现有的连接。)')

The above exception was the direct cause of the following exception:

Traceback (most recent call last):
  File "D:\yunxia\ai_langgraph\.venv\Lib\site-packages\uvicorn\protocols\http\httptools_impl.py", line 416, in run_asgi
    result = await app(  # type: ignore[func-returns-value]
             ^^^^^^^^^^^^^^^^^^^^^^^^^^^^^^^^^^^^^^^^^^^^^^
  File "D:\yunxia\ai_langgraph\.venv\Lib\site-packages\uvicorn\middleware\proxy_headers.py", line 60, in __call__
    return await self.app(scope, receive, send)
           ^^^^^^^^^^^^^^^^^^^^^^^^^^^^^^^^^^^^
  File "D:\yunxia\ai_langgraph\.venv\Lib\site-packages\fastapi\applications.py", line 1135, in __call__
    await super().__call__(scope, receive, send)
  File "D:\yunxia\ai_langgraph\.venv\Lib\site-packages\starlette\applications.py", line 107, in __call__
    await self.middleware_stack(scope, receive, send)
  File "D:\yunxia\ai_langgraph\.venv\Lib\site-packages\starlette\middleware\errors.py", line 186, in __call__
    raise exc
  File "D:\yunxia\ai_langgraph\.venv\Lib\site-packages\starlette\middleware\errors.py", line 164, in __call__
    await self.app(scope, receive, _send)
  File "D:\yunxia\ai_langgraph\RuoYi-Vue3-FastAPI\ruoyi-fastapi-backend\middlewares\trace_middleware\middle.py", line 42, in __call__
    await self.app(scope, handle_outgoing_receive, handle_outgoing_request)
  File "D:\yunxia\ai_langgraph\.venv\Lib\site-packages\starlette\middleware\gzip.py", line 29, in __call__
    await responder(scope, receive, send)
  File "D:\yunxia\ai_langgraph\.venv\Lib\site-packages\starlette\middleware\gzip.py", line 130, in __call__
    await super().__call__(scope, receive, send)
  File "D:\yunxia\ai_langgraph\.venv\Lib\site-packages\starlette\middleware\gzip.py", line 46, in __call__
    await self.app(scope, receive, self.send_with_compression)
  File "D:\yunxia\ai_langgraph\.venv\Lib\site-packages\starlette\middleware\cors.py", line 85, in __call__
    await self.app(scope, receive, send)
  File "D:\yunxia\ai_langgraph\.venv\Lib\site-packages\starlette\middleware\base.py", line 191, in __call__
    with recv_stream, send_stream, collapse_excgroups():
  File "C:\Users\98214\AppData\Roaming\uv\python\cpython-3.11.13-windows-x86_64-none\Lib\contextlib.py", line 158, in __exit__
    self.gen.throw(typ, value, traceback)
  File "D:\yunxia\ai_langgraph\.venv\Lib\site-packages\starlette\_utils.py", line 85, in collapse_excgroups
    raise exc
  File "D:\yunxia\ai_langgraph\.venv\Lib\site-packages\starlette\middleware\base.py", line 193, in __call__
    response = await self.dispatch_func(request, call_next)
               ^^^^^^^^^^^^^^^^^^^^^^^^^^^^^^^^^^^^^^^^^^^^
  File "D:\yunxia\ai_langgraph\RuoYi-Vue3-FastAPI\ruoyi-fastapi-backend\middlewares\context_middleware.py", line 17, in dispatch
    response = await call_next(request)
               ^^^^^^^^^^^^^^^^^^^^^^^^
  File "D:\yunxia\ai_langgraph\.venv\Lib\site-packages\starlette\middleware\base.py", line 168, in call_next
    raise app_exc from app_exc.__cause__ or app_exc.__context__
  File "D:\yunxia\ai_langgraph\.venv\Lib\site-packages\starlette\middleware\base.py", line 144, in coro
    await self.app(scope, receive_or_disconnect, send_no_error)
  File "D:\yunxia\ai_langgraph\.venv\Lib\site-packages\starlette\middleware\exceptions.py", line 63, in __call__
    await wrap_app_handling_exceptions(self.app, conn)(scope, receive, send)
  File "D:\yunxia\ai_langgraph\.venv\Lib\site-packages\starlette\_exception_handler.py", line 53, in wrapped_app
    raise exc
  File "D:\yunxia\ai_langgraph\.venv\Lib\site-packages\starlette\_exception_handler.py", line 42, in wrapped_app
    await app(scope, receive, sender)
  File "D:\yunxia\ai_langgraph\.venv\Lib\site-packages\fastapi\middleware\asyncexitstack.py", line 18, in __call__
    await self.app(scope, receive, send)
  File "D:\yunxia\ai_langgraph\.venv\Lib\site-packages\starlette\routing.py", line 716, in __call__
    await self.middleware_stack(scope, receive, send)
  File "D:\yunxia\ai_langgraph\.venv\Lib\site-packages\starlette\routing.py", line 736, in app
    await route.handle(scope, receive, send)
  File "D:\yunxia\ai_langgraph\.venv\Lib\site-packages\starlette\routing.py", line 290, in handle
    await self.app(scope, receive, send)
  File "D:\yunxia\ai_langgraph\.venv\Lib\site-packages\fastapi\routing.py", line 115, in app
    await wrap_app_handling_exceptions(app, request)(scope, receive, send)
  File "D:\yunxia\ai_langgraph\.venv\Lib\site-packages\starlette\_exception_handler.py", line 53, in wrapped_app
    raise exc
  File "D:\yunxia\ai_langgraph\.venv\Lib\site-packages\starlette\_exception_handler.py", line 42, in wrapped_app
    await app(scope, receive, sender)
  File "D:\yunxia\ai_langgraph\.venv\Lib\site-packages\fastapi\routing.py", line 101, in app
    response = await f(request)
               ^^^^^^^^^^^^^^^^
  File "D:\yunxia\ai_langgraph\.venv\Lib\site-packages\fastapi\routing.py", line 345, in app
    solved_result = await solve_dependencies(
                    ^^^^^^^^^^^^^^^^^^^^^^^^^
  File "D:\yunxia\ai_langgraph\.venv\Lib\site-packages\fastapi\dependencies\utils.py", line 643, in solve_dependencies
    solved = await call(**solved_result.values)
             ^^^^^^^^^^^^^^^^^^^^^^^^^^^^^^^^^^
  File "D:\yunxia\ai_langgraph\RuoYi-Vue3-FastAPI\ruoyi-fastapi-backend\module_admin\service\login_service.py", line 220, in get_current_user
    query_user = await UserDao.get_user_by_id(query_db, user_id=token_data.user_id)
                 ^^^^^^^^^^^^^^^^^^^^^^^^^^^^^^^^^^^^^^^^^^^^^^^^^^^^^^^^^^^^^^^^^^
  File "D:\yunxia\ai_langgraph\RuoYi-Vue3-FastAPI\ruoyi-fastapi-backend\module_admin\dao\user_dao.py", line 94, in get_user_by_id
    await db.execute(
  File "D:\yunxia\ai_langgraph\.venv\Lib\site-packages\sqlalchemy\ext\asyncio\session.py", line 449, in execute
    result = await greenlet_spawn(
             ^^^^^^^^^^^^^^^^^^^^^
  File "D:\yunxia\ai_langgraph\.venv\Lib\site-packages\sqlalchemy\util\_concurrency_py3k.py", line 201, in greenlet_spawn
    result = context.throw(*sys.exc_info())
             ^^^^^^^^^^^^^^^^^^^^^^^^^^^^^^
  File "D:\yunxia\ai_langgraph\.venv\Lib\site-packages\sqlalchemy\orm\session.py", line 2351, in execute
    return self._execute_internal(
           ^^^^^^^^^^^^^^^^^^^^^^^
  File "D:\yunxia\ai_langgraph\.venv\Lib\site-packages\sqlalchemy\orm\session.py", line 2249, in _execute_internal
    result: Result[Any] = compile_state_cls.orm_execute_statement(
                          ^^^^^^^^^^^^^^^^^^^^^^^^^^^^^^^^^^^^^^^^
  File "D:\yunxia\ai_langgraph\.venv\Lib\site-packages\sqlalchemy\orm\context.py", line 306, in orm_execute_statement
    result = conn.execute(
             ^^^^^^^^^^^^^
  File "D:\yunxia\ai_langgraph\.venv\Lib\site-packages\sqlalchemy\engine\base.py", line 1419, in execute
    return meth(
           ^^^^^
  File "D:\yunxia\ai_langgraph\.venv\Lib\site-packages\sqlalchemy\sql\elements.py", line 527, in _execute_on_connection
    return connection._execute_clauseelement(
           ^^^^^^^^^^^^^^^^^^^^^^^^^^^^^^^^^^
  File "D:\yunxia\ai_langgraph\.venv\Lib\site-packages\sqlalchemy\engine\base.py", line 1641, in _execute_clauseelement
    ret = self._execute_context(
          ^^^^^^^^^^^^^^^^^^^^^^
  File "D:\yunxia\ai_langgraph\.venv\Lib\site-packages\sqlalchemy\engine\base.py", line 1846, in _execute_context
    return self._exec_single_context(
           ^^^^^^^^^^^^^^^^^^^^^^^^^^
  File "D:\yunxia\ai_langgraph\.venv\Lib\site-packages\sqlalchemy\engine\base.py", line 1986, in _exec_single_context
    self._handle_dbapi_exception(
  File "D:\yunxia\ai_langgraph\.venv\Lib\site-packages\sqlalchemy\engine\base.py", line 2363, in _handle_dbapi_exception
    raise sqlalchemy_exception.with_traceback(exc_info[2]) from e
  File "D:\yunxia\ai_langgraph\.venv\Lib\site-packages\sqlalchemy\engine\base.py", line 1967, in _exec_single_context
    self.dialect.do_execute(
  File "D:\yunxia\ai_langgraph\.venv\Lib\site-packages\sqlalchemy\engine\default.py", line 952, in do_execute
    cursor.execute(statement, parameters)
  File "D:\yunxia\ai_langgraph\.venv\Lib\site-packages\sqlalchemy\connectors\asyncio.py", line 230, in execute
    self._adapt_connection._handle_exception(error)
  File "D:\yunxia\ai_langgraph\.venv\Lib\site-packages\sqlalchemy\dialects\mysql\asyncmy.py", line 91, in _handle_exception
    raise error
  File "D:\yunxia\ai_langgraph\.venv\Lib\site-packages\sqlalchemy\connectors\asyncio.py", line 228, in execute
    return self.await_(self._execute_async(operation, parameters))
           ^^^^^^^^^^^^^^^^^^^^^^^^^^^^^^^^^^^^^^^^^^^^^^^^^^^^^^^
  File "D:\yunxia\ai_langgraph\.venv\Lib\site-packages\sqlalchemy\util\_concurrency_py3k.py", line 132, in await_only
    return current.parent.switch(awaitable)  # type: ignore[no-any-return,attr-defined] # noqa: E501
           ^^^^^^^^^^^^^^^^^^^^^^^^^^^^^^^^
  File "D:\yunxia\ai_langgraph\.venv\Lib\site-packages\sqlalchemy\util\_concurrency_py3k.py", line 196, in greenlet_spawn
    value = await result
            ^^^^^^^^^^^^
  File "D:\yunxia\ai_langgraph\.venv\Lib\site-packages\sqlalchemy\connectors\asyncio.py", line 251, in _execute_async
    result = await self._cursor.execute(operation, parameters)
             ^^^^^^^^^^^^^^^^^^^^^^^^^^^^^^^^^^^^^^^^^^^^^^^^^
  File "asyncmy\\cursors.pyx", line 179, in execute
    result = await self._query(query)
  File "asyncmy\\cursors.pyx", line 364, in _query
    await conn.query(q)
  File "asyncmy\\connection.pyx", line 496, in query
    await self._read_query_result(unbuffered=unbuffered)
  File "asyncmy\\connection.pyx", line 684, in _read_query_result
    await result.read()
  File "asyncmy\\connection.pyx", line 1071, in read
    first_packet = await self.connection.read_packet()
  File "asyncmy\\connection.pyx", line 619, in read_packet
    packet_header = await self._read_bytes(4)
  File "asyncmy\\connection.pyx", line 660, in _read_bytes
    raise errors.OperationalError(
sqlalchemy.exc.OperationalError: (asyncmy.errors.OperationalError) (2013, 'Lost connection to MySQL server during query ([WinError 10054] 远程主机强迫关闭了一个现有的连接。)')
[SQL: SELECT DISTINCT sys_user.user_id, sys_user.dept_id, sys_user.user_name, sys_user.nick_name, sys_user.user_type, sys_user.email, sys_user.phonenumber, sys_user.sex, sys_user.avatar, sys_user.password, sys_user.status, sys_user.del_flag, sys_user.login_ip, sys_user.login_date, sys_user.pwd_update_date, sys_user.create_by, sys_user.create_time, sys_user.update_by, sys_user.update_time, sys_user.remark 
FROM sys_user 
WHERE sys_user.status = %s AND sys_user.del_flag = %s AND sys_user.user_id = %s]
[parameters: ('0', '0', 1)]
(Background on this error at: https://sqlalche.me/e/20/e3q8)
2025-12-31 19:34:36.122 | 77e810362426467992d0ff71f97e6f30 | ERROR    | exceptions.handle:exception_handler:71 - Error while reading from 47.110.95.246:6379 : (10054, '远程主机强迫关闭了一个现有的连接。', None, 10054, None)
Traceback (most recent call last):

  File "D:\yunxia\ai_langgraph\.venv\Lib\site-packages\redis\asyncio\connection.py", line 607, in read_response
    response = await self._parser.read_response(
                     │    └ <member '_parser' of 'AbstractConnection' objects>
                     └ <redis.asyncio.connection.Connection(host=47.110.95.246,port=6379,db=2)>
  File "D:\yunxia\ai_langgraph\.venv\Lib\site-packages\redis\_parsers\resp2.py", line 82, in read_response
    response = await self._read_response(disable_decoding=disable_decoding)
                     │    │                               └ False
                     │    └ <function _AsyncRESP2Parser._read_response at 0x000001727D2FE3E0>
                     └ <redis._parsers.resp2._AsyncRESP2Parser object at 0x0000017221FE87D0>
  File "D:\yunxia\ai_langgraph\.venv\Lib\site-packages\redis\_parsers\resp2.py", line 90, in _read_response
    raw = await self._readline()
                │    └ <function _AsyncRESPBase._readline at 0x000001727D2FC540>
                └ <redis._parsers.resp2._AsyncRESP2Parser object at 0x0000017221FE87D0>
  File "D:\yunxia\ai_langgraph\.venv\Lib\site-packages\redis\_parsers\base.py", line 468, in _readline
    data = await self._stream.readline()
                 │    └ <member '_stream' of '_AsyncRESPBase' objects>
                 └ <redis._parsers.resp2._AsyncRESP2Parser object at 0x0000017221FE87D0>
  File "C:\Users\98214\AppData\Roaming\uv\python\cpython-3.11.13-windows-x86_64-none\Lib\asyncio\streams.py", line 566, in readline
    line = await self.readuntil(sep)
                 │    │         └ b'\n'
                 │    └ <function StreamReader.readuntil at 0x0000017279EF9620>
                 └ <StreamReader exception=ConnectionResetError(10054, '远程主机强迫关闭了一个现有的连接。', None, 10054, None) transport=<_SelectorSocketTranspo...
  File "C:\Users\98214\AppData\Roaming\uv\python\cpython-3.11.13-windows-x86_64-none\Lib\asyncio\streams.py", line 658, in readuntil
    await self._wait_for_data('readuntil')
          │    └ <function StreamReader._wait_for_data at 0x0000017279EF94E0>
          └ <StreamReader exception=ConnectionResetError(10054, '远程主机强迫关闭了一个现有的连接。', None, 10054, None) transport=<_SelectorSocketTranspo...
  File "C:\Users\98214\AppData\Roaming\uv\python\cpython-3.11.13-windows-x86_64-none\Lib\asyncio\streams.py", line 543, in _wait_for_data
    await self._waiter
          │    └ None
          └ <StreamReader exception=ConnectionResetError(10054, '远程主机强迫关闭了一个现有的连接。', None, 10054, None) transport=<_SelectorSocketTranspo...
  File "C:\Users\98214\AppData\Roaming\uv\python\cpython-3.11.13-windows-x86_64-none\Lib\asyncio\selector_events.py", line 999, in _read_ready__data_received
    data = self._sock.recv(self.max_size)
           │    │          │    └ 262144
           │    │          └ <_SelectorSocketTransport closed fd=2332>
           │    └ None
           └ <_SelectorSocketTransport closed fd=2332>

ConnectionResetError: [WinError 10054] 远程主机强迫关闭了一个现有的连接。


The above exception was the direct cause of the following exception:


Traceback (most recent call last):

  File "<string>", line 1, in <module>
  File "C:\Users\98214\AppData\Roaming\uv\python\cpython-3.11.13-windows-x86_64-none\Lib\multiprocessing\spawn.py", line 122, in spawn_main
    exitcode = _main(fd, parent_sentinel)
               │     │   └ 328
               │     └ 3
               └ <function _main at 0x000001727803A0C0>
  File "C:\Users\98214\AppData\Roaming\uv\python\cpython-3.11.13-windows-x86_64-none\Lib\multiprocessing\spawn.py", line 135, in _main
    return self._bootstrap(parent_sentinel)
           │    │          └ 328
           │    └ <function BaseProcess._bootstrap at 0x0000017277D80D60>
           └ <SpawnProcess name='SpawnProcess-1' parent=73032 started>
  File "C:\Users\98214\AppData\Roaming\uv\python\cpython-3.11.13-windows-x86_64-none\Lib\multiprocessing\process.py", line 314, in _bootstrap
    self.run()
    │    └ <function BaseProcess.run at 0x0000017277D802C0>
    └ <SpawnProcess name='SpawnProcess-1' parent=73032 started>
  File "C:\Users\98214\AppData\Roaming\uv\python\cpython-3.11.13-windows-x86_64-none\Lib\multiprocessing\process.py", line 108, in run
    self._target(*self._args, **self._kwargs)
    │    │        │    │        │    └ {'config': <uvicorn.config.Config object at 0x0000017278014510>, 'target': <bound method Server.run of <uvicorn.server.Server...
    │    │        │    │        └ <SpawnProcess name='SpawnProcess-1' parent=73032 started>
    │    │        │    └ ()
    │    │        └ <SpawnProcess name='SpawnProcess-1' parent=73032 started>
    │    └ <function subprocess_started at 0x000001727A1D1760>
    └ <SpawnProcess name='SpawnProcess-1' parent=73032 started>
  File "D:\yunxia\ai_langgraph\.venv\Lib\site-packages\uvicorn\_subprocess.py", line 80, in subprocess_started
    target(sockets=sockets)
    │              └ [<socket.socket fd=856, family=2, type=1, proto=6, laddr=('0.0.0.0', 9199)>]
    └ <bound method Server.run of <uvicorn.server.Server object at 0x000001727A3621D0>>
  File "D:\yunxia\ai_langgraph\.venv\Lib\site-packages\uvicorn\server.py", line 67, in run
    return asyncio_run(self.serve(sockets=sockets), loop_factory=self.config.get_loop_factory())
           │           │    │             │                      │    │      └ <function Config.get_loop_factory at 0x000001727A171800>
           │           │    │             │                      │    └ <uvicorn.config.Config object at 0x0000017278014510>
           │           │    │             │                      └ <uvicorn.server.Server object at 0x000001727A3621D0>
           │           │    │             └ [<socket.socket fd=856, family=2, type=1, proto=6, laddr=('0.0.0.0', 9199)>]
           │           │    └ <function Server.serve at 0x000001727A1D0400>
           │           └ <uvicorn.server.Server object at 0x000001727A3621D0>
           └ <function asyncio_run at 0x000001727A135B20>
  File "D:\yunxia\ai_langgraph\.venv\Lib\site-packages\uvicorn\_compat.py", line 30, in asyncio_run
    return runner.run(main)
           │      │   └ <coroutine object Server.serve at 0x000001727A33C9A0>
           │      └ <function Runner.run at 0x0000017279EDE2A0>
           └ <asyncio.runners.Runner object at 0x000001727A3618D0>
  File "C:\Users\98214\AppData\Roaming\uv\python\cpython-3.11.13-windows-x86_64-none\Lib\asyncio\runners.py", line 118, in run
    return self._loop.run_until_complete(task)
           │    │     │                  └ <Task pending name='Task-1' coro=<Server.serve() running at D:\yunxia\ai_langgraph\.venv\Lib\site-packages\uvicorn\server.py:...
           │    │     └ <function BaseEventLoop.run_until_complete at 0x0000017279ECFD80>
           │    └ <_WindowsSelectorEventLoop running=True closed=False debug=False>
           └ <asyncio.runners.Runner object at 0x000001727A3618D0>
  File "C:\Users\98214\AppData\Roaming\uv\python\cpython-3.11.13-windows-x86_64-none\Lib\asyncio\base_events.py", line 641, in run_until_complete
    self.run_forever()
    │    └ <function BaseEventLoop.run_forever at 0x0000017279ECFCE0>
    └ <_WindowsSelectorEventLoop running=True closed=False debug=False>
  File "C:\Users\98214\AppData\Roaming\uv\python\cpython-3.11.13-windows-x86_64-none\Lib\asyncio\base_events.py", line 608, in run_forever
    self._run_once()
    │    └ <function BaseEventLoop._run_once at 0x0000017279EDDB20>
    └ <_WindowsSelectorEventLoop running=True closed=False debug=False>
  File "C:\Users\98214\AppData\Roaming\uv\python\cpython-3.11.13-windows-x86_64-none\Lib\asyncio\base_events.py", line 1936, in _run_once
    handle._run()
    │      └ <function Handle._run at 0x0000017279A07060>
    └ <Handle Task.task_wakeup(<Future finished result=None>)>
  File "C:\Users\98214\AppData\Roaming\uv\python\cpython-3.11.13-windows-x86_64-none\Lib\asyncio\events.py", line 84, in _run
    self._context.run(self._callback, *self._args)
    │    │            │    │           │    └ <member '_args' of 'Handle' objects>
    │    │            │    │           └ <Handle Task.task_wakeup(<Future finished result=None>)>
    │    │            │    └ <member '_callback' of 'Handle' objects>
    │    │            └ <Handle Task.task_wakeup(<Future finished result=None>)>
    │    └ <member '_context' of 'Handle' objects>
    └ <Handle Task.task_wakeup(<Future finished result=None>)>
  File "D:\yunxia\ai_langgraph\.venv\Lib\site-packages\uvicorn\protocols\http\httptools_impl.py", line 416, in run_asgi
    result = await app(  # type: ignore[func-returns-value]
                   └ <uvicorn.middleware.proxy_headers.ProxyHeadersMiddleware object at 0x0000017221D33D50>
  File "D:\yunxia\ai_langgraph\.venv\Lib\site-packages\uvicorn\middleware\proxy_headers.py", line 60, in __call__
    return await self.app(scope, receive, send)
                 │    │   │      │        └ <bound method RequestResponseCycle.send of <uvicorn.protocols.http.httptools_impl.RequestResponseCycle object at 0x0000017222...
                 │    │   │      └ <bound method RequestResponseCycle.receive of <uvicorn.protocols.http.httptools_impl.RequestResponseCycle object at 0x0000017...
                 │    │   └ {'type': 'http', 'asgi': {'version': '3.0', 'spec_version': '2.3'}, 'http_version': '1.1', 'server': ('127.0.0.1', 9199), 'cl...
                 │    └ <fastapi.applications.FastAPI object at 0x000001727A529290>
                 └ <uvicorn.middleware.proxy_headers.ProxyHeadersMiddleware object at 0x0000017221D33D50>
  File "D:\yunxia\ai_langgraph\.venv\Lib\site-packages\fastapi\applications.py", line 1135, in __call__
    await super().__call__(scope, receive, send)
                           │      │        └ <bound method RequestResponseCycle.send of <uvicorn.protocols.http.httptools_impl.RequestResponseCycle object at 0x0000017222...
                           │      └ <bound method RequestResponseCycle.receive of <uvicorn.protocols.http.httptools_impl.RequestResponseCycle object at 0x0000017...
                           └ {'type': 'http', 'asgi': {'version': '3.0', 'spec_version': '2.3'}, 'http_version': '1.1', 'server': ('127.0.0.1', 9199), 'cl...
  File "D:\yunxia\ai_langgraph\.venv\Lib\site-packages\starlette\applications.py", line 107, in __call__
    await self.middleware_stack(scope, receive, send)
          │    │                │      │        └ <bound method RequestResponseCycle.send of <uvicorn.protocols.http.httptools_impl.RequestResponseCycle object at 0x0000017222...
          │    │                │      └ <bound method RequestResponseCycle.receive of <uvicorn.protocols.http.httptools_impl.RequestResponseCycle object at 0x0000017...
          │    │                └ {'type': 'http', 'asgi': {'version': '3.0', 'spec_version': '2.3'}, 'http_version': '1.1', 'server': ('127.0.0.1', 9199), 'cl...
          │    └ <starlette.middleware.errors.ServerErrorMiddleware object at 0x0000017221EDBBD0>
          └ <fastapi.applications.FastAPI object at 0x000001727A529290>
> File "D:\yunxia\ai_langgraph\.venv\Lib\site-packages\starlette\middleware\errors.py", line 164, in __call__
    await self.app(scope, receive, _send)
          │    │   │      │        └ <function ServerErrorMiddleware.__call__.<locals>._send at 0x0000017222203100>
          │    │   │      └ <bound method RequestResponseCycle.receive of <uvicorn.protocols.http.httptools_impl.RequestResponseCycle object at 0x0000017...
          │    │   └ {'type': 'http', 'asgi': {'version': '3.0', 'spec_version': '2.3'}, 'http_version': '1.1', 'server': ('127.0.0.1', 9199), 'cl...
          │    └ <middlewares.trace_middleware.middle.TraceASGIMiddleware object at 0x0000017221EE3E50>
          └ <starlette.middleware.errors.ServerErrorMiddleware object at 0x0000017221EDBBD0>

  File "D:\yunxia\ai_langgraph\RuoYi-Vue3-FastAPI\ruoyi-fastapi-backend\middlewares\trace_middleware\middle.py", line 42, in __call__
    await self.app(scope, handle_outgoing_receive, handle_outgoing_request)
          │    │   │      │                        └ <function TraceASGIMiddleware.__call__.<locals>.handle_outgoing_request at 0x000001722226FC40>
          │    │   │      └ <function RequestResponseCycle.receive at 0x000001722226EF20>
          │    │   └ {'type': 'http', 'asgi': {'version': '3.0', 'spec_version': '2.3'}, 'http_version': '1.1', 'server': ('127.0.0.1', 9199), 'cl...
          │    └ <starlette.middleware.gzip.GZipMiddleware object at 0x0000017221CCBED0>
          └ <middlewares.trace_middleware.middle.TraceASGIMiddleware object at 0x0000017221EE3E50>

  File "D:\yunxia\ai_langgraph\.venv\Lib\site-packages\starlette\middleware\gzip.py", line 29, in __call__
    await responder(scope, receive, send)
          │         │      │        └ <function TraceASGIMiddleware.__call__.<locals>.handle_outgoing_request at 0x000001722226FC40>
          │         │      └ <function RequestResponseCycle.receive at 0x000001722226EF20>
          │         └ {'type': 'http', 'asgi': {'version': '3.0', 'spec_version': '2.3'}, 'http_version': '1.1', 'server': ('127.0.0.1', 9199), 'cl...
          └ <starlette.middleware.gzip.GZipResponder object at 0x00000172224248D0>
  File "D:\yunxia\ai_langgraph\.venv\Lib\site-packages\starlette\middleware\gzip.py", line 130, in __call__
    await super().__call__(scope, receive, send)
                           │      │        └ <function TraceASGIMiddleware.__call__.<locals>.handle_outgoing_request at 0x000001722226FC40>
                           │      └ <function RequestResponseCycle.receive at 0x000001722226EF20>
                           └ {'type': 'http', 'asgi': {'version': '3.0', 'spec_version': '2.3'}, 'http_version': '1.1', 'server': ('127.0.0.1', 9199), 'cl...
  File "D:\yunxia\ai_langgraph\.venv\Lib\site-packages\starlette\middleware\gzip.py", line 46, in __call__
    await self.app(scope, receive, self.send_with_compression)
          │    │   │      │        │    └ <function IdentityResponder.send_with_compression at 0x000001721E069260>
          │    │   │      │        └ <starlette.middleware.gzip.GZipResponder object at 0x00000172224248D0>
          │    │   │      └ <function RequestResponseCycle.receive at 0x000001722226EF20>
          │    │   └ {'type': 'http', 'asgi': {'version': '3.0', 'spec_version': '2.3'}, 'http_version': '1.1', 'server': ('127.0.0.1', 9199), 'cl...
          │    └ <starlette.middleware.cors.CORSMiddleware object at 0x0000017221EB6350>
          └ <starlette.middleware.gzip.GZipResponder object at 0x00000172224248D0>
  File "D:\yunxia\ai_langgraph\.venv\Lib\site-packages\starlette\middleware\cors.py", line 93, in __call__
    await self.simple_response(scope, receive, send, request_headers=headers)
          │    │               │      │        │                     └ Headers({'host': '127.0.0.1:9199', 'connection': 'close', 'content-length': '0', 'sec-ch-ua-platform': '"Windows"', 'authoriz...
          │    │               │      │        └ <bound method IdentityResponder.send_with_compression of <starlette.middleware.gzip.GZipResponder object at 0x00000172224248D0>>
          │    │               │      └ <function RequestResponseCycle.receive at 0x000001722226EF20>
          │    │               └ {'type': 'http', 'asgi': {'version': '3.0', 'spec_version': '2.3'}, 'http_version': '1.1', 'server': ('127.0.0.1', 9199), 'cl...
          │    └ <function CORSMiddleware.simple_response at 0x000001721E068AE0>
          └ <starlette.middleware.cors.CORSMiddleware object at 0x0000017221EB6350>
  File "D:\yunxia\ai_langgraph\.venv\Lib\site-packages\starlette\middleware\cors.py", line 144, in simple_response
    await self.app(scope, receive, send)
          │    │   │      │        └ functools.partial(<bound method CORSMiddleware.send of <starlette.middleware.cors.CORSMiddleware object at 0x0000017221EB6350...
          │    │   │      └ <function RequestResponseCycle.receive at 0x000001722226EF20>
          │    │   └ {'type': 'http', 'asgi': {'version': '3.0', 'spec_version': '2.3'}, 'http_version': '1.1', 'server': ('127.0.0.1', 9199), 'cl...
          │    └ <middlewares.context_middleware.ContextCleanupMiddleware object at 0x0000017221E2E110>
          └ <starlette.middleware.cors.CORSMiddleware object at 0x0000017221EB6350>
  File "D:\yunxia\ai_langgraph\.venv\Lib\site-packages\starlette\middleware\base.py", line 191, in __call__
    with recv_stream, send_stream, collapse_excgroups():
         │            │            └ <function collapse_excgroups at 0x000001727B3B1A80>
         │            └ MemoryObjectSendStream(_state=_MemoryObjectStreamState(max_buffer_size=0, buffer=deque([]), open_send_channels=0, open_receiv...
         └ MemoryObjectReceiveStream(_state=_MemoryObjectStreamState(max_buffer_size=0, buffer=deque([]), open_send_channels=0, open_rec...
  File "C:\Users\98214\AppData\Roaming\uv\python\cpython-3.11.13-windows-x86_64-none\Lib\contextlib.py", line 158, in __exit__
    self.gen.throw(typ, value, traceback)
    │    │   │     │    │      └ <traceback object at 0x000001722241DCC0>
    │    │   │     │    └ ExceptionGroup('unhandled errors in a TaskGroup', [ConnectionError("Error while reading from 47.110.95.246:6379 : (10054, '远程...
    │    │   │     └ <class 'ExceptionGroup'>
    │    │   └ <method 'throw' of 'generator' objects>
    │    └ <generator object collapse_excgroups at 0x00000172223A02E0>
    └ <contextlib._GeneratorContextManager object at 0x0000017222427590>
  File "D:\yunxia\ai_langgraph\.venv\Lib\site-packages\starlette\_utils.py", line 85, in collapse_excgroups
    raise exc
  File "D:\yunxia\ai_langgraph\.venv\Lib\site-packages\starlette\middleware\base.py", line 193, in __call__
    response = await self.dispatch_func(request, call_next)
                     │    │             │        └ <function BaseHTTPMiddleware.__call__.<locals>.call_next at 0x000001722226DC60>
                     │    │             └ <starlette.middleware.base._CachedRequest object at 0x0000017222427310>
                     │    └ <bound method ContextCleanupMiddleware.dispatch of <middlewares.context_middleware.ContextCleanupMiddleware object at 0x00000...
                     └ <middlewares.context_middleware.ContextCleanupMiddleware object at 0x0000017221E2E110>

  File "D:\yunxia\ai_langgraph\RuoYi-Vue3-FastAPI\ruoyi-fastapi-backend\middlewares\context_middleware.py", line 17, in dispatch
    response = await call_next(request)
                     │         └ <starlette.middleware.base._CachedRequest object at 0x0000017222427310>
                     └ <function BaseHTTPMiddleware.__call__.<locals>.call_next at 0x000001722226DC60>

  File "D:\yunxia\ai_langgraph\.venv\Lib\site-packages\starlette\middleware\base.py", line 168, in call_next
    raise app_exc from app_exc.__cause__ or app_exc.__context__
          │            │       │            │       └ <attribute '__context__' of 'BaseException' objects>
          │            │       │            └ ConnectionError("Error while reading from 47.110.95.246:6379 : (10054, '远程主机强迫关闭了一个现有的连接。', None, 10054, None)")
          │            │       └ <attribute '__cause__' of 'BaseException' objects>
          │            └ ConnectionError("Error while reading from 47.110.95.246:6379 : (10054, '远程主机强迫关闭了一个现有的连接。', None, 10054, None)")
          └ ConnectionError("Error while reading from 47.110.95.246:6379 : (10054, '远程主机强迫关闭了一个现有的连接。', None, 10054, None)")
  File "D:\yunxia\ai_langgraph\.venv\Lib\site-packages\starlette\middleware\base.py", line 144, in coro
    await self.app(scope, receive_or_disconnect, send_no_error)
          │    │   │      │                      └ <function BaseHTTPMiddleware.__call__.<locals>.call_next.<locals>.send_no_error at 0x000001722226F060>
          │    │   │      └ <function BaseHTTPMiddleware.__call__.<locals>.call_next.<locals>.receive_or_disconnect at 0x000001722226F600>
          │    │   └ {'type': 'http', 'asgi': {'version': '3.0', 'spec_version': '2.3'}, 'http_version': '1.1', 'server': ('127.0.0.1', 9199), 'cl...
          │    └ <starlette.middleware.exceptions.ExceptionMiddleware object at 0x0000017221E7BBD0>
          └ <middlewares.context_middleware.ContextCleanupMiddleware object at 0x0000017221E2E110>
  File "D:\yunxia\ai_langgraph\.venv\Lib\site-packages\starlette\middleware\exceptions.py", line 63, in __call__
    await wrap_app_handling_exceptions(self.app, conn)(scope, receive, send)
          │                            │    │    │     │      │        └ <function BaseHTTPMiddleware.__call__.<locals>.call_next.<locals>.send_no_error at 0x000001722226F060>
          │                            │    │    │     │      └ <function BaseHTTPMiddleware.__call__.<locals>.call_next.<locals>.receive_or_disconnect at 0x000001722226F600>
          │                            │    │    │     └ {'type': 'http', 'asgi': {'version': '3.0', 'spec_version': '2.3'}, 'http_version': '1.1', 'server': ('127.0.0.1', 9199), 'cl...
          │                            │    │    └ <starlette.requests.Request object at 0x0000017222427150>
          │                            │    └ <fastapi.middleware.asyncexitstack.AsyncExitStackMiddleware object at 0x000001722212F510>
          │                            └ <starlette.middleware.exceptions.ExceptionMiddleware object at 0x0000017221E7BBD0>
          └ <function wrap_app_handling_exceptions at 0x000001727B43D8A0>
  File "D:\yunxia\ai_langgraph\.venv\Lib\site-packages\starlette\_exception_handler.py", line 53, in wrapped_app
    raise exc
  File "D:\yunxia\ai_langgraph\.venv\Lib\site-packages\starlette\_exception_handler.py", line 42, in wrapped_app
    await app(scope, receive, sender)
          │   │      │        └ <function wrap_app_handling_exceptions.<locals>.wrapped_app.<locals>.sender at 0x000001722226F420>
          │   │      └ <function BaseHTTPMiddleware.__call__.<locals>.call_next.<locals>.receive_or_disconnect at 0x000001722226F600>
          │   └ {'type': 'http', 'asgi': {'version': '3.0', 'spec_version': '2.3'}, 'http_version': '1.1', 'server': ('127.0.0.1', 9199), 'cl...
          └ <fastapi.middleware.asyncexitstack.AsyncExitStackMiddleware object at 0x000001722212F510>
  File "D:\yunxia\ai_langgraph\.venv\Lib\site-packages\fastapi\middleware\asyncexitstack.py", line 18, in __call__
    await self.app(scope, receive, send)
          │    │   │      │        └ <function wrap_app_handling_exceptions.<locals>.wrapped_app.<locals>.sender at 0x000001722226F420>
          │    │   │      └ <function BaseHTTPMiddleware.__call__.<locals>.call_next.<locals>.receive_or_disconnect at 0x000001722226F600>
          │    │   └ {'type': 'http', 'asgi': {'version': '3.0', 'spec_version': '2.3'}, 'http_version': '1.1', 'server': ('127.0.0.1', 9199), 'cl...
          │    └ <fastapi.routing.APIRouter object at 0x000001727B1A3650>
          └ <fastapi.middleware.asyncexitstack.AsyncExitStackMiddleware object at 0x000001722212F510>
  File "D:\yunxia\ai_langgraph\.venv\Lib\site-packages\starlette\routing.py", line 716, in __call__
    await self.middleware_stack(scope, receive, send)
          │    │                │      │        └ <function wrap_app_handling_exceptions.<locals>.wrapped_app.<locals>.sender at 0x000001722226F420>
          │    │                │      └ <function BaseHTTPMiddleware.__call__.<locals>.call_next.<locals>.receive_or_disconnect at 0x000001722226F600>
          │    │                └ {'type': 'http', 'asgi': {'version': '3.0', 'spec_version': '2.3'}, 'http_version': '1.1', 'server': ('127.0.0.1', 9199), 'cl...
          │    └ <bound method Router.app of <fastapi.routing.APIRouter object at 0x000001727B1A3650>>
          └ <fastapi.routing.APIRouter object at 0x000001727B1A3650>
  File "D:\yunxia\ai_langgraph\.venv\Lib\site-packages\starlette\routing.py", line 736, in app
    await route.handle(scope, receive, send)
          │     │      │      │        └ <function wrap_app_handling_exceptions.<locals>.wrapped_app.<locals>.sender at 0x000001722226F420>
          │     │      │      └ <function BaseHTTPMiddleware.__call__.<locals>.call_next.<locals>.receive_or_disconnect at 0x000001722226F600>
          │     │      └ {'type': 'http', 'asgi': {'version': '3.0', 'spec_version': '2.3'}, 'http_version': '1.1', 'server': ('127.0.0.1', 9199), 'cl...
          │     └ <function Route.handle at 0x000001727B43EF20>
          └ APIRoute(path='/logout', name='logout', methods=['POST'])
  File "D:\yunxia\ai_langgraph\.venv\Lib\site-packages\starlette\routing.py", line 290, in handle
    await self.app(scope, receive, send)
          │    │   │      │        └ <function wrap_app_handling_exceptions.<locals>.wrapped_app.<locals>.sender at 0x000001722226F420>
          │    │   │      └ <function BaseHTTPMiddleware.__call__.<locals>.call_next.<locals>.receive_or_disconnect at 0x000001722226F600>
          │    │   └ {'type': 'http', 'asgi': {'version': '3.0', 'spec_version': '2.3'}, 'http_version': '1.1', 'server': ('127.0.0.1', 9199), 'cl...
          │    └ <function request_response.<locals>.app at 0x0000017221FA93A0>
          └ APIRoute(path='/logout', name='logout', methods=['POST'])
  File "D:\yunxia\ai_langgraph\.venv\Lib\site-packages\fastapi\routing.py", line 115, in app
    await wrap_app_handling_exceptions(app, request)(scope, receive, send)
          │                            │    │        │      │        └ <function wrap_app_handling_exceptions.<locals>.wrapped_app.<locals>.sender at 0x000001722226F420>
          │                            │    │        │      └ <function BaseHTTPMiddleware.__call__.<locals>.call_next.<locals>.receive_or_disconnect at 0x000001722226F600>
          │                            │    │        └ {'type': 'http', 'asgi': {'version': '3.0', 'spec_version': '2.3'}, 'http_version': '1.1', 'server': ('127.0.0.1', 9199), 'cl...
          │                            │    └ <starlette.requests.Request object at 0x0000017222424650>
          │                            └ <function request_response.<locals>.app.<locals>.app at 0x000001722226F380>
          └ <function wrap_app_handling_exceptions at 0x000001727B43D8A0>
  File "D:\yunxia\ai_langgraph\.venv\Lib\site-packages\starlette\_exception_handler.py", line 53, in wrapped_app
    raise exc
  File "D:\yunxia\ai_langgraph\.venv\Lib\site-packages\starlette\_exception_handler.py", line 42, in wrapped_app
    await app(scope, receive, sender)
          │   │      │        └ <function wrap_app_handling_exceptions.<locals>.wrapped_app.<locals>.sender at 0x000001722226D580>
          │   │      └ <function BaseHTTPMiddleware.__call__.<locals>.call_next.<locals>.receive_or_disconnect at 0x000001722226F600>
          │   └ {'type': 'http', 'asgi': {'version': '3.0', 'spec_version': '2.3'}, 'http_version': '1.1', 'server': ('127.0.0.1', 9199), 'cl...
          └ <function request_response.<locals>.app.<locals>.app at 0x000001722226F380>
  File "D:\yunxia\ai_langgraph\.venv\Lib\site-packages\fastapi\routing.py", line 101, in app
    response = await f(request)
                     │ └ <starlette.requests.Request object at 0x0000017222424650>
                     └ <function get_request_handler.<locals>.app at 0x0000017221FA9300>
  File "D:\yunxia\ai_langgraph\.venv\Lib\site-packages\fastapi\routing.py", line 355, in app
    raw_response = await run_endpoint_function(
                         └ <function run_endpoint_function at 0x000001727B460EA0>
  File "D:\yunxia\ai_langgraph\.venv\Lib\site-packages\fastapi\routing.py", line 243, in run_endpoint_function
    return await dependant.call(**values)
                 │         │      └ {'token': 'eyJhbGciOiJIUzI1NiIsInR5cCI6IkpXVCJ9.eyJ1c2VyX2lkIjoiMSIsInVzZXJfbmFtZSI6ImFkbWluIiwiZGVwdF9uYW1lIjoiXHU3ODE0XHU1M...
                 │         └ <function logout at 0x000001721EC59A80>
                 └ Dependant(path_params=[], query_params=[], header_params=[], cookie_params=[], body_params=[], dependencies=[Dependant(path_p...

  File "D:\yunxia\ai_langgraph\RuoYi-Vue3-FastAPI\ruoyi-fastapi-backend\module_admin\controller\login_controller.py", line 179, in logout
    await LoginService.logout_services(request, token_id)
          │            │               │        └ '357b6f28-48c5-4b7a-8cd9-34766b5ff7ee'
          │            │               └ <starlette.requests.Request object at 0x0000017222424650>
          │            └ <classmethod(<function LoginService.logout_services at 0x000001721E2DDEE0>)>
          └ <class 'module_admin.service.login_service.LoginService'>

  File "D:\yunxia\ai_langgraph\RuoYi-Vue3-FastAPI\ruoyi-fastapi-backend\module_admin\service\login_service.py", line 526, in logout_services
    await request.app.state.redis.delete(f'{RedisInitKeyConfig.ACCESS_TOKEN.key}:{token_id}')
          │       └ <property object at 0x000001727B3AD030>
          └ <starlette.requests.Request object at 0x0000017222424650>

  File "D:\yunxia\ai_langgraph\.venv\Lib\site-packages\redis\asyncio\client.py", line 725, in execute_command
    return await conn.retry.call_with_retry(
                 │    │     └ <function Retry.call_with_retry at 0x000001727D386FC0>
                 │    └ <redis.asyncio.retry.Retry object at 0x000001727A36F110>
                 └ <redis.asyncio.connection.Connection(host=47.110.95.246,port=6379,db=2)>
  File "D:\yunxia\ai_langgraph\.venv\Lib\site-packages\redis\asyncio\retry.py", line 55, in call_with_retry
    raise error
  File "D:\yunxia\ai_langgraph\.venv\Lib\site-packages\redis\asyncio\retry.py", line 50, in call_with_retry
    return await do()
                 └ <function Redis.execute_command.<locals>.<lambda> at 0x000001722226F920>
  File "D:\yunxia\ai_langgraph\.venv\Lib\site-packages\redis\asyncio\client.py", line 700, in _send_command_parse_response
    return await self.parse_response(conn, command_name, **options)
                 │    │              │     │               └ {}
                 │    │              │     └ 'DEL'
                 │    │              └ <redis.asyncio.connection.Connection(host=47.110.95.246,port=6379,db=2)>
                 │    └ <function Redis.parse_response at 0x000001727D4C09A0>
                 └ <redis.asyncio.client.Redis(<redis.asyncio.connection.ConnectionPool(<redis.asyncio.connection.Connection(port=6379,username=...
  File "D:\yunxia\ai_langgraph\.venv\Lib\site-packages\redis\asyncio\client.py", line 746, in parse_response
    response = await connection.read_response()
                     │          └ <function AbstractConnection.read_response at 0x000001727D3E8E00>
                     └ <redis.asyncio.connection.Connection(host=47.110.95.246,port=6379,db=2)>
  File "D:\yunxia\ai_langgraph\.venv\Lib\site-packages\redis\asyncio\connection.py", line 621, in read_response
    raise ConnectionError(f"Error while reading from {host_error} : {e.args}")
          └ <class 'redis.exceptions.ConnectionError'>

redis.exceptions.ConnectionError: Error while reading from 47.110.95.246:6379 : (10054, '远程主机强迫关闭了一个现有的连接。', None, 10054, None)
ERROR:    Exception in ASGI application
Traceback (most recent call last):
  File "D:\yunxia\ai_langgraph\.venv\Lib\site-packages\redis\asyncio\connection.py", line 607, in read_response
    response = await self._parser.read_response(
               ^^^^^^^^^^^^^^^^^^^^^^^^^^^^^^^^^
  File "D:\yunxia\ai_langgraph\.venv\Lib\site-packages\redis\_parsers\resp2.py", line 82, in read_response
    response = await self._read_response(disable_decoding=disable_decoding)
               ^^^^^^^^^^^^^^^^^^^^^^^^^^^^^^^^^^^^^^^^^^^^^^^^^^^^^^^^^^^^
  File "D:\yunxia\ai_langgraph\.venv\Lib\site-packages\redis\_parsers\resp2.py", line 90, in _read_response
    raw = await self._readline()
          ^^^^^^^^^^^^^^^^^^^^^^
  File "D:\yunxia\ai_langgraph\.venv\Lib\site-packages\redis\_parsers\base.py", line 468, in _readline
    data = await self._stream.readline()
           ^^^^^^^^^^^^^^^^^^^^^^^^^^^^^
  File "C:\Users\98214\AppData\Roaming\uv\python\cpython-3.11.13-windows-x86_64-none\Lib\asyncio\streams.py", line 566, in readline
    line = await self.readuntil(sep)
           ^^^^^^^^^^^^^^^^^^^^^^^^^
  File "C:\Users\98214\AppData\Roaming\uv\python\cpython-3.11.13-windows-x86_64-none\Lib\asyncio\streams.py", line 658, in readuntil
    await self._wait_for_data('readuntil')
  File "C:\Users\98214\AppData\Roaming\uv\python\cpython-3.11.13-windows-x86_64-none\Lib\asyncio\streams.py", line 543, in _wait_for_data
    await self._waiter
  File "C:\Users\98214\AppData\Roaming\uv\python\cpython-3.11.13-windows-x86_64-none\Lib\asyncio\selector_events.py", line 999, in _read_ready__data_received
    data = self._sock.recv(self.max_size)
           ^^^^^^^^^^^^^^^^^^^^^^^^^^^^^^
ConnectionResetError: [WinError 10054] 远程主机强迫关闭了一个现有的连接。

The above exception was the direct cause of the following exception:

Traceback (most recent call last):
  File "D:\yunxia\ai_langgraph\.venv\Lib\site-packages\uvicorn\protocols\http\httptools_impl.py", line 416, in run_asgi
    result = await app(  # type: ignore[func-returns-value]
             ^^^^^^^^^^^^^^^^^^^^^^^^^^^^^^^^^^^^^^^^^^^^^^
  File "D:\yunxia\ai_langgraph\.venv\Lib\site-packages\uvicorn\middleware\proxy_headers.py", line 60, in __call__
    return await self.app(scope, receive, send)
           ^^^^^^^^^^^^^^^^^^^^^^^^^^^^^^^^^^^^
  File "D:\yunxia\ai_langgraph\.venv\Lib\site-packages\fastapi\applications.py", line 1135, in __call__
    await super().__call__(scope, receive, send)
  File "D:\yunxia\ai_langgraph\.venv\Lib\site-packages\starlette\applications.py", line 107, in __call__
    await self.middleware_stack(scope, receive, send)
  File "D:\yunxia\ai_langgraph\.venv\Lib\site-packages\starlette\middleware\errors.py", line 186, in __call__
    raise exc
  File "D:\yunxia\ai_langgraph\.venv\Lib\site-packages\starlette\middleware\errors.py", line 164, in __call__
    await self.app(scope, receive, _send)
  File "D:\yunxia\ai_langgraph\RuoYi-Vue3-FastAPI\ruoyi-fastapi-backend\middlewares\trace_middleware\middle.py", line 42, in __call__
    await self.app(scope, handle_outgoing_receive, handle_outgoing_request)
  File "D:\yunxia\ai_langgraph\.venv\Lib\site-packages\starlette\middleware\gzip.py", line 29, in __call__
    await responder(scope, receive, send)
  File "D:\yunxia\ai_langgraph\.venv\Lib\site-packages\starlette\middleware\gzip.py", line 130, in __call__
    await super().__call__(scope, receive, send)
  File "D:\yunxia\ai_langgraph\.venv\Lib\site-packages\starlette\middleware\gzip.py", line 46, in __call__
    await self.app(scope, receive, self.send_with_compression)
  File "D:\yunxia\ai_langgraph\.venv\Lib\site-packages\starlette\middleware\cors.py", line 93, in __call__
    await self.simple_response(scope, receive, send, request_headers=headers)
  File "D:\yunxia\ai_langgraph\.venv\Lib\site-packages\starlette\middleware\cors.py", line 144, in simple_response
    await self.app(scope, receive, send)
  File "D:\yunxia\ai_langgraph\.venv\Lib\site-packages\starlette\middleware\base.py", line 191, in __call__
    with recv_stream, send_stream, collapse_excgroups():
  File "C:\Users\98214\AppData\Roaming\uv\python\cpython-3.11.13-windows-x86_64-none\Lib\contextlib.py", line 158, in __exit__
    self.gen.throw(typ, value, traceback)
  File "D:\yunxia\ai_langgraph\.venv\Lib\site-packages\starlette\_utils.py", line 85, in collapse_excgroups
    raise exc
  File "D:\yunxia\ai_langgraph\.venv\Lib\site-packages\starlette\middleware\base.py", line 193, in __call__
    response = await self.dispatch_func(request, call_next)
               ^^^^^^^^^^^^^^^^^^^^^^^^^^^^^^^^^^^^^^^^^^^^
  File "D:\yunxia\ai_langgraph\RuoYi-Vue3-FastAPI\ruoyi-fastapi-backend\middlewares\context_middleware.py", line 17, in dispatch
    response = await call_next(request)
               ^^^^^^^^^^^^^^^^^^^^^^^^
  File "D:\yunxia\ai_langgraph\.venv\Lib\site-packages\starlette\middleware\base.py", line 168, in call_next
    raise app_exc from app_exc.__cause__ or app_exc.__context__
  File "D:\yunxia\ai_langgraph\.venv\Lib\site-packages\starlette\middleware\base.py", line 144, in coro
    await self.app(scope, receive_or_disconnect, send_no_error)
  File "D:\yunxia\ai_langgraph\.venv\Lib\site-packages\starlette\middleware\exceptions.py", line 63, in __call__
    await wrap_app_handling_exceptions(self.app, conn)(scope, receive, send)
  File "D:\yunxia\ai_langgraph\.venv\Lib\site-packages\starlette\_exception_handler.py", line 53, in wrapped_app
    raise exc
  File "D:\yunxia\ai_langgraph\.venv\Lib\site-packages\starlette\_exception_handler.py", line 42, in wrapped_app
    await app(scope, receive, sender)
  File "D:\yunxia\ai_langgraph\.venv\Lib\site-packages\fastapi\middleware\asyncexitstack.py", line 18, in __call__
    await self.app(scope, receive, send)
  File "D:\yunxia\ai_langgraph\.venv\Lib\site-packages\starlette\routing.py", line 716, in __call__
    await self.middleware_stack(scope, receive, send)
  File "D:\yunxia\ai_langgraph\.venv\Lib\site-packages\starlette\routing.py", line 736, in app
    await route.handle(scope, receive, send)
  File "D:\yunxia\ai_langgraph\.venv\Lib\site-packages\starlette\routing.py", line 290, in handle
    await self.app(scope, receive, send)
  File "D:\yunxia\ai_langgraph\.venv\Lib\site-packages\fastapi\routing.py", line 115, in app
    await wrap_app_handling_exceptions(app, request)(scope, receive, send)
  File "D:\yunxia\ai_langgraph\.venv\Lib\site-packages\starlette\_exception_handler.py", line 53, in wrapped_app
    raise exc
  File "D:\yunxia\ai_langgraph\.venv\Lib\site-packages\starlette\_exception_handler.py", line 42, in wrapped_app
    await app(scope, receive, sender)
  File "D:\yunxia\ai_langgraph\.venv\Lib\site-packages\fastapi\routing.py", line 101, in app
    response = await f(request)
               ^^^^^^^^^^^^^^^^
  File "D:\yunxia\ai_langgraph\.venv\Lib\site-packages\fastapi\routing.py", line 355, in app
    raw_response = await run_endpoint_function(
                   ^^^^^^^^^^^^^^^^^^^^^^^^^^^^
  File "D:\yunxia\ai_langgraph\.venv\Lib\site-packages\fastapi\routing.py", line 243, in run_endpoint_function
    return await dependant.call(**values)
           ^^^^^^^^^^^^^^^^^^^^^^^^^^^^^^
  File "D:\yunxia\ai_langgraph\RuoYi-Vue3-FastAPI\ruoyi-fastapi-backend\module_admin\controller\login_controller.py", line 179, in logout
    await LoginService.logout_services(request, token_id)
  File "D:\yunxia\ai_langgraph\RuoYi-Vue3-FastAPI\ruoyi-fastapi-backend\module_admin\service\login_service.py", line 526, in logout_services
    await request.app.state.redis.delete(f'{RedisInitKeyConfig.ACCESS_TOKEN.key}:{token_id}')
  File "D:\yunxia\ai_langgraph\.venv\Lib\site-packages\redis\asyncio\client.py", line 725, in execute_command
    return await conn.retry.call_with_retry(
           ^^^^^^^^^^^^^^^^^^^^^^^^^^^^^^^^^
  File "D:\yunxia\ai_langgraph\.venv\Lib\site-packages\redis\asyncio\retry.py", line 55, in call_with_retry
    raise error
  File "D:\yunxia\ai_langgraph\.venv\Lib\site-packages\redis\asyncio\retry.py", line 50, in call_with_retry
    return await do()
           ^^^^^^^^^^
  File "D:\yunxia\ai_langgraph\.venv\Lib\site-packages\redis\asyncio\client.py", line 700, in _send_command_parse_response
    return await self.parse_response(conn, command_name, **options)
           ^^^^^^^^^^^^^^^^^^^^^^^^^^^^^^^^^^^^^^^^^^^^^^^^^^^^^^^^
  File "D:\yunxia\ai_langgraph\.venv\Lib\site-packages\redis\asyncio\client.py", line 746, in parse_response
    response = await connection.read_response()
               ^^^^^^^^^^^^^^^^^^^^^^^^^^^^^^^^
  File "D:\yunxia\ai_langgraph\.venv\Lib\site-packages\redis\asyncio\connection.py", line 621, in read_response
    raise ConnectionError(f"Error while reading from {host_error} : {e.args}")
redis.exceptions.ConnectionError: Error while reading from 47.110.95.246:6379 : (10054, '远程主机强迫关闭了一个现有的连接。', None, 10054, None)
2025-12-31 19:41:48.065 | 131b36e1ca3d442e89dc83a5905e43a7 | WARNING  | module_admin.service.login_service:get_current_user:276 - 用户token已失效，请重新登录
2025-12-31 19:41:48.210 | 7102f9dfeef54c6ca7967fc8e3ec88ff | INFO     | module_admin.controller.login_controller:logout:180 - 退出成功
2025-12-31 19:41:48.655 | a8454cd6529847a39459fa16be60622b | INFO     | module_admin.controller.captcha_controller:get_captcha_image:37 - 编号为09a58c08-e0c9-4d16-85f7-57a8539fc23e的会话获取图片验证码成功
2025-12-31 19:41:56.372 | 9192ca4845c2441e9279e9e63800c9b0 | INFO     | module_admin.controller.login_controller:login:78 - 登录成功
2025-12-31 19:41:56.933 | b25bcea451a34a9d8437ee54e86d9a37 | INFO     | module_admin.controller.login_controller:get_login_user_info:96 - 获取成功
2025-12-31 19:41:57.603 | 8caedd31a0e142368e8ab15763ecdee7 | INFO     | module_admin.controller.login_controller:get_login_user_routers:112 - 获取成功
2025-12-31 20:00:34.961 | c11a98b619094103a46576fcda246113 | ERROR    | exceptions.handle:exception_handler:71 - (asyncmy.errors.OperationalError) (2013, 'Lost connection to MySQL server during query ([WinError 10054] 远程主机强迫关闭了一个现有的连接。)')
[SQL: SELECT DISTINCT sys_user.user_id, sys_user.dept_id, sys_user.user_name, sys_user.nick_name, sys_user.user_type, sys_user.email, sys_user.phonenumber, sys_user.sex, sys_user.avatar, sys_user.password, sys_user.status, sys_user.del_flag, sys_user.login_ip, sys_user.login_date, sys_user.pwd_update_date, sys_user.create_by, sys_user.create_time, sys_user.update_by, sys_user.update_time, sys_user.remark 
FROM sys_user 
WHERE sys_user.status = %s AND sys_user.del_flag = %s AND sys_user.user_id = %s]
[parameters: ('0', '0', 1)]
(Background on this error at: https://sqlalche.me/e/20/e3q8)
Traceback (most recent call last):

  File "D:\yunxia\ai_langgraph\.venv\Lib\site-packages\sqlalchemy\connectors\asyncio.py", line 402, in terminate
    self.await_(asyncio.shield(self._terminate_graceful_close()))  # type: ignore[attr-defined] # noqa: E501
    │    │      │       │      │    └ <function AsyncAdapt_asyncmy_connection._terminate_graceful_close at 0x000001727D04BF60>
    │    │      │       │      └ <AdaptedConnection <asyncmy.connection.Connection object at 0x0000017223BB0650>>
    │    │      │       └ <function shield at 0x0000017279AAF100>
    │    │      └ <module 'asyncio' from 'C:\\Users\\98214\\AppData\\Roaming\\uv\\python\\cpython-3.11.13-windows-x86_64-none\\Lib\\asyncio\\__...
    │    └ <staticmethod(<function await_only at 0x000001727B574F40>)>
    └ <AdaptedConnection <asyncmy.connection.Connection object at 0x0000017223BB0650>>
  File "D:\yunxia\ai_langgraph\.venv\Lib\site-packages\sqlalchemy\util\_concurrency_py3k.py", line 132, in await_only
    return current.parent.switch(awaitable)  # type: ignore[no-any-return,attr-defined] # noqa: E501
           │       │             └ <Future finished exception=ConnectionResetError(10054, '远程主机强迫关闭了一个现有的连接。', None, 10054, None)>
           │       └ <attribute 'parent' of 'greenlet.greenlet' objects>
           └ <_AsyncIoGreenlet object at 0x0000017223DF94C0 (otid=0x000001727B568D20) dead>
  File "D:\yunxia\ai_langgraph\.venv\Lib\site-packages\sqlalchemy\util\_concurrency_py3k.py", line 196, in greenlet_spawn
    value = await result
                  └ <Future finished exception=ConnectionResetError(10054, '远程主机强迫关闭了一个现有的连接。', None, 10054, None)>
  File "D:\yunxia\ai_langgraph\.venv\Lib\site-packages\sqlalchemy\dialects\mysql\asyncmy.py", line 117, in _terminate_graceful_close
    await self._connection.ensure_closed()
          │    └ <member '_connection' of 'AdaptedConnection' objects>
          └ <AdaptedConnection <asyncmy.connection.Connection object at 0x0000017223BB0650>>
  File "asyncmy\\connection.pyx", line 361, in ensure_closed
    await self._writer.drain()
  File "C:\Users\98214\AppData\Roaming\uv\python\cpython-3.11.13-windows-x86_64-none\Lib\asyncio\streams.py", line 380, in drain
    raise exc
          └ ConnectionResetError(10054, '远程主机强迫关闭了一个现有的连接。', None, 10054, None)
  File "asyncmy\\connection.pyx", line 658, in asyncmy.connection.Connection._read_bytes
    data = await self._reader.readexactly(num_bytes)
  File "C:\Users\98214\AppData\Roaming\uv\python\cpython-3.11.13-windows-x86_64-none\Lib\asyncio\streams.py", line 750, in readexactly
    await self._wait_for_data('readexactly')
          │    └ <function StreamReader._wait_for_data at 0x0000017279EF94E0>
          └ <StreamReader exception=ConnectionResetError(10054, '远程主机强迫关闭了一个现有的连接。', None, 10054, None) transport=<_SelectorSocketTranspo...
  File "C:\Users\98214\AppData\Roaming\uv\python\cpython-3.11.13-windows-x86_64-none\Lib\asyncio\streams.py", line 543, in _wait_for_data
    await self._waiter
          │    └ None
          └ <StreamReader exception=ConnectionResetError(10054, '远程主机强迫关闭了一个现有的连接。', None, 10054, None) transport=<_SelectorSocketTranspo...
  File "C:\Users\98214\AppData\Roaming\uv\python\cpython-3.11.13-windows-x86_64-none\Lib\asyncio\selector_events.py", line 999, in _read_ready__data_received
    data = self._sock.recv(self.max_size)
           │    │          │    └ 262144
           │    │          └ <_SelectorSocketTransport closed fd=2624>
           │    └ None
           └ <_SelectorSocketTransport closed fd=2624>

ConnectionResetError: [WinError 10054] 远程主机强迫关闭了一个现有的连接。


During handling of the above exception, another exception occurred:


Traceback (most recent call last):

  File "D:\yunxia\ai_langgraph\.venv\Lib\site-packages\sqlalchemy\engine\base.py", line 1967, in _exec_single_context
    self.dialect.do_execute(
    │    │       └ <function DefaultDialect.do_execute at 0x000001727CBA4400>
    │    └ <sqlalchemy.dialects.mysql.asyncmy.MySQLDialect_asyncmy object at 0x000001727CFBB390>
    └ <sqlalchemy.engine.base.Connection object at 0x0000017223DF8C50>
  File "D:\yunxia\ai_langgraph\.venv\Lib\site-packages\sqlalchemy\engine\default.py", line 952, in do_execute
    cursor.execute(statement, parameters)
    │      │       │          └ ('0', '0', 1)
    │      │       └ 'SELECT DISTINCT sys_user.user_id, sys_user.dept_id, sys_user.user_name, sys_user.nick_name, sys_user.user_type, sys_user.ema...
    │      └ <function AsyncAdapt_dbapi_cursor.execute at 0x000001727D049760>
    └ <sqlalchemy.dialects.mysql.asyncmy.AsyncAdapt_asyncmy_cursor object at 0x0000017223DD4130>
  File "D:\yunxia\ai_langgraph\.venv\Lib\site-packages\sqlalchemy\connectors\asyncio.py", line 230, in execute
    self._adapt_connection._handle_exception(error)
    │    └ <member '_adapt_connection' of 'AsyncAdapt_dbapi_cursor' objects>
    └ <sqlalchemy.dialects.mysql.asyncmy.AsyncAdapt_asyncmy_cursor object at 0x0000017223DD4130>
  File "D:\yunxia\ai_langgraph\.venv\Lib\site-packages\sqlalchemy\dialects\mysql\asyncmy.py", line 91, in _handle_exception
    raise error
          └ OperationalError(2013, 'Lost connection to MySQL server during query ([WinError 10054] 远程主机强迫关闭了一个现有的连接。)')
  File "D:\yunxia\ai_langgraph\.venv\Lib\site-packages\sqlalchemy\connectors\asyncio.py", line 228, in execute
    return self.await_(self._execute_async(operation, parameters))
           │    │      │    │              │          └ ('0', '0', 1)
           │    │      │    │              └ 'SELECT DISTINCT sys_user.user_id, sys_user.dept_id, sys_user.user_name, sys_user.nick_name, sys_user.user_type, sys_user.ema...
           │    │      │    └ <function AsyncAdapt_dbapi_cursor._execute_async at 0x000001727D0498A0>
           │    │      └ <sqlalchemy.dialects.mysql.asyncmy.AsyncAdapt_asyncmy_cursor object at 0x0000017223DD4130>
           │    └ <member 'await_' of 'AsyncAdapt_dbapi_cursor' objects>
           └ <sqlalchemy.dialects.mysql.asyncmy.AsyncAdapt_asyncmy_cursor object at 0x0000017223DD4130>
  File "D:\yunxia\ai_langgraph\.venv\Lib\site-packages\sqlalchemy\util\_concurrency_py3k.py", line 132, in await_only
    return current.parent.switch(awaitable)  # type: ignore[no-any-return,attr-defined] # noqa: E501
           │       │             └ <coroutine object AsyncAdapt_dbapi_cursor._execute_async at 0x0000017222050340>
           │       └ <attribute 'parent' of 'greenlet.greenlet' objects>
           └ <_AsyncIoGreenlet object at 0x0000017223DF94C0 (otid=0x000001727B568D20) dead>
  File "D:\yunxia\ai_langgraph\.venv\Lib\site-packages\sqlalchemy\util\_concurrency_py3k.py", line 196, in greenlet_spawn
    value = await result
                  └ <Future finished exception=ConnectionResetError(10054, '远程主机强迫关闭了一个现有的连接。', None, 10054, None)>
  File "D:\yunxia\ai_langgraph\.venv\Lib\site-packages\sqlalchemy\connectors\asyncio.py", line 251, in _execute_async
    result = await self._cursor.execute(operation, parameters)
                   │    │               │          └ ('0', '0', 1)
                   │    │               └ 'SELECT DISTINCT sys_user.user_id, sys_user.dept_id, sys_user.user_name, sys_user.nick_name, sys_user.user_type, sys_user.ema...
                   │    └ <member '_cursor' of 'AsyncAdapt_dbapi_cursor' objects>
                   └ <sqlalchemy.dialects.mysql.asyncmy.AsyncAdapt_asyncmy_cursor object at 0x0000017223DD4130>
  File "asyncmy\\cursors.pyx", line 179, in execute
    result = await self._query(query)
  File "asyncmy\\cursors.pyx", line 364, in _query
    await conn.query(q)
  File "asyncmy\\connection.pyx", line 496, in query
    await self._read_query_result(unbuffered=unbuffered)
  File "asyncmy\\connection.pyx", line 684, in _read_query_result
    await result.read()
  File "asyncmy\\connection.pyx", line 1071, in read
    first_packet = await self.connection.read_packet()
  File "asyncmy\\connection.pyx", line 619, in read_packet
    packet_header = await self._read_bytes(4)
  File "asyncmy\\connection.pyx", line 660, in _read_bytes
    raise errors.OperationalError(
          │      └ <class 'asyncmy.errors.OperationalError'>
          └ <module 'asyncmy.errors' from 'D:\\yunxia\\ai_langgraph\\.venv\\Lib\\site-packages\\asyncmy\\errors.cp311-win_amd64.pyd'>

asyncmy.errors.OperationalError: (2013, 'Lost connection to MySQL server during query ([WinError 10054] 远程主机强迫关闭了一个现有的连接。)')


The above exception was the direct cause of the following exception:


Traceback (most recent call last):

  File "<string>", line 1, in <module>
  File "C:\Users\98214\AppData\Roaming\uv\python\cpython-3.11.13-windows-x86_64-none\Lib\multiprocessing\spawn.py", line 122, in spawn_main
    exitcode = _main(fd, parent_sentinel)
               │     │   └ 328
               │     └ 3
               └ <function _main at 0x000001727803A0C0>
  File "C:\Users\98214\AppData\Roaming\uv\python\cpython-3.11.13-windows-x86_64-none\Lib\multiprocessing\spawn.py", line 135, in _main
    return self._bootstrap(parent_sentinel)
           │    │          └ 328
           │    └ <function BaseProcess._bootstrap at 0x0000017277D80D60>
           └ <SpawnProcess name='SpawnProcess-1' parent=73032 started>
  File "C:\Users\98214\AppData\Roaming\uv\python\cpython-3.11.13-windows-x86_64-none\Lib\multiprocessing\process.py", line 314, in _bootstrap
    self.run()
    │    └ <function BaseProcess.run at 0x0000017277D802C0>
    └ <SpawnProcess name='SpawnProcess-1' parent=73032 started>
  File "C:\Users\98214\AppData\Roaming\uv\python\cpython-3.11.13-windows-x86_64-none\Lib\multiprocessing\process.py", line 108, in run
    self._target(*self._args, **self._kwargs)
    │    │        │    │        │    └ {'config': <uvicorn.config.Config object at 0x0000017278014510>, 'target': <bound method Server.run of <uvicorn.server.Server...
    │    │        │    │        └ <SpawnProcess name='SpawnProcess-1' parent=73032 started>
    │    │        │    └ ()
    │    │        └ <SpawnProcess name='SpawnProcess-1' parent=73032 started>
    │    └ <function subprocess_started at 0x000001727A1D1760>
    └ <SpawnProcess name='SpawnProcess-1' parent=73032 started>
  File "D:\yunxia\ai_langgraph\.venv\Lib\site-packages\uvicorn\_subprocess.py", line 80, in subprocess_started
    target(sockets=sockets)
    │              └ [<socket.socket fd=856, family=2, type=1, proto=6, laddr=('0.0.0.0', 9199)>]
    └ <bound method Server.run of <uvicorn.server.Server object at 0x000001727A3621D0>>
  File "D:\yunxia\ai_langgraph\.venv\Lib\site-packages\uvicorn\server.py", line 67, in run
    return asyncio_run(self.serve(sockets=sockets), loop_factory=self.config.get_loop_factory())
           │           │    │             │                      │    │      └ <function Config.get_loop_factory at 0x000001727A171800>
           │           │    │             │                      │    └ <uvicorn.config.Config object at 0x0000017278014510>
           │           │    │             │                      └ <uvicorn.server.Server object at 0x000001727A3621D0>
           │           │    │             └ [<socket.socket fd=856, family=2, type=1, proto=6, laddr=('0.0.0.0', 9199)>]
           │           │    └ <function Server.serve at 0x000001727A1D0400>
           │           └ <uvicorn.server.Server object at 0x000001727A3621D0>
           └ <function asyncio_run at 0x000001727A135B20>
  File "D:\yunxia\ai_langgraph\.venv\Lib\site-packages\uvicorn\_compat.py", line 30, in asyncio_run
    return runner.run(main)
           │      │   └ <coroutine object Server.serve at 0x000001727A33C9A0>
           │      └ <function Runner.run at 0x0000017279EDE2A0>
           └ <asyncio.runners.Runner object at 0x000001727A3618D0>
  File "C:\Users\98214\AppData\Roaming\uv\python\cpython-3.11.13-windows-x86_64-none\Lib\asyncio\runners.py", line 118, in run
    return self._loop.run_until_complete(task)
           │    │     │                  └ <Task pending name='Task-1' coro=<Server.serve() running at D:\yunxia\ai_langgraph\.venv\Lib\site-packages\uvicorn\server.py:...
           │    │     └ <function BaseEventLoop.run_until_complete at 0x0000017279ECFD80>
           │    └ <_WindowsSelectorEventLoop running=True closed=False debug=False>
           └ <asyncio.runners.Runner object at 0x000001727A3618D0>
  File "C:\Users\98214\AppData\Roaming\uv\python\cpython-3.11.13-windows-x86_64-none\Lib\asyncio\base_events.py", line 641, in run_until_complete
    self.run_forever()
    │    └ <function BaseEventLoop.run_forever at 0x0000017279ECFCE0>
    └ <_WindowsSelectorEventLoop running=True closed=False debug=False>
  File "C:\Users\98214\AppData\Roaming\uv\python\cpython-3.11.13-windows-x86_64-none\Lib\asyncio\base_events.py", line 608, in run_forever
    self._run_once()
    │    └ <function BaseEventLoop._run_once at 0x0000017279EDDB20>
    └ <_WindowsSelectorEventLoop running=True closed=False debug=False>
  File "C:\Users\98214\AppData\Roaming\uv\python\cpython-3.11.13-windows-x86_64-none\Lib\asyncio\base_events.py", line 1936, in _run_once
    handle._run()
    │      └ <function Handle._run at 0x0000017279A07060>
    └ <Handle Task.task_wakeup(<Future finished result=None>)>
  File "C:\Users\98214\AppData\Roaming\uv\python\cpython-3.11.13-windows-x86_64-none\Lib\asyncio\events.py", line 84, in _run
    self._context.run(self._callback, *self._args)
    │    │            │    │           │    └ <member '_args' of 'Handle' objects>
    │    │            │    │           └ <Handle Task.task_wakeup(<Future finished result=None>)>
    │    │            │    └ <member '_callback' of 'Handle' objects>
    │    │            └ <Handle Task.task_wakeup(<Future finished result=None>)>
    │    └ <member '_context' of 'Handle' objects>
    └ <Handle Task.task_wakeup(<Future finished result=None>)>
  File "D:\yunxia\ai_langgraph\.venv\Lib\site-packages\uvicorn\protocols\http\httptools_impl.py", line 416, in run_asgi
    result = await app(  # type: ignore[func-returns-value]
                   └ <uvicorn.middleware.proxy_headers.ProxyHeadersMiddleware object at 0x0000017221D33D50>
  File "D:\yunxia\ai_langgraph\.venv\Lib\site-packages\uvicorn\middleware\proxy_headers.py", line 60, in __call__
    return await self.app(scope, receive, send)
                 │    │   │      │        └ <bound method RequestResponseCycle.send of <uvicorn.protocols.http.httptools_impl.RequestResponseCycle object at 0x0000017223...
                 │    │   │      └ <bound method RequestResponseCycle.receive of <uvicorn.protocols.http.httptools_impl.RequestResponseCycle object at 0x0000017...
                 │    │   └ {'type': 'http', 'asgi': {'version': '3.0', 'spec_version': '2.3'}, 'http_version': '1.1', 'server': ('127.0.0.1', 9199), 'cl...
                 │    └ <fastapi.applications.FastAPI object at 0x000001727A529290>
                 └ <uvicorn.middleware.proxy_headers.ProxyHeadersMiddleware object at 0x0000017221D33D50>
  File "D:\yunxia\ai_langgraph\.venv\Lib\site-packages\fastapi\applications.py", line 1135, in __call__
    await super().__call__(scope, receive, send)
                           │      │        └ <bound method RequestResponseCycle.send of <uvicorn.protocols.http.httptools_impl.RequestResponseCycle object at 0x0000017223...
                           │      └ <bound method RequestResponseCycle.receive of <uvicorn.protocols.http.httptools_impl.RequestResponseCycle object at 0x0000017...
                           └ {'type': 'http', 'asgi': {'version': '3.0', 'spec_version': '2.3'}, 'http_version': '1.1', 'server': ('127.0.0.1', 9199), 'cl...
  File "D:\yunxia\ai_langgraph\.venv\Lib\site-packages\starlette\applications.py", line 107, in __call__
    await self.middleware_stack(scope, receive, send)
          │    │                │      │        └ <bound method RequestResponseCycle.send of <uvicorn.protocols.http.httptools_impl.RequestResponseCycle object at 0x0000017223...
          │    │                │      └ <bound method RequestResponseCycle.receive of <uvicorn.protocols.http.httptools_impl.RequestResponseCycle object at 0x0000017...
          │    │                └ {'type': 'http', 'asgi': {'version': '3.0', 'spec_version': '2.3'}, 'http_version': '1.1', 'server': ('127.0.0.1', 9199), 'cl...
          │    └ <starlette.middleware.errors.ServerErrorMiddleware object at 0x0000017221EDBBD0>
          └ <fastapi.applications.FastAPI object at 0x000001727A529290>
> File "D:\yunxia\ai_langgraph\.venv\Lib\site-packages\starlette\middleware\errors.py", line 164, in __call__
    await self.app(scope, receive, _send)
          │    │   │      │        └ <function ServerErrorMiddleware.__call__.<locals>._send at 0x000001721E06AE80>
          │    │   │      └ <bound method RequestResponseCycle.receive of <uvicorn.protocols.http.httptools_impl.RequestResponseCycle object at 0x0000017...
          │    │   └ {'type': 'http', 'asgi': {'version': '3.0', 'spec_version': '2.3'}, 'http_version': '1.1', 'server': ('127.0.0.1', 9199), 'cl...
          │    └ <middlewares.trace_middleware.middle.TraceASGIMiddleware object at 0x0000017221EE3E50>
          └ <starlette.middleware.errors.ServerErrorMiddleware object at 0x0000017221EDBBD0>

  File "D:\yunxia\ai_langgraph\RuoYi-Vue3-FastAPI\ruoyi-fastapi-backend\middlewares\trace_middleware\middle.py", line 42, in __call__
    await self.app(scope, handle_outgoing_receive, handle_outgoing_request)
          │    │   │      │                        └ <function TraceASGIMiddleware.__call__.<locals>.handle_outgoing_request at 0x000001722226EDE0>
          │    │   │      └ <function RequestResponseCycle.receive at 0x000001722226F420>
          │    │   └ {'type': 'http', 'asgi': {'version': '3.0', 'spec_version': '2.3'}, 'http_version': '1.1', 'server': ('127.0.0.1', 9199), 'cl...
          │    └ <starlette.middleware.gzip.GZipMiddleware object at 0x0000017221CCBED0>
          └ <middlewares.trace_middleware.middle.TraceASGIMiddleware object at 0x0000017221EE3E50>

  File "D:\yunxia\ai_langgraph\.venv\Lib\site-packages\starlette\middleware\gzip.py", line 29, in __call__
    await responder(scope, receive, send)
          │         │      │        └ <function TraceASGIMiddleware.__call__.<locals>.handle_outgoing_request at 0x000001722226EDE0>
          │         │      └ <function RequestResponseCycle.receive at 0x000001722226F420>
          │         └ {'type': 'http', 'asgi': {'version': '3.0', 'spec_version': '2.3'}, 'http_version': '1.1', 'server': ('127.0.0.1', 9199), 'cl...
          └ <starlette.middleware.gzip.GZipResponder object at 0x0000017223DF9E50>
  File "D:\yunxia\ai_langgraph\.venv\Lib\site-packages\starlette\middleware\gzip.py", line 130, in __call__
    await super().__call__(scope, receive, send)
                           │      │        └ <function TraceASGIMiddleware.__call__.<locals>.handle_outgoing_request at 0x000001722226EDE0>
                           │      └ <function RequestResponseCycle.receive at 0x000001722226F420>
                           └ {'type': 'http', 'asgi': {'version': '3.0', 'spec_version': '2.3'}, 'http_version': '1.1', 'server': ('127.0.0.1', 9199), 'cl...
  File "D:\yunxia\ai_langgraph\.venv\Lib\site-packages\starlette\middleware\gzip.py", line 46, in __call__
    await self.app(scope, receive, self.send_with_compression)
          │    │   │      │        │    └ <function IdentityResponder.send_with_compression at 0x000001721E069260>
          │    │   │      │        └ <starlette.middleware.gzip.GZipResponder object at 0x0000017223DF9E50>
          │    │   │      └ <function RequestResponseCycle.receive at 0x000001722226F420>
          │    │   └ {'type': 'http', 'asgi': {'version': '3.0', 'spec_version': '2.3'}, 'http_version': '1.1', 'server': ('127.0.0.1', 9199), 'cl...
          │    └ <starlette.middleware.cors.CORSMiddleware object at 0x0000017221EB6350>
          └ <starlette.middleware.gzip.GZipResponder object at 0x0000017223DF9E50>
  File "D:\yunxia\ai_langgraph\.venv\Lib\site-packages\starlette\middleware\cors.py", line 85, in __call__
    await self.app(scope, receive, send)
          │    │   │      │        └ <bound method IdentityResponder.send_with_compression of <starlette.middleware.gzip.GZipResponder object at 0x0000017223DF9E50>>
          │    │   │      └ <function RequestResponseCycle.receive at 0x000001722226F420>
          │    │   └ {'type': 'http', 'asgi': {'version': '3.0', 'spec_version': '2.3'}, 'http_version': '1.1', 'server': ('127.0.0.1', 9199), 'cl...
          │    └ <middlewares.context_middleware.ContextCleanupMiddleware object at 0x0000017221E2E110>
          └ <starlette.middleware.cors.CORSMiddleware object at 0x0000017221EB6350>
  File "D:\yunxia\ai_langgraph\.venv\Lib\site-packages\starlette\middleware\base.py", line 191, in __call__
    with recv_stream, send_stream, collapse_excgroups():
         │            │            └ <function collapse_excgroups at 0x000001727B3B1A80>
         │            └ MemoryObjectSendStream(_state=_MemoryObjectStreamState(max_buffer_size=0, buffer=deque([]), open_send_channels=0, open_receiv...
         └ MemoryObjectReceiveStream(_state=_MemoryObjectStreamState(max_buffer_size=0, buffer=deque([]), open_send_channels=0, open_rec...
  File "C:\Users\98214\AppData\Roaming\uv\python\cpython-3.11.13-windows-x86_64-none\Lib\contextlib.py", line 158, in __exit__
    self.gen.throw(typ, value, traceback)
    │    │   │     │    │      └ <traceback object at 0x0000017222458EC0>
    │    │   │     │    └ ExceptionGroup('unhandled errors in a TaskGroup', [OperationalError("(asyncmy.errors.OperationalError) (2013, 'Lost connectio...
    │    │   │     └ <class 'ExceptionGroup'>
    │    │   └ <method 'throw' of 'generator' objects>
    │    └ <generator object collapse_excgroups at 0x0000017223D9C580>
    └ <contextlib._GeneratorContextManager object at 0x0000017223DFA150>
  File "D:\yunxia\ai_langgraph\.venv\Lib\site-packages\starlette\_utils.py", line 85, in collapse_excgroups
    raise exc
  File "D:\yunxia\ai_langgraph\.venv\Lib\site-packages\starlette\middleware\base.py", line 193, in __call__
    response = await self.dispatch_func(request, call_next)
                     │    │             │        └ <function BaseHTTPMiddleware.__call__.<locals>.call_next at 0x000001722226E5C0>
                     │    │             └ <starlette.middleware.base._CachedRequest object at 0x0000017223DF9F90>
                     │    └ <bound method ContextCleanupMiddleware.dispatch of <middlewares.context_middleware.ContextCleanupMiddleware object at 0x00000...
                     └ <middlewares.context_middleware.ContextCleanupMiddleware object at 0x0000017221E2E110>

  File "D:\yunxia\ai_langgraph\RuoYi-Vue3-FastAPI\ruoyi-fastapi-backend\middlewares\context_middleware.py", line 17, in dispatch
    response = await call_next(request)
                     │         └ <starlette.middleware.base._CachedRequest object at 0x0000017223DF9F90>
                     └ <function BaseHTTPMiddleware.__call__.<locals>.call_next at 0x000001722226E5C0>

  File "D:\yunxia\ai_langgraph\.venv\Lib\site-packages\starlette\middleware\base.py", line 168, in call_next
    raise app_exc from app_exc.__cause__ or app_exc.__context__
          │            │       │            │       └ <attribute '__context__' of 'BaseException' objects>
          │            │       │            └ OperationalError("(asyncmy.errors.OperationalError) (2013, 'Lost connection to MySQL server during query ([WinError 10054] 远程...
          │            │       └ <attribute '__cause__' of 'BaseException' objects>
          │            └ OperationalError("(asyncmy.errors.OperationalError) (2013, 'Lost connection to MySQL server during query ([WinError 10054] 远程...
          └ OperationalError("(asyncmy.errors.OperationalError) (2013, 'Lost connection to MySQL server during query ([WinError 10054] 远程...
  File "D:\yunxia\ai_langgraph\.venv\Lib\site-packages\starlette\middleware\base.py", line 144, in coro
    await self.app(scope, receive_or_disconnect, send_no_error)
          │    │   │      │                      └ <function BaseHTTPMiddleware.__call__.<locals>.call_next.<locals>.send_no_error at 0x0000017223953E20>
          │    │   │      └ <function BaseHTTPMiddleware.__call__.<locals>.call_next.<locals>.receive_or_disconnect at 0x0000017223953F60>
          │    │   └ {'type': 'http', 'asgi': {'version': '3.0', 'spec_version': '2.3'}, 'http_version': '1.1', 'server': ('127.0.0.1', 9199), 'cl...
          │    └ <starlette.middleware.exceptions.ExceptionMiddleware object at 0x0000017221E7BBD0>
          └ <middlewares.context_middleware.ContextCleanupMiddleware object at 0x0000017221E2E110>
  File "D:\yunxia\ai_langgraph\.venv\Lib\site-packages\starlette\middleware\exceptions.py", line 63, in __call__
    await wrap_app_handling_exceptions(self.app, conn)(scope, receive, send)
          │                            │    │    │     │      │        └ <function BaseHTTPMiddleware.__call__.<locals>.call_next.<locals>.send_no_error at 0x0000017223953E20>
          │                            │    │    │     │      └ <function BaseHTTPMiddleware.__call__.<locals>.call_next.<locals>.receive_or_disconnect at 0x0000017223953F60>
          │                            │    │    │     └ {'type': 'http', 'asgi': {'version': '3.0', 'spec_version': '2.3'}, 'http_version': '1.1', 'server': ('127.0.0.1', 9199), 'cl...
          │                            │    │    └ <starlette.requests.Request object at 0x0000017223DF95D0>
          │                            │    └ <fastapi.middleware.asyncexitstack.AsyncExitStackMiddleware object at 0x000001722212F510>
          │                            └ <starlette.middleware.exceptions.ExceptionMiddleware object at 0x0000017221E7BBD0>
          └ <function wrap_app_handling_exceptions at 0x000001727B43D8A0>
  File "D:\yunxia\ai_langgraph\.venv\Lib\site-packages\starlette\_exception_handler.py", line 53, in wrapped_app
    raise exc
  File "D:\yunxia\ai_langgraph\.venv\Lib\site-packages\starlette\_exception_handler.py", line 42, in wrapped_app
    await app(scope, receive, sender)
          │   │      │        └ <function wrap_app_handling_exceptions.<locals>.wrapped_app.<locals>.sender at 0x00000172237B4CC0>
          │   │      └ <function BaseHTTPMiddleware.__call__.<locals>.call_next.<locals>.receive_or_disconnect at 0x0000017223953F60>
          │   └ {'type': 'http', 'asgi': {'version': '3.0', 'spec_version': '2.3'}, 'http_version': '1.1', 'server': ('127.0.0.1', 9199), 'cl...
          └ <fastapi.middleware.asyncexitstack.AsyncExitStackMiddleware object at 0x000001722212F510>
  File "D:\yunxia\ai_langgraph\.venv\Lib\site-packages\fastapi\middleware\asyncexitstack.py", line 18, in __call__
    await self.app(scope, receive, send)
          │    │   │      │        └ <function wrap_app_handling_exceptions.<locals>.wrapped_app.<locals>.sender at 0x00000172237B4CC0>
          │    │   │      └ <function BaseHTTPMiddleware.__call__.<locals>.call_next.<locals>.receive_or_disconnect at 0x0000017223953F60>
          │    │   └ {'type': 'http', 'asgi': {'version': '3.0', 'spec_version': '2.3'}, 'http_version': '1.1', 'server': ('127.0.0.1', 9199), 'cl...
          │    └ <fastapi.routing.APIRouter object at 0x000001727B1A3650>
          └ <fastapi.middleware.asyncexitstack.AsyncExitStackMiddleware object at 0x000001722212F510>
  File "D:\yunxia\ai_langgraph\.venv\Lib\site-packages\starlette\routing.py", line 716, in __call__
    await self.middleware_stack(scope, receive, send)
          │    │                │      │        └ <function wrap_app_handling_exceptions.<locals>.wrapped_app.<locals>.sender at 0x00000172237B4CC0>
          │    │                │      └ <function BaseHTTPMiddleware.__call__.<locals>.call_next.<locals>.receive_or_disconnect at 0x0000017223953F60>
          │    │                └ {'type': 'http', 'asgi': {'version': '3.0', 'spec_version': '2.3'}, 'http_version': '1.1', 'server': ('127.0.0.1', 9199), 'cl...
          │    └ <bound method Router.app of <fastapi.routing.APIRouter object at 0x000001727B1A3650>>
          └ <fastapi.routing.APIRouter object at 0x000001727B1A3650>
  File "D:\yunxia\ai_langgraph\.venv\Lib\site-packages\starlette\routing.py", line 736, in app
    await route.handle(scope, receive, send)
          │     │      │      │        └ <function wrap_app_handling_exceptions.<locals>.wrapped_app.<locals>.sender at 0x00000172237B4CC0>
          │     │      │      └ <function BaseHTTPMiddleware.__call__.<locals>.call_next.<locals>.receive_or_disconnect at 0x0000017223953F60>
          │     │      └ {'type': 'http', 'asgi': {'version': '3.0', 'spec_version': '2.3'}, 'http_version': '1.1', 'server': ('127.0.0.1', 9199), 'cl...
          │     └ <function Route.handle at 0x000001727B43EF20>
          └ APIRoute(path='/getInfo', name='get_login_user_info', methods=['GET'])
  File "D:\yunxia\ai_langgraph\.venv\Lib\site-packages\starlette\routing.py", line 290, in handle
    await self.app(scope, receive, send)
          │    │   │      │        └ <function wrap_app_handling_exceptions.<locals>.wrapped_app.<locals>.sender at 0x00000172237B4CC0>
          │    │   │      └ <function BaseHTTPMiddleware.__call__.<locals>.call_next.<locals>.receive_or_disconnect at 0x0000017223953F60>
          │    │   └ {'type': 'http', 'asgi': {'version': '3.0', 'spec_version': '2.3'}, 'http_version': '1.1', 'server': ('127.0.0.1', 9199), 'cl...
          │    └ <function request_response.<locals>.app at 0x0000017220CBE200>
          └ APIRoute(path='/getInfo', name='get_login_user_info', methods=['GET'])
  File "D:\yunxia\ai_langgraph\.venv\Lib\site-packages\fastapi\routing.py", line 115, in app
    await wrap_app_handling_exceptions(app, request)(scope, receive, send)
          │                            │    │        │      │        └ <function wrap_app_handling_exceptions.<locals>.wrapped_app.<locals>.sender at 0x00000172237B4CC0>
          │                            │    │        │      └ <function BaseHTTPMiddleware.__call__.<locals>.call_next.<locals>.receive_or_disconnect at 0x0000017223953F60>
          │                            │    │        └ {'type': 'http', 'asgi': {'version': '3.0', 'spec_version': '2.3'}, 'http_version': '1.1', 'server': ('127.0.0.1', 9199), 'cl...
          │                            │    └ <starlette.requests.Request object at 0x0000017223DFA510>
          │                            └ <function request_response.<locals>.app.<locals>.app at 0x00000172237B53A0>
          └ <function wrap_app_handling_exceptions at 0x000001727B43D8A0>
  File "D:\yunxia\ai_langgraph\.venv\Lib\site-packages\starlette\_exception_handler.py", line 53, in wrapped_app
    raise exc
  File "D:\yunxia\ai_langgraph\.venv\Lib\site-packages\starlette\_exception_handler.py", line 42, in wrapped_app
    await app(scope, receive, sender)
          │   │      │        └ <function wrap_app_handling_exceptions.<locals>.wrapped_app.<locals>.sender at 0x0000017223D963E0>
          │   │      └ <function BaseHTTPMiddleware.__call__.<locals>.call_next.<locals>.receive_or_disconnect at 0x0000017223953F60>
          │   └ {'type': 'http', 'asgi': {'version': '3.0', 'spec_version': '2.3'}, 'http_version': '1.1', 'server': ('127.0.0.1', 9199), 'cl...
          └ <function request_response.<locals>.app.<locals>.app at 0x00000172237B53A0>
  File "D:\yunxia\ai_langgraph\.venv\Lib\site-packages\fastapi\routing.py", line 101, in app
    response = await f(request)
                     │ └ <starlette.requests.Request object at 0x0000017223DFA510>
                     └ <function get_request_handler.<locals>.app at 0x00000172205ADDA0>
  File "D:\yunxia\ai_langgraph\.venv\Lib\site-packages\fastapi\routing.py", line 345, in app
    solved_result = await solve_dependencies(
                          └ <function solve_dependencies at 0x000001727B41ECA0>
  File "D:\yunxia\ai_langgraph\.venv\Lib\site-packages\fastapi\dependencies\utils.py", line 643, in solve_dependencies
    solved = await call(**solved_result.values)
                   │      │             └ {'token': 'eyJhbGciOiJIUzI1NiIsInR5cCI6IkpXVCJ9.eyJ1c2VyX2lkIjoiMSIsInVzZXJfbmFtZSI6ImFkbWluIiwiZGVwdF9uYW1lIjoiXHU3ODE0XHU1M...
                   │      └ SolvedDependency(values={'token': 'eyJhbGciOiJIUzI1NiIsInR5cCI6IkpXVCJ9.eyJ1c2VyX2lkIjoiMSIsInVzZXJfbmFtZSI6ImFkbWluIiwiZGVwd...
                   └ <bound method LoginService.get_current_user of <class 'module_admin.service.login_service.LoginService'>>

  File "D:\yunxia\ai_langgraph\RuoYi-Vue3-FastAPI\ruoyi-fastapi-backend\module_admin\service\login_service.py", line 220, in get_current_user
    query_user = await UserDao.get_user_by_id(query_db, user_id=token_data.user_id)
                       │       │              │                 │          └ 1
                       │       │              │                 └ TokenData(user_id=1)
                       │       │              └ <sqlalchemy.ext.asyncio.session.AsyncSession object at 0x0000017223DFAFD0>
                       │       └ <classmethod(<function UserDao.get_user_by_id at 0x000001721E21E700>)>
                       └ <class 'module_admin.dao.user_dao.UserDao'>

  File "D:\yunxia\ai_langgraph\RuoYi-Vue3-FastAPI\ruoyi-fastapi-backend\module_admin\dao\user_dao.py", line 94, in get_user_by_id
    await db.execute(
          │  └ <function AsyncSession.execute at 0x000001727CFA76A0>
          └ <sqlalchemy.ext.asyncio.session.AsyncSession object at 0x0000017223DFAFD0>

  File "D:\yunxia\ai_langgraph\.venv\Lib\site-packages\sqlalchemy\ext\asyncio\session.py", line 449, in execute
    result = await greenlet_spawn(
                   └ <function greenlet_spawn at 0x000001727B567BA0>
  File "D:\yunxia\ai_langgraph\.venv\Lib\site-packages\sqlalchemy\util\_concurrency_py3k.py", line 201, in greenlet_spawn
    result = context.throw(*sys.exc_info())
             │       │      │   └ <built-in function exc_info>
             │       │      └ <module 'sys' (built-in)>
             │       └ <method 'throw' of 'greenlet.greenlet' objects>
             └ <_AsyncIoGreenlet object at 0x0000017223DF94C0 (otid=0x000001727B568D20) dead>
  File "D:\yunxia\ai_langgraph\.venv\Lib\site-packages\sqlalchemy\orm\session.py", line 2351, in execute
    return self._execute_internal(
           │    └ <function Session._execute_internal at 0x000001727CEE5A80>
           └ <sqlalchemy.orm.session.Session object at 0x0000017223DFAD50>
  File "D:\yunxia\ai_langgraph\.venv\Lib\site-packages\sqlalchemy\orm\session.py", line 2249, in _execute_internal
    result: Result[Any] = compile_state_cls.orm_execute_statement(
                   │      │                 └ <classmethod(<function AbstractORMCompileState.orm_execute_statement at 0x000001727CD60040>)>
                   │      └ <class 'sqlalchemy.orm.context.ORMSelectCompileState'>
                   └ typing.Any
  File "D:\yunxia\ai_langgraph\.venv\Lib\site-packages\sqlalchemy\orm\context.py", line 306, in orm_execute_statement
    result = conn.execute(
             │    └ <function Connection.execute at 0x000001727CADBE20>
             └ <sqlalchemy.engine.base.Connection object at 0x0000017223DF8C50>
  File "D:\yunxia\ai_langgraph\.venv\Lib\site-packages\sqlalchemy\engine\base.py", line 1419, in execute
    return meth(
           └ <bound method ClauseElement._execute_on_connection of <sqlalchemy.sql.selectable.Select object at 0x0000017223DFB290>>
  File "D:\yunxia\ai_langgraph\.venv\Lib\site-packages\sqlalchemy\sql\elements.py", line 527, in _execute_on_connection
    return connection._execute_clauseelement(
           │          └ <function Connection._execute_clauseelement at 0x000001727CAE4180>
           └ <sqlalchemy.engine.base.Connection object at 0x0000017223DF8C50>
  File "D:\yunxia\ai_langgraph\.venv\Lib\site-packages\sqlalchemy\engine\base.py", line 1641, in _execute_clauseelement
    ret = self._execute_context(
          │    └ <function Connection._execute_context at 0x000001727CAE4360>
          └ <sqlalchemy.engine.base.Connection object at 0x0000017223DF8C50>
  File "D:\yunxia\ai_langgraph\.venv\Lib\site-packages\sqlalchemy\engine\base.py", line 1846, in _execute_context
    return self._exec_single_context(
           │    └ <function Connection._exec_single_context at 0x000001727CAE4400>
           └ <sqlalchemy.engine.base.Connection object at 0x0000017223DF8C50>
  File "D:\yunxia\ai_langgraph\.venv\Lib\site-packages\sqlalchemy\engine\base.py", line 1986, in _exec_single_context
    self._handle_dbapi_exception(
    │    └ <function Connection._handle_dbapi_exception at 0x000001727CAE4680>
    └ <sqlalchemy.engine.base.Connection object at 0x0000017223DF8C50>
  File "D:\yunxia\ai_langgraph\.venv\Lib\site-packages\sqlalchemy\engine\base.py", line 2363, in _handle_dbapi_exception
    raise sqlalchemy_exception.with_traceback(exc_info[2]) from e
          │                    │              │                 └ OperationalError(2013, 'Lost connection to MySQL server during query ([WinError 10054] 远程主机强迫关闭了一个现有的连接。)')
          │                    │              └ (<class 'asyncmy.errors.OperationalError'>, OperationalError(2013, 'Lost connection to MySQL server during query ([WinError 1...
          │                    └ <method 'with_traceback' of 'BaseException' objects>
          └ OperationalError("(asyncmy.errors.OperationalError) (2013, 'Lost connection to MySQL server during query ([WinError 10054] 远程...
  File "D:\yunxia\ai_langgraph\.venv\Lib\site-packages\sqlalchemy\engine\base.py", line 1967, in _exec_single_context
    self.dialect.do_execute(
    │    │       └ <function DefaultDialect.do_execute at 0x000001727CBA4400>
    │    └ <sqlalchemy.dialects.mysql.asyncmy.MySQLDialect_asyncmy object at 0x000001727CFBB390>
    └ <sqlalchemy.engine.base.Connection object at 0x0000017223DF8C50>
  File "D:\yunxia\ai_langgraph\.venv\Lib\site-packages\sqlalchemy\engine\default.py", line 952, in do_execute
    cursor.execute(statement, parameters)
    │      │       │          └ ('0', '0', 1)
    │      │       └ 'SELECT DISTINCT sys_user.user_id, sys_user.dept_id, sys_user.user_name, sys_user.nick_name, sys_user.user_type, sys_user.ema...
    │      └ <function AsyncAdapt_dbapi_cursor.execute at 0x000001727D049760>
    └ <sqlalchemy.dialects.mysql.asyncmy.AsyncAdapt_asyncmy_cursor object at 0x0000017223DD4130>
  File "D:\yunxia\ai_langgraph\.venv\Lib\site-packages\sqlalchemy\connectors\asyncio.py", line 230, in execute
    self._adapt_connection._handle_exception(error)
    │    └ <member '_adapt_connection' of 'AsyncAdapt_dbapi_cursor' objects>
    └ <sqlalchemy.dialects.mysql.asyncmy.AsyncAdapt_asyncmy_cursor object at 0x0000017223DD4130>
  File "D:\yunxia\ai_langgraph\.venv\Lib\site-packages\sqlalchemy\dialects\mysql\asyncmy.py", line 91, in _handle_exception
    raise error
          └ OperationalError(2013, 'Lost connection to MySQL server during query ([WinError 10054] 远程主机强迫关闭了一个现有的连接。)')
  File "D:\yunxia\ai_langgraph\.venv\Lib\site-packages\sqlalchemy\connectors\asyncio.py", line 228, in execute
    return self.await_(self._execute_async(operation, parameters))
           │    │      │    │              │          └ ('0', '0', 1)
           │    │      │    │              └ 'SELECT DISTINCT sys_user.user_id, sys_user.dept_id, sys_user.user_name, sys_user.nick_name, sys_user.user_type, sys_user.ema...
           │    │      │    └ <function AsyncAdapt_dbapi_cursor._execute_async at 0x000001727D0498A0>
           │    │      └ <sqlalchemy.dialects.mysql.asyncmy.AsyncAdapt_asyncmy_cursor object at 0x0000017223DD4130>
           │    └ <member 'await_' of 'AsyncAdapt_dbapi_cursor' objects>
           └ <sqlalchemy.dialects.mysql.asyncmy.AsyncAdapt_asyncmy_cursor object at 0x0000017223DD4130>
  File "D:\yunxia\ai_langgraph\.venv\Lib\site-packages\sqlalchemy\util\_concurrency_py3k.py", line 132, in await_only
    return current.parent.switch(awaitable)  # type: ignore[no-any-return,attr-defined] # noqa: E501
           │       │             └ <coroutine object AsyncAdapt_dbapi_cursor._execute_async at 0x0000017222050340>
           │       └ <attribute 'parent' of 'greenlet.greenlet' objects>
           └ <_AsyncIoGreenlet object at 0x0000017223DF94C0 (otid=0x000001727B568D20) dead>
  File "D:\yunxia\ai_langgraph\.venv\Lib\site-packages\sqlalchemy\util\_concurrency_py3k.py", line 196, in greenlet_spawn
    value = await result
                  └ <Future finished exception=ConnectionResetError(10054, '远程主机强迫关闭了一个现有的连接。', None, 10054, None)>
  File "D:\yunxia\ai_langgraph\.venv\Lib\site-packages\sqlalchemy\connectors\asyncio.py", line 251, in _execute_async
    result = await self._cursor.execute(operation, parameters)
                   │    │               │          └ ('0', '0', 1)
                   │    │               └ 'SELECT DISTINCT sys_user.user_id, sys_user.dept_id, sys_user.user_name, sys_user.nick_name, sys_user.user_type, sys_user.ema...
                   │    └ <member '_cursor' of 'AsyncAdapt_dbapi_cursor' objects>
                   └ <sqlalchemy.dialects.mysql.asyncmy.AsyncAdapt_asyncmy_cursor object at 0x0000017223DD4130>
  File "asyncmy\\cursors.pyx", line 179, in execute
    result = await self._query(query)
  File "asyncmy\\cursors.pyx", line 364, in _query
    await conn.query(q)
  File "asyncmy\\connection.pyx", line 496, in query
    await self._read_query_result(unbuffered=unbuffered)
  File "asyncmy\\connection.pyx", line 684, in _read_query_result
    await result.read()
  File "asyncmy\\connection.pyx", line 1071, in read
    first_packet = await self.connection.read_packet()
  File "asyncmy\\connection.pyx", line 619, in read_packet
    packet_header = await self._read_bytes(4)
  File "asyncmy\\connection.pyx", line 660, in _read_bytes
    raise errors.OperationalError(
          │      └ <class 'asyncmy.errors.OperationalError'>
          └ <module 'asyncmy.errors' from 'D:\\yunxia\\ai_langgraph\\.venv\\Lib\\site-packages\\asyncmy\\errors.cp311-win_amd64.pyd'>

sqlalchemy.exc.OperationalError: (asyncmy.errors.OperationalError) (2013, 'Lost connection to MySQL server during query ([WinError 10054] 远程主机强迫关闭了一个现有的连接。)')
[SQL: SELECT DISTINCT sys_user.user_id, sys_user.dept_id, sys_user.user_name, sys_user.nick_name, sys_user.user_type, sys_user.email, sys_user.phonenumber, sys_user.sex, sys_user.avatar, sys_user.password, sys_user.status, sys_user.del_flag, sys_user.login_ip, sys_user.login_date, sys_user.pwd_update_date, sys_user.create_by, sys_user.create_time, sys_user.update_by, sys_user.update_time, sys_user.remark 
FROM sys_user 
WHERE sys_user.status = %s AND sys_user.del_flag = %s AND sys_user.user_id = %s]
[parameters: ('0', '0', 1)]
(Background on this error at: https://sqlalche.me/e/20/e3q8)
ERROR:    Exception in ASGI application
Traceback (most recent call last):
  File "D:\yunxia\ai_langgraph\.venv\Lib\site-packages\sqlalchemy\connectors\asyncio.py", line 402, in terminate
    self.await_(asyncio.shield(self._terminate_graceful_close()))  # type: ignore[attr-defined] # noqa: E501
    ^^^^^^^^^^^^^^^^^^^^^^^^^^^^^^^^^^^^^^^^^^^^^^^^^^^^^^^^^^^^^
  File "D:\yunxia\ai_langgraph\.venv\Lib\site-packages\sqlalchemy\util\_concurrency_py3k.py", line 132, in await_only
    return current.parent.switch(awaitable)  # type: ignore[no-any-return,attr-defined] # noqa: E501
           ^^^^^^^^^^^^^^^^^^^^^^^^^^^^^^^^
  File "D:\yunxia\ai_langgraph\.venv\Lib\site-packages\sqlalchemy\util\_concurrency_py3k.py", line 196, in greenlet_spawn
    value = await result
            ^^^^^^^^^^^^
  File "D:\yunxia\ai_langgraph\.venv\Lib\site-packages\sqlalchemy\dialects\mysql\asyncmy.py", line 117, in _terminate_graceful_close
    await self._connection.ensure_closed()
  File "asyncmy\\connection.pyx", line 361, in ensure_closed
    await self._writer.drain()
  File "C:\Users\98214\AppData\Roaming\uv\python\cpython-3.11.13-windows-x86_64-none\Lib\asyncio\streams.py", line 380, in drain
    raise exc
  File "asyncmy\\connection.pyx", line 658, in asyncmy.connection.Connection._read_bytes
    data = await self._reader.readexactly(num_bytes)
  File "C:\Users\98214\AppData\Roaming\uv\python\cpython-3.11.13-windows-x86_64-none\Lib\asyncio\streams.py", line 750, in readexactly
    await self._wait_for_data('readexactly')
  File "C:\Users\98214\AppData\Roaming\uv\python\cpython-3.11.13-windows-x86_64-none\Lib\asyncio\streams.py", line 543, in _wait_for_data
    await self._waiter
  File "C:\Users\98214\AppData\Roaming\uv\python\cpython-3.11.13-windows-x86_64-none\Lib\asyncio\selector_events.py", line 999, in _read_ready__data_received
    data = self._sock.recv(self.max_size)
           ^^^^^^^^^^^^^^^^^^^^^^^^^^^^^^
ConnectionResetError: [WinError 10054] 远程主机强迫关闭了一个现有的连接。

During handling of the above exception, another exception occurred:

Traceback (most recent call last):
  File "D:\yunxia\ai_langgraph\.venv\Lib\site-packages\sqlalchemy\engine\base.py", line 1967, in _exec_single_context
    self.dialect.do_execute(
  File "D:\yunxia\ai_langgraph\.venv\Lib\site-packages\sqlalchemy\engine\default.py", line 952, in do_execute
    cursor.execute(statement, parameters)
  File "D:\yunxia\ai_langgraph\.venv\Lib\site-packages\sqlalchemy\connectors\asyncio.py", line 230, in execute
    self._adapt_connection._handle_exception(error)
  File "D:\yunxia\ai_langgraph\.venv\Lib\site-packages\sqlalchemy\dialects\mysql\asyncmy.py", line 91, in _handle_exception
    raise error
  File "D:\yunxia\ai_langgraph\.venv\Lib\site-packages\sqlalchemy\connectors\asyncio.py", line 228, in execute
    return self.await_(self._execute_async(operation, parameters))
           ^^^^^^^^^^^^^^^^^^^^^^^^^^^^^^^^^^^^^^^^^^^^^^^^^^^^^^^
  File "D:\yunxia\ai_langgraph\.venv\Lib\site-packages\sqlalchemy\util\_concurrency_py3k.py", line 132, in await_only
    return current.parent.switch(awaitable)  # type: ignore[no-any-return,attr-defined] # noqa: E501
           ^^^^^^^^^^^^^^^^^^^^^^^^^^^^^^^^
  File "D:\yunxia\ai_langgraph\.venv\Lib\site-packages\sqlalchemy\util\_concurrency_py3k.py", line 196, in greenlet_spawn
    value = await result
            ^^^^^^^^^^^^
  File "D:\yunxia\ai_langgraph\.venv\Lib\site-packages\sqlalchemy\connectors\asyncio.py", line 251, in _execute_async
    result = await self._cursor.execute(operation, parameters)
             ^^^^^^^^^^^^^^^^^^^^^^^^^^^^^^^^^^^^^^^^^^^^^^^^^
  File "asyncmy\\cursors.pyx", line 179, in execute
    result = await self._query(query)
  File "asyncmy\\cursors.pyx", line 364, in _query
    await conn.query(q)
  File "asyncmy\\connection.pyx", line 496, in query
    await self._read_query_result(unbuffered=unbuffered)
  File "asyncmy\\connection.pyx", line 684, in _read_query_result
    await result.read()
  File "asyncmy\\connection.pyx", line 1071, in read
    first_packet = await self.connection.read_packet()
  File "asyncmy\\connection.pyx", line 619, in read_packet
    packet_header = await self._read_bytes(4)
  File "asyncmy\\connection.pyx", line 660, in _read_bytes
    raise errors.OperationalError(
asyncmy.errors.OperationalError: (2013, 'Lost connection to MySQL server during query ([WinError 10054] 远程主机强迫关闭了一个现有的连接。)')

The above exception was the direct cause of the following exception:

Traceback (most recent call last):
  File "D:\yunxia\ai_langgraph\.venv\Lib\site-packages\uvicorn\protocols\http\httptools_impl.py", line 416, in run_asgi
    result = await app(  # type: ignore[func-returns-value]
             ^^^^^^^^^^^^^^^^^^^^^^^^^^^^^^^^^^^^^^^^^^^^^^
  File "D:\yunxia\ai_langgraph\.venv\Lib\site-packages\uvicorn\middleware\proxy_headers.py", line 60, in __call__
    return await self.app(scope, receive, send)
           ^^^^^^^^^^^^^^^^^^^^^^^^^^^^^^^^^^^^
  File "D:\yunxia\ai_langgraph\.venv\Lib\site-packages\fastapi\applications.py", line 1135, in __call__
    await super().__call__(scope, receive, send)
  File "D:\yunxia\ai_langgraph\.venv\Lib\site-packages\starlette\applications.py", line 107, in __call__
    await self.middleware_stack(scope, receive, send)
  File "D:\yunxia\ai_langgraph\.venv\Lib\site-packages\starlette\middleware\errors.py", line 186, in __call__
    raise exc
  File "D:\yunxia\ai_langgraph\.venv\Lib\site-packages\starlette\middleware\errors.py", line 164, in __call__
    await self.app(scope, receive, _send)
  File "D:\yunxia\ai_langgraph\RuoYi-Vue3-FastAPI\ruoyi-fastapi-backend\middlewares\trace_middleware\middle.py", line 42, in __call__
    await self.app(scope, handle_outgoing_receive, handle_outgoing_request)
  File "D:\yunxia\ai_langgraph\.venv\Lib\site-packages\starlette\middleware\gzip.py", line 29, in __call__
    await responder(scope, receive, send)
  File "D:\yunxia\ai_langgraph\.venv\Lib\site-packages\starlette\middleware\gzip.py", line 130, in __call__
    await super().__call__(scope, receive, send)
  File "D:\yunxia\ai_langgraph\.venv\Lib\site-packages\starlette\middleware\gzip.py", line 46, in __call__
    await self.app(scope, receive, self.send_with_compression)
  File "D:\yunxia\ai_langgraph\.venv\Lib\site-packages\starlette\middleware\cors.py", line 85, in __call__
    await self.app(scope, receive, send)
  File "D:\yunxia\ai_langgraph\.venv\Lib\site-packages\starlette\middleware\base.py", line 191, in __call__
    with recv_stream, send_stream, collapse_excgroups():
  File "C:\Users\98214\AppData\Roaming\uv\python\cpython-3.11.13-windows-x86_64-none\Lib\contextlib.py", line 158, in __exit__
    self.gen.throw(typ, value, traceback)
  File "D:\yunxia\ai_langgraph\.venv\Lib\site-packages\starlette\_utils.py", line 85, in collapse_excgroups
    raise exc
  File "D:\yunxia\ai_langgraph\.venv\Lib\site-packages\starlette\middleware\base.py", line 193, in __call__
    response = await self.dispatch_func(request, call_next)
               ^^^^^^^^^^^^^^^^^^^^^^^^^^^^^^^^^^^^^^^^^^^^
  File "D:\yunxia\ai_langgraph\RuoYi-Vue3-FastAPI\ruoyi-fastapi-backend\middlewares\context_middleware.py", line 17, in dispatch
    response = await call_next(request)
               ^^^^^^^^^^^^^^^^^^^^^^^^
  File "D:\yunxia\ai_langgraph\.venv\Lib\site-packages\starlette\middleware\base.py", line 168, in call_next
    raise app_exc from app_exc.__cause__ or app_exc.__context__
  File "D:\yunxia\ai_langgraph\.venv\Lib\site-packages\starlette\middleware\base.py", line 144, in coro
    await self.app(scope, receive_or_disconnect, send_no_error)
  File "D:\yunxia\ai_langgraph\.venv\Lib\site-packages\starlette\middleware\exceptions.py", line 63, in __call__
    await wrap_app_handling_exceptions(self.app, conn)(scope, receive, send)
  File "D:\yunxia\ai_langgraph\.venv\Lib\site-packages\starlette\_exception_handler.py", line 53, in wrapped_app
    raise exc
  File "D:\yunxia\ai_langgraph\.venv\Lib\site-packages\starlette\_exception_handler.py", line 42, in wrapped_app
    await app(scope, receive, sender)
  File "D:\yunxia\ai_langgraph\.venv\Lib\site-packages\fastapi\middleware\asyncexitstack.py", line 18, in __call__
    await self.app(scope, receive, send)
  File "D:\yunxia\ai_langgraph\.venv\Lib\site-packages\starlette\routing.py", line 716, in __call__
    await self.middleware_stack(scope, receive, send)
  File "D:\yunxia\ai_langgraph\.venv\Lib\site-packages\starlette\routing.py", line 736, in app
    await route.handle(scope, receive, send)
  File "D:\yunxia\ai_langgraph\.venv\Lib\site-packages\starlette\routing.py", line 290, in handle
    await self.app(scope, receive, send)
  File "D:\yunxia\ai_langgraph\.venv\Lib\site-packages\fastapi\routing.py", line 115, in app
    await wrap_app_handling_exceptions(app, request)(scope, receive, send)
  File "D:\yunxia\ai_langgraph\.venv\Lib\site-packages\starlette\_exception_handler.py", line 53, in wrapped_app
    raise exc
  File "D:\yunxia\ai_langgraph\.venv\Lib\site-packages\starlette\_exception_handler.py", line 42, in wrapped_app
    await app(scope, receive, sender)
  File "D:\yunxia\ai_langgraph\.venv\Lib\site-packages\fastapi\routing.py", line 101, in app
    response = await f(request)
               ^^^^^^^^^^^^^^^^
  File "D:\yunxia\ai_langgraph\.venv\Lib\site-packages\fastapi\routing.py", line 345, in app
    solved_result = await solve_dependencies(
                    ^^^^^^^^^^^^^^^^^^^^^^^^^
  File "D:\yunxia\ai_langgraph\.venv\Lib\site-packages\fastapi\dependencies\utils.py", line 643, in solve_dependencies
    solved = await call(**solved_result.values)
             ^^^^^^^^^^^^^^^^^^^^^^^^^^^^^^^^^^
  File "D:\yunxia\ai_langgraph\RuoYi-Vue3-FastAPI\ruoyi-fastapi-backend\module_admin\service\login_service.py", line 220, in get_current_user
    query_user = await UserDao.get_user_by_id(query_db, user_id=token_data.user_id)
                 ^^^^^^^^^^^^^^^^^^^^^^^^^^^^^^^^^^^^^^^^^^^^^^^^^^^^^^^^^^^^^^^^^^
  File "D:\yunxia\ai_langgraph\RuoYi-Vue3-FastAPI\ruoyi-fastapi-backend\module_admin\dao\user_dao.py", line 94, in get_user_by_id
    await db.execute(
  File "D:\yunxia\ai_langgraph\.venv\Lib\site-packages\sqlalchemy\ext\asyncio\session.py", line 449, in execute
    result = await greenlet_spawn(
             ^^^^^^^^^^^^^^^^^^^^^
  File "D:\yunxia\ai_langgraph\.venv\Lib\site-packages\sqlalchemy\util\_concurrency_py3k.py", line 201, in greenlet_spawn
    result = context.throw(*sys.exc_info())
             ^^^^^^^^^^^^^^^^^^^^^^^^^^^^^^
  File "D:\yunxia\ai_langgraph\.venv\Lib\site-packages\sqlalchemy\orm\session.py", line 2351, in execute
    return self._execute_internal(
           ^^^^^^^^^^^^^^^^^^^^^^^
  File "D:\yunxia\ai_langgraph\.venv\Lib\site-packages\sqlalchemy\orm\session.py", line 2249, in _execute_internal
    result: Result[Any] = compile_state_cls.orm_execute_statement(
                          ^^^^^^^^^^^^^^^^^^^^^^^^^^^^^^^^^^^^^^^^
  File "D:\yunxia\ai_langgraph\.venv\Lib\site-packages\sqlalchemy\orm\context.py", line 306, in orm_execute_statement
    result = conn.execute(
             ^^^^^^^^^^^^^
  File "D:\yunxia\ai_langgraph\.venv\Lib\site-packages\sqlalchemy\engine\base.py", line 1419, in execute
    return meth(
           ^^^^^
  File "D:\yunxia\ai_langgraph\.venv\Lib\site-packages\sqlalchemy\sql\elements.py", line 527, in _execute_on_connection
    return connection._execute_clauseelement(
           ^^^^^^^^^^^^^^^^^^^^^^^^^^^^^^^^^^
  File "D:\yunxia\ai_langgraph\.venv\Lib\site-packages\sqlalchemy\engine\base.py", line 1641, in _execute_clauseelement
    ret = self._execute_context(
          ^^^^^^^^^^^^^^^^^^^^^^
  File "D:\yunxia\ai_langgraph\.venv\Lib\site-packages\sqlalchemy\engine\base.py", line 1846, in _execute_context
    return self._exec_single_context(
           ^^^^^^^^^^^^^^^^^^^^^^^^^^
  File "D:\yunxia\ai_langgraph\.venv\Lib\site-packages\sqlalchemy\engine\base.py", line 1986, in _exec_single_context
    self._handle_dbapi_exception(
  File "D:\yunxia\ai_langgraph\.venv\Lib\site-packages\sqlalchemy\engine\base.py", line 2363, in _handle_dbapi_exception
    raise sqlalchemy_exception.with_traceback(exc_info[2]) from e
  File "D:\yunxia\ai_langgraph\.venv\Lib\site-packages\sqlalchemy\engine\base.py", line 1967, in _exec_single_context
    self.dialect.do_execute(
  File "D:\yunxia\ai_langgraph\.venv\Lib\site-packages\sqlalchemy\engine\default.py", line 952, in do_execute
    cursor.execute(statement, parameters)
  File "D:\yunxia\ai_langgraph\.venv\Lib\site-packages\sqlalchemy\connectors\asyncio.py", line 230, in execute
    self._adapt_connection._handle_exception(error)
  File "D:\yunxia\ai_langgraph\.venv\Lib\site-packages\sqlalchemy\dialects\mysql\asyncmy.py", line 91, in _handle_exception
    raise error
  File "D:\yunxia\ai_langgraph\.venv\Lib\site-packages\sqlalchemy\connectors\asyncio.py", line 228, in execute
    return self.await_(self._execute_async(operation, parameters))
           ^^^^^^^^^^^^^^^^^^^^^^^^^^^^^^^^^^^^^^^^^^^^^^^^^^^^^^^
  File "D:\yunxia\ai_langgraph\.venv\Lib\site-packages\sqlalchemy\util\_concurrency_py3k.py", line 132, in await_only
    return current.parent.switch(awaitable)  # type: ignore[no-any-return,attr-defined] # noqa: E501
           ^^^^^^^^^^^^^^^^^^^^^^^^^^^^^^^^
  File "D:\yunxia\ai_langgraph\.venv\Lib\site-packages\sqlalchemy\util\_concurrency_py3k.py", line 196, in greenlet_spawn
    value = await result
            ^^^^^^^^^^^^
  File "D:\yunxia\ai_langgraph\.venv\Lib\site-packages\sqlalchemy\connectors\asyncio.py", line 251, in _execute_async
    result = await self._cursor.execute(operation, parameters)
             ^^^^^^^^^^^^^^^^^^^^^^^^^^^^^^^^^^^^^^^^^^^^^^^^^
  File "asyncmy\\cursors.pyx", line 179, in execute
    result = await self._query(query)
  File "asyncmy\\cursors.pyx", line 364, in _query
    await conn.query(q)
  File "asyncmy\\connection.pyx", line 496, in query
    await self._read_query_result(unbuffered=unbuffered)
  File "asyncmy\\connection.pyx", line 684, in _read_query_result
    await result.read()
  File "asyncmy\\connection.pyx", line 1071, in read
    first_packet = await self.connection.read_packet()
  File "asyncmy\\connection.pyx", line 619, in read_packet
    packet_header = await self._read_bytes(4)
  File "asyncmy\\connection.pyx", line 660, in _read_bytes
    raise errors.OperationalError(
sqlalchemy.exc.OperationalError: (asyncmy.errors.OperationalError) (2013, 'Lost connection to MySQL server during query ([WinError 10054] 远程主机强迫关闭了一个现有的连接。)')
[SQL: SELECT DISTINCT sys_user.user_id, sys_user.dept_id, sys_user.user_name, sys_user.nick_name, sys_user.user_type, sys_user.email, sys_user.phonenumber, sys_user.sex, sys_user.avatar, sys_user.password, sys_user.status, sys_user.del_flag, sys_user.login_ip, sys_user.login_date, sys_user.pwd_update_date, sys_user.create_by, sys_user.create_time, sys_user.update_by, sys_user.update_time, sys_user.remark 
FROM sys_user 
WHERE sys_user.status = %s AND sys_user.del_flag = %s AND sys_user.user_id = %s]
[parameters: ('0', '0', 1)]
(Background on this error at: https://sqlalche.me/e/20/e3q8)
2025-12-31 20:00:44.990 | 11e6f65c33bb48f7bbd5333a153563de | ERROR    | exceptions.handle:exception_handler:71 - Error while reading from 47.110.95.246:6379 : (10054, '远程主机强迫关闭了一个现有的连接。', None, 10054, None)
Traceback (most recent call last):

  File "D:\yunxia\ai_langgraph\.venv\Lib\site-packages\redis\asyncio\connection.py", line 607, in read_response
    response = await self._parser.read_response(
                     │    └ <member '_parser' of 'AbstractConnection' objects>
                     └ <redis.asyncio.connection.Connection(host=47.110.95.246,port=6379,db=2)>
  File "D:\yunxia\ai_langgraph\.venv\Lib\site-packages\redis\_parsers\resp2.py", line 82, in read_response
    response = await self._read_response(disable_decoding=disable_decoding)
                     │    │                               └ False
                     │    └ <function _AsyncRESP2Parser._read_response at 0x000001727D2FE3E0>
                     └ <redis._parsers.resp2._AsyncRESP2Parser object at 0x0000017221FE87D0>
  File "D:\yunxia\ai_langgraph\.venv\Lib\site-packages\redis\_parsers\resp2.py", line 90, in _read_response
    raw = await self._readline()
                │    └ <function _AsyncRESPBase._readline at 0x000001727D2FC540>
                └ <redis._parsers.resp2._AsyncRESP2Parser object at 0x0000017221FE87D0>
  File "D:\yunxia\ai_langgraph\.venv\Lib\site-packages\redis\_parsers\base.py", line 468, in _readline
    data = await self._stream.readline()
                 │    └ <member '_stream' of '_AsyncRESPBase' objects>
                 └ <redis._parsers.resp2._AsyncRESP2Parser object at 0x0000017221FE87D0>
  File "C:\Users\98214\AppData\Roaming\uv\python\cpython-3.11.13-windows-x86_64-none\Lib\asyncio\streams.py", line 566, in readline
    line = await self.readuntil(sep)
                 │    │         └ b'\n'
                 │    └ <function StreamReader.readuntil at 0x0000017279EF9620>
                 └ <StreamReader exception=ConnectionResetError(10054, '远程主机强迫关闭了一个现有的连接。', None, 10054, None) transport=<_SelectorSocketTranspo...
  File "C:\Users\98214\AppData\Roaming\uv\python\cpython-3.11.13-windows-x86_64-none\Lib\asyncio\streams.py", line 658, in readuntil
    await self._wait_for_data('readuntil')
          │    └ <function StreamReader._wait_for_data at 0x0000017279EF94E0>
          └ <StreamReader exception=ConnectionResetError(10054, '远程主机强迫关闭了一个现有的连接。', None, 10054, None) transport=<_SelectorSocketTranspo...
  File "C:\Users\98214\AppData\Roaming\uv\python\cpython-3.11.13-windows-x86_64-none\Lib\asyncio\streams.py", line 543, in _wait_for_data
    await self._waiter
          │    └ None
          └ <StreamReader exception=ConnectionResetError(10054, '远程主机强迫关闭了一个现有的连接。', None, 10054, None) transport=<_SelectorSocketTranspo...
  File "C:\Users\98214\AppData\Roaming\uv\python\cpython-3.11.13-windows-x86_64-none\Lib\asyncio\selector_events.py", line 999, in _read_ready__data_received
    data = self._sock.recv(self.max_size)
           │    │          │    └ 262144
           │    │          └ <_SelectorSocketTransport closed fd=1052>
           │    └ None
           └ <_SelectorSocketTransport closed fd=1052>

ConnectionResetError: [WinError 10054] 远程主机强迫关闭了一个现有的连接。


The above exception was the direct cause of the following exception:


Traceback (most recent call last):

  File "<string>", line 1, in <module>
  File "C:\Users\98214\AppData\Roaming\uv\python\cpython-3.11.13-windows-x86_64-none\Lib\multiprocessing\spawn.py", line 122, in spawn_main
    exitcode = _main(fd, parent_sentinel)
               │     │   └ 328
               │     └ 3
               └ <function _main at 0x000001727803A0C0>
  File "C:\Users\98214\AppData\Roaming\uv\python\cpython-3.11.13-windows-x86_64-none\Lib\multiprocessing\spawn.py", line 135, in _main
    return self._bootstrap(parent_sentinel)
           │    │          └ 328
           │    └ <function BaseProcess._bootstrap at 0x0000017277D80D60>
           └ <SpawnProcess name='SpawnProcess-1' parent=73032 started>
  File "C:\Users\98214\AppData\Roaming\uv\python\cpython-3.11.13-windows-x86_64-none\Lib\multiprocessing\process.py", line 314, in _bootstrap
    self.run()
    │    └ <function BaseProcess.run at 0x0000017277D802C0>
    └ <SpawnProcess name='SpawnProcess-1' parent=73032 started>
  File "C:\Users\98214\AppData\Roaming\uv\python\cpython-3.11.13-windows-x86_64-none\Lib\multiprocessing\process.py", line 108, in run
    self._target(*self._args, **self._kwargs)
    │    │        │    │        │    └ {'config': <uvicorn.config.Config object at 0x0000017278014510>, 'target': <bound method Server.run of <uvicorn.server.Server...
    │    │        │    │        └ <SpawnProcess name='SpawnProcess-1' parent=73032 started>
    │    │        │    └ ()
    │    │        └ <SpawnProcess name='SpawnProcess-1' parent=73032 started>
    │    └ <function subprocess_started at 0x000001727A1D1760>
    └ <SpawnProcess name='SpawnProcess-1' parent=73032 started>
  File "D:\yunxia\ai_langgraph\.venv\Lib\site-packages\uvicorn\_subprocess.py", line 80, in subprocess_started
    target(sockets=sockets)
    │              └ [<socket.socket fd=856, family=2, type=1, proto=6, laddr=('0.0.0.0', 9199)>]
    └ <bound method Server.run of <uvicorn.server.Server object at 0x000001727A3621D0>>
  File "D:\yunxia\ai_langgraph\.venv\Lib\site-packages\uvicorn\server.py", line 67, in run
    return asyncio_run(self.serve(sockets=sockets), loop_factory=self.config.get_loop_factory())
           │           │    │             │                      │    │      └ <function Config.get_loop_factory at 0x000001727A171800>
           │           │    │             │                      │    └ <uvicorn.config.Config object at 0x0000017278014510>
           │           │    │             │                      └ <uvicorn.server.Server object at 0x000001727A3621D0>
           │           │    │             └ [<socket.socket fd=856, family=2, type=1, proto=6, laddr=('0.0.0.0', 9199)>]
           │           │    └ <function Server.serve at 0x000001727A1D0400>
           │           └ <uvicorn.server.Server object at 0x000001727A3621D0>
           └ <function asyncio_run at 0x000001727A135B20>
  File "D:\yunxia\ai_langgraph\.venv\Lib\site-packages\uvicorn\_compat.py", line 30, in asyncio_run
    return runner.run(main)
           │      │   └ <coroutine object Server.serve at 0x000001727A33C9A0>
           │      └ <function Runner.run at 0x0000017279EDE2A0>
           └ <asyncio.runners.Runner object at 0x000001727A3618D0>
  File "C:\Users\98214\AppData\Roaming\uv\python\cpython-3.11.13-windows-x86_64-none\Lib\asyncio\runners.py", line 118, in run
    return self._loop.run_until_complete(task)
           │    │     │                  └ <Task pending name='Task-1' coro=<Server.serve() running at D:\yunxia\ai_langgraph\.venv\Lib\site-packages\uvicorn\server.py:...
           │    │     └ <function BaseEventLoop.run_until_complete at 0x0000017279ECFD80>
           │    └ <_WindowsSelectorEventLoop running=True closed=False debug=False>
           └ <asyncio.runners.Runner object at 0x000001727A3618D0>
  File "C:\Users\98214\AppData\Roaming\uv\python\cpython-3.11.13-windows-x86_64-none\Lib\asyncio\base_events.py", line 641, in run_until_complete
    self.run_forever()
    │    └ <function BaseEventLoop.run_forever at 0x0000017279ECFCE0>
    └ <_WindowsSelectorEventLoop running=True closed=False debug=False>
  File "C:\Users\98214\AppData\Roaming\uv\python\cpython-3.11.13-windows-x86_64-none\Lib\asyncio\base_events.py", line 608, in run_forever
    self._run_once()
    │    └ <function BaseEventLoop._run_once at 0x0000017279EDDB20>
    └ <_WindowsSelectorEventLoop running=True closed=False debug=False>
  File "C:\Users\98214\AppData\Roaming\uv\python\cpython-3.11.13-windows-x86_64-none\Lib\asyncio\base_events.py", line 1936, in _run_once
    handle._run()
    │      └ <function Handle._run at 0x0000017279A07060>
    └ <Handle Task.task_wakeup(<Future finished result=None>)>
  File "C:\Users\98214\AppData\Roaming\uv\python\cpython-3.11.13-windows-x86_64-none\Lib\asyncio\events.py", line 84, in _run
    self._context.run(self._callback, *self._args)
    │    │            │    │           │    └ <member '_args' of 'Handle' objects>
    │    │            │    │           └ <Handle Task.task_wakeup(<Future finished result=None>)>
    │    │            │    └ <member '_callback' of 'Handle' objects>
    │    │            └ <Handle Task.task_wakeup(<Future finished result=None>)>
    │    └ <member '_context' of 'Handle' objects>
    └ <Handle Task.task_wakeup(<Future finished result=None>)>
  File "D:\yunxia\ai_langgraph\.venv\Lib\site-packages\uvicorn\protocols\http\httptools_impl.py", line 416, in run_asgi
    result = await app(  # type: ignore[func-returns-value]
                   └ <uvicorn.middleware.proxy_headers.ProxyHeadersMiddleware object at 0x0000017221D33D50>
  File "D:\yunxia\ai_langgraph\.venv\Lib\site-packages\uvicorn\middleware\proxy_headers.py", line 60, in __call__
    return await self.app(scope, receive, send)
                 │    │   │      │        └ <bound method RequestResponseCycle.send of <uvicorn.protocols.http.httptools_impl.RequestResponseCycle object at 0x0000017222...
                 │    │   │      └ <bound method RequestResponseCycle.receive of <uvicorn.protocols.http.httptools_impl.RequestResponseCycle object at 0x0000017...
                 │    │   └ {'type': 'http', 'asgi': {'version': '3.0', 'spec_version': '2.3'}, 'http_version': '1.1', 'server': ('127.0.0.1', 9199), 'cl...
                 │    └ <fastapi.applications.FastAPI object at 0x000001727A529290>
                 └ <uvicorn.middleware.proxy_headers.ProxyHeadersMiddleware object at 0x0000017221D33D50>
  File "D:\yunxia\ai_langgraph\.venv\Lib\site-packages\fastapi\applications.py", line 1135, in __call__
    await super().__call__(scope, receive, send)
                           │      │        └ <bound method RequestResponseCycle.send of <uvicorn.protocols.http.httptools_impl.RequestResponseCycle object at 0x0000017222...
                           │      └ <bound method RequestResponseCycle.receive of <uvicorn.protocols.http.httptools_impl.RequestResponseCycle object at 0x0000017...
                           └ {'type': 'http', 'asgi': {'version': '3.0', 'spec_version': '2.3'}, 'http_version': '1.1', 'server': ('127.0.0.1', 9199), 'cl...
  File "D:\yunxia\ai_langgraph\.venv\Lib\site-packages\starlette\applications.py", line 107, in __call__
    await self.middleware_stack(scope, receive, send)
          │    │                │      │        └ <bound method RequestResponseCycle.send of <uvicorn.protocols.http.httptools_impl.RequestResponseCycle object at 0x0000017222...
          │    │                │      └ <bound method RequestResponseCycle.receive of <uvicorn.protocols.http.httptools_impl.RequestResponseCycle object at 0x0000017...
          │    │                └ {'type': 'http', 'asgi': {'version': '3.0', 'spec_version': '2.3'}, 'http_version': '1.1', 'server': ('127.0.0.1', 9199), 'cl...
          │    └ <starlette.middleware.errors.ServerErrorMiddleware object at 0x0000017221EDBBD0>
          └ <fastapi.applications.FastAPI object at 0x000001727A529290>
> File "D:\yunxia\ai_langgraph\.venv\Lib\site-packages\starlette\middleware\errors.py", line 164, in __call__
    await self.app(scope, receive, _send)
          │    │   │      │        └ <function ServerErrorMiddleware.__call__.<locals>._send at 0x0000017223DE85E0>
          │    │   │      └ <bound method RequestResponseCycle.receive of <uvicorn.protocols.http.httptools_impl.RequestResponseCycle object at 0x0000017...
          │    │   └ {'type': 'http', 'asgi': {'version': '3.0', 'spec_version': '2.3'}, 'http_version': '1.1', 'server': ('127.0.0.1', 9199), 'cl...
          │    └ <middlewares.trace_middleware.middle.TraceASGIMiddleware object at 0x0000017221EE3E50>
          └ <starlette.middleware.errors.ServerErrorMiddleware object at 0x0000017221EDBBD0>

  File "D:\yunxia\ai_langgraph\RuoYi-Vue3-FastAPI\ruoyi-fastapi-backend\middlewares\trace_middleware\middle.py", line 42, in __call__
    await self.app(scope, handle_outgoing_receive, handle_outgoing_request)
          │    │   │      │                        └ <function TraceASGIMiddleware.__call__.<locals>.handle_outgoing_request at 0x0000017223DE8360>
          │    │   │      └ <function RequestResponseCycle.receive at 0x0000017223DE84A0>
          │    │   └ {'type': 'http', 'asgi': {'version': '3.0', 'spec_version': '2.3'}, 'http_version': '1.1', 'server': ('127.0.0.1', 9199), 'cl...
          │    └ <starlette.middleware.gzip.GZipMiddleware object at 0x0000017221CCBED0>
          └ <middlewares.trace_middleware.middle.TraceASGIMiddleware object at 0x0000017221EE3E50>

  File "D:\yunxia\ai_langgraph\.venv\Lib\site-packages\starlette\middleware\gzip.py", line 29, in __call__
    await responder(scope, receive, send)
          │         │      │        └ <function TraceASGIMiddleware.__call__.<locals>.handle_outgoing_request at 0x0000017223DE8360>
          │         │      └ <function RequestResponseCycle.receive at 0x0000017223DE84A0>
          │         └ {'type': 'http', 'asgi': {'version': '3.0', 'spec_version': '2.3'}, 'http_version': '1.1', 'server': ('127.0.0.1', 9199), 'cl...
          └ <starlette.middleware.gzip.GZipResponder object at 0x0000017222438BD0>
  File "D:\yunxia\ai_langgraph\.venv\Lib\site-packages\starlette\middleware\gzip.py", line 130, in __call__
    await super().__call__(scope, receive, send)
                           │      │        └ <function TraceASGIMiddleware.__call__.<locals>.handle_outgoing_request at 0x0000017223DE8360>
                           │      └ <function RequestResponseCycle.receive at 0x0000017223DE84A0>
                           └ {'type': 'http', 'asgi': {'version': '3.0', 'spec_version': '2.3'}, 'http_version': '1.1', 'server': ('127.0.0.1', 9199), 'cl...
  File "D:\yunxia\ai_langgraph\.venv\Lib\site-packages\starlette\middleware\gzip.py", line 46, in __call__
    await self.app(scope, receive, self.send_with_compression)
          │    │   │      │        │    └ <function IdentityResponder.send_with_compression at 0x000001721E069260>
          │    │   │      │        └ <starlette.middleware.gzip.GZipResponder object at 0x0000017222438BD0>
          │    │   │      └ <function RequestResponseCycle.receive at 0x0000017223DE84A0>
          │    │   └ {'type': 'http', 'asgi': {'version': '3.0', 'spec_version': '2.3'}, 'http_version': '1.1', 'server': ('127.0.0.1', 9199), 'cl...
          │    └ <starlette.middleware.cors.CORSMiddleware object at 0x0000017221EB6350>
          └ <starlette.middleware.gzip.GZipResponder object at 0x0000017222438BD0>
  File "D:\yunxia\ai_langgraph\.venv\Lib\site-packages\starlette\middleware\cors.py", line 93, in __call__
    await self.simple_response(scope, receive, send, request_headers=headers)
          │    │               │      │        │                     └ Headers({'host': '127.0.0.1:9199', 'connection': 'close', 'content-length': '0', 'sec-ch-ua-platform': '"Windows"', 'authoriz...
          │    │               │      │        └ <bound method IdentityResponder.send_with_compression of <starlette.middleware.gzip.GZipResponder object at 0x0000017222438BD0>>
          │    │               │      └ <function RequestResponseCycle.receive at 0x0000017223DE84A0>
          │    │               └ {'type': 'http', 'asgi': {'version': '3.0', 'spec_version': '2.3'}, 'http_version': '1.1', 'server': ('127.0.0.1', 9199), 'cl...
          │    └ <function CORSMiddleware.simple_response at 0x000001721E068AE0>
          └ <starlette.middleware.cors.CORSMiddleware object at 0x0000017221EB6350>
  File "D:\yunxia\ai_langgraph\.venv\Lib\site-packages\starlette\middleware\cors.py", line 144, in simple_response
    await self.app(scope, receive, send)
          │    │   │      │        └ functools.partial(<bound method CORSMiddleware.send of <starlette.middleware.cors.CORSMiddleware object at 0x0000017221EB6350...
          │    │   │      └ <function RequestResponseCycle.receive at 0x0000017223DE84A0>
          │    │   └ {'type': 'http', 'asgi': {'version': '3.0', 'spec_version': '2.3'}, 'http_version': '1.1', 'server': ('127.0.0.1', 9199), 'cl...
          │    └ <middlewares.context_middleware.ContextCleanupMiddleware object at 0x0000017221E2E110>
          └ <starlette.middleware.cors.CORSMiddleware object at 0x0000017221EB6350>
  File "D:\yunxia\ai_langgraph\.venv\Lib\site-packages\starlette\middleware\base.py", line 191, in __call__
    with recv_stream, send_stream, collapse_excgroups():
         │            │            └ <function collapse_excgroups at 0x000001727B3B1A80>
         │            └ MemoryObjectSendStream(_state=_MemoryObjectStreamState(max_buffer_size=0, buffer=deque([]), open_send_channels=0, open_receiv...
         └ MemoryObjectReceiveStream(_state=_MemoryObjectStreamState(max_buffer_size=0, buffer=deque([]), open_send_channels=0, open_rec...
  File "C:\Users\98214\AppData\Roaming\uv\python\cpython-3.11.13-windows-x86_64-none\Lib\contextlib.py", line 158, in __exit__
    self.gen.throw(typ, value, traceback)
    │    │   │     │    │      └ <traceback object at 0x000001722244E800>
    │    │   │     │    └ ExceptionGroup('unhandled errors in a TaskGroup', [ConnectionError("Error while reading from 47.110.95.246:6379 : (10054, '远程...
    │    │   │     └ <class 'ExceptionGroup'>
    │    │   └ <method 'throw' of 'generator' objects>
    │    └ <generator object collapse_excgroups at 0x000001722397DEE0>
    └ <contextlib._GeneratorContextManager object at 0x000001722243B9D0>
  File "D:\yunxia\ai_langgraph\.venv\Lib\site-packages\starlette\_utils.py", line 85, in collapse_excgroups
    raise exc
  File "D:\yunxia\ai_langgraph\.venv\Lib\site-packages\starlette\middleware\base.py", line 193, in __call__
    response = await self.dispatch_func(request, call_next)
                     │    │             │        └ <function BaseHTTPMiddleware.__call__.<locals>.call_next at 0x0000017223DE8540>
                     │    │             └ <starlette.middleware.base._CachedRequest object at 0x00000172224395D0>
                     │    └ <bound method ContextCleanupMiddleware.dispatch of <middlewares.context_middleware.ContextCleanupMiddleware object at 0x00000...
                     └ <middlewares.context_middleware.ContextCleanupMiddleware object at 0x0000017221E2E110>

  File "D:\yunxia\ai_langgraph\RuoYi-Vue3-FastAPI\ruoyi-fastapi-backend\middlewares\context_middleware.py", line 17, in dispatch
    response = await call_next(request)
                     │         └ <starlette.middleware.base._CachedRequest object at 0x00000172224395D0>
                     └ <function BaseHTTPMiddleware.__call__.<locals>.call_next at 0x0000017223DE8540>

  File "D:\yunxia\ai_langgraph\.venv\Lib\site-packages\starlette\middleware\base.py", line 168, in call_next
    raise app_exc from app_exc.__cause__ or app_exc.__context__
          │            │       │            │       └ <attribute '__context__' of 'BaseException' objects>
          │            │       │            └ ConnectionError("Error while reading from 47.110.95.246:6379 : (10054, '远程主机强迫关闭了一个现有的连接。', None, 10054, None)")
          │            │       └ <attribute '__cause__' of 'BaseException' objects>
          │            └ ConnectionError("Error while reading from 47.110.95.246:6379 : (10054, '远程主机强迫关闭了一个现有的连接。', None, 10054, None)")
          └ ConnectionError("Error while reading from 47.110.95.246:6379 : (10054, '远程主机强迫关闭了一个现有的连接。', None, 10054, None)")
  File "D:\yunxia\ai_langgraph\.venv\Lib\site-packages\starlette\middleware\base.py", line 144, in coro
    await self.app(scope, receive_or_disconnect, send_no_error)
          │    │   │      │                      └ <function BaseHTTPMiddleware.__call__.<locals>.call_next.<locals>.send_no_error at 0x0000017223DE8720>
          │    │   │      └ <function BaseHTTPMiddleware.__call__.<locals>.call_next.<locals>.receive_or_disconnect at 0x0000017223DE8400>
          │    │   └ {'type': 'http', 'asgi': {'version': '3.0', 'spec_version': '2.3'}, 'http_version': '1.1', 'server': ('127.0.0.1', 9199), 'cl...
          │    └ <starlette.middleware.exceptions.ExceptionMiddleware object at 0x0000017221E7BBD0>
          └ <middlewares.context_middleware.ContextCleanupMiddleware object at 0x0000017221E2E110>
  File "D:\yunxia\ai_langgraph\.venv\Lib\site-packages\starlette\middleware\exceptions.py", line 63, in __call__
    await wrap_app_handling_exceptions(self.app, conn)(scope, receive, send)
          │                            │    │    │     │      │        └ <function BaseHTTPMiddleware.__call__.<locals>.call_next.<locals>.send_no_error at 0x0000017223DE8720>
          │                            │    │    │     │      └ <function BaseHTTPMiddleware.__call__.<locals>.call_next.<locals>.receive_or_disconnect at 0x0000017223DE8400>
          │                            │    │    │     └ {'type': 'http', 'asgi': {'version': '3.0', 'spec_version': '2.3'}, 'http_version': '1.1', 'server': ('127.0.0.1', 9199), 'cl...
          │                            │    │    └ <starlette.requests.Request object at 0x0000017222439490>
          │                            │    └ <fastapi.middleware.asyncexitstack.AsyncExitStackMiddleware object at 0x000001722212F510>
          │                            └ <starlette.middleware.exceptions.ExceptionMiddleware object at 0x0000017221E7BBD0>
          └ <function wrap_app_handling_exceptions at 0x000001727B43D8A0>
  File "D:\yunxia\ai_langgraph\.venv\Lib\site-packages\starlette\_exception_handler.py", line 53, in wrapped_app
    raise exc
  File "D:\yunxia\ai_langgraph\.venv\Lib\site-packages\starlette\_exception_handler.py", line 42, in wrapped_app
    await app(scope, receive, sender)
          │   │      │        └ <function wrap_app_handling_exceptions.<locals>.wrapped_app.<locals>.sender at 0x0000017223DE8CC0>
          │   │      └ <function BaseHTTPMiddleware.__call__.<locals>.call_next.<locals>.receive_or_disconnect at 0x0000017223DE8400>
          │   └ {'type': 'http', 'asgi': {'version': '3.0', 'spec_version': '2.3'}, 'http_version': '1.1', 'server': ('127.0.0.1', 9199), 'cl...
          └ <fastapi.middleware.asyncexitstack.AsyncExitStackMiddleware object at 0x000001722212F510>
  File "D:\yunxia\ai_langgraph\.venv\Lib\site-packages\fastapi\middleware\asyncexitstack.py", line 18, in __call__
    await self.app(scope, receive, send)
          │    │   │      │        └ <function wrap_app_handling_exceptions.<locals>.wrapped_app.<locals>.sender at 0x0000017223DE8CC0>
          │    │   │      └ <function BaseHTTPMiddleware.__call__.<locals>.call_next.<locals>.receive_or_disconnect at 0x0000017223DE8400>
          │    │   └ {'type': 'http', 'asgi': {'version': '3.0', 'spec_version': '2.3'}, 'http_version': '1.1', 'server': ('127.0.0.1', 9199), 'cl...
          │    └ <fastapi.routing.APIRouter object at 0x000001727B1A3650>
          └ <fastapi.middleware.asyncexitstack.AsyncExitStackMiddleware object at 0x000001722212F510>
  File "D:\yunxia\ai_langgraph\.venv\Lib\site-packages\starlette\routing.py", line 716, in __call__
    await self.middleware_stack(scope, receive, send)
          │    │                │      │        └ <function wrap_app_handling_exceptions.<locals>.wrapped_app.<locals>.sender at 0x0000017223DE8CC0>
          │    │                │      └ <function BaseHTTPMiddleware.__call__.<locals>.call_next.<locals>.receive_or_disconnect at 0x0000017223DE8400>
          │    │                └ {'type': 'http', 'asgi': {'version': '3.0', 'spec_version': '2.3'}, 'http_version': '1.1', 'server': ('127.0.0.1', 9199), 'cl...
          │    └ <bound method Router.app of <fastapi.routing.APIRouter object at 0x000001727B1A3650>>
          └ <fastapi.routing.APIRouter object at 0x000001727B1A3650>
  File "D:\yunxia\ai_langgraph\.venv\Lib\site-packages\starlette\routing.py", line 736, in app
    await route.handle(scope, receive, send)
          │     │      │      │        └ <function wrap_app_handling_exceptions.<locals>.wrapped_app.<locals>.sender at 0x0000017223DE8CC0>
          │     │      │      └ <function BaseHTTPMiddleware.__call__.<locals>.call_next.<locals>.receive_or_disconnect at 0x0000017223DE8400>
          │     │      └ {'type': 'http', 'asgi': {'version': '3.0', 'spec_version': '2.3'}, 'http_version': '1.1', 'server': ('127.0.0.1', 9199), 'cl...
          │     └ <function Route.handle at 0x000001727B43EF20>
          └ APIRoute(path='/logout', name='logout', methods=['POST'])
  File "D:\yunxia\ai_langgraph\.venv\Lib\site-packages\starlette\routing.py", line 290, in handle
    await self.app(scope, receive, send)
          │    │   │      │        └ <function wrap_app_handling_exceptions.<locals>.wrapped_app.<locals>.sender at 0x0000017223DE8CC0>
          │    │   │      └ <function BaseHTTPMiddleware.__call__.<locals>.call_next.<locals>.receive_or_disconnect at 0x0000017223DE8400>
          │    │   └ {'type': 'http', 'asgi': {'version': '3.0', 'spec_version': '2.3'}, 'http_version': '1.1', 'server': ('127.0.0.1', 9199), 'cl...
          │    └ <function request_response.<locals>.app at 0x0000017221FA93A0>
          └ APIRoute(path='/logout', name='logout', methods=['POST'])
  File "D:\yunxia\ai_langgraph\.venv\Lib\site-packages\fastapi\routing.py", line 115, in app
    await wrap_app_handling_exceptions(app, request)(scope, receive, send)
          │                            │    │        │      │        └ <function wrap_app_handling_exceptions.<locals>.wrapped_app.<locals>.sender at 0x0000017223DE8CC0>
          │                            │    │        │      └ <function BaseHTTPMiddleware.__call__.<locals>.call_next.<locals>.receive_or_disconnect at 0x0000017223DE8400>
          │                            │    │        └ {'type': 'http', 'asgi': {'version': '3.0', 'spec_version': '2.3'}, 'http_version': '1.1', 'server': ('127.0.0.1', 9199), 'cl...
          │                            │    └ <starlette.requests.Request object at 0x0000017222439150>
          │                            └ <function request_response.<locals>.app.<locals>.app at 0x0000017223DE8C20>
          └ <function wrap_app_handling_exceptions at 0x000001727B43D8A0>
  File "D:\yunxia\ai_langgraph\.venv\Lib\site-packages\starlette\_exception_handler.py", line 53, in wrapped_app
    raise exc
  File "D:\yunxia\ai_langgraph\.venv\Lib\site-packages\starlette\_exception_handler.py", line 42, in wrapped_app
    await app(scope, receive, sender)
          │   │      │        └ <function wrap_app_handling_exceptions.<locals>.wrapped_app.<locals>.sender at 0x0000017223DE8E00>
          │   │      └ <function BaseHTTPMiddleware.__call__.<locals>.call_next.<locals>.receive_or_disconnect at 0x0000017223DE8400>
          │   └ {'type': 'http', 'asgi': {'version': '3.0', 'spec_version': '2.3'}, 'http_version': '1.1', 'server': ('127.0.0.1', 9199), 'cl...
          └ <function request_response.<locals>.app.<locals>.app at 0x0000017223DE8C20>
  File "D:\yunxia\ai_langgraph\.venv\Lib\site-packages\fastapi\routing.py", line 101, in app
    response = await f(request)
                     │ └ <starlette.requests.Request object at 0x0000017222439150>
                     └ <function get_request_handler.<locals>.app at 0x0000017221FA9300>
  File "D:\yunxia\ai_langgraph\.venv\Lib\site-packages\fastapi\routing.py", line 355, in app
    raw_response = await run_endpoint_function(
                         └ <function run_endpoint_function at 0x000001727B460EA0>
  File "D:\yunxia\ai_langgraph\.venv\Lib\site-packages\fastapi\routing.py", line 243, in run_endpoint_function
    return await dependant.call(**values)
                 │         │      └ {'token': 'eyJhbGciOiJIUzI1NiIsInR5cCI6IkpXVCJ9.eyJ1c2VyX2lkIjoiMSIsInVzZXJfbmFtZSI6ImFkbWluIiwiZGVwdF9uYW1lIjoiXHU3ODE0XHU1M...
                 │         └ <function logout at 0x000001721EC59A80>
                 └ Dependant(path_params=[], query_params=[], header_params=[], cookie_params=[], body_params=[], dependencies=[Dependant(path_p...

  File "D:\yunxia\ai_langgraph\RuoYi-Vue3-FastAPI\ruoyi-fastapi-backend\module_admin\controller\login_controller.py", line 179, in logout
    await LoginService.logout_services(request, token_id)
          │            │               │        └ 'aeb63d0e-353c-4258-8bce-94e4382b2778'
          │            │               └ <starlette.requests.Request object at 0x0000017222439150>
          │            └ <classmethod(<function LoginService.logout_services at 0x000001721E2DDEE0>)>
          └ <class 'module_admin.service.login_service.LoginService'>

  File "D:\yunxia\ai_langgraph\RuoYi-Vue3-FastAPI\ruoyi-fastapi-backend\module_admin\service\login_service.py", line 526, in logout_services
    await request.app.state.redis.delete(f'{RedisInitKeyConfig.ACCESS_TOKEN.key}:{token_id}')
          │       └ <property object at 0x000001727B3AD030>
          └ <starlette.requests.Request object at 0x0000017222439150>

  File "D:\yunxia\ai_langgraph\.venv\Lib\site-packages\redis\asyncio\client.py", line 725, in execute_command
    return await conn.retry.call_with_retry(
                 │    │     └ <function Retry.call_with_retry at 0x000001727D386FC0>
                 │    └ <redis.asyncio.retry.Retry object at 0x000001727A36F110>
                 └ <redis.asyncio.connection.Connection(host=47.110.95.246,port=6379,db=2)>
  File "D:\yunxia\ai_langgraph\.venv\Lib\site-packages\redis\asyncio\retry.py", line 55, in call_with_retry
    raise error
  File "D:\yunxia\ai_langgraph\.venv\Lib\site-packages\redis\asyncio\retry.py", line 50, in call_with_retry
    return await do()
                 └ <function Redis.execute_command.<locals>.<lambda> at 0x0000017223DE89A0>
  File "D:\yunxia\ai_langgraph\.venv\Lib\site-packages\redis\asyncio\client.py", line 700, in _send_command_parse_response
    return await self.parse_response(conn, command_name, **options)
                 │    │              │     │               └ {}
                 │    │              │     └ 'DEL'
                 │    │              └ <redis.asyncio.connection.Connection(host=47.110.95.246,port=6379,db=2)>
                 │    └ <function Redis.parse_response at 0x000001727D4C09A0>
                 └ <redis.asyncio.client.Redis(<redis.asyncio.connection.ConnectionPool(<redis.asyncio.connection.Connection(port=6379,username=...
  File "D:\yunxia\ai_langgraph\.venv\Lib\site-packages\redis\asyncio\client.py", line 746, in parse_response
    response = await connection.read_response()
                     │          └ <function AbstractConnection.read_response at 0x000001727D3E8E00>
                     └ <redis.asyncio.connection.Connection(host=47.110.95.246,port=6379,db=2)>
  File "D:\yunxia\ai_langgraph\.venv\Lib\site-packages\redis\asyncio\connection.py", line 621, in read_response
    raise ConnectionError(f"Error while reading from {host_error} : {e.args}")
          └ <class 'redis.exceptions.ConnectionError'>

redis.exceptions.ConnectionError: Error while reading from 47.110.95.246:6379 : (10054, '远程主机强迫关闭了一个现有的连接。', None, 10054, None)
ERROR:    Exception in ASGI application
Traceback (most recent call last):
  File "D:\yunxia\ai_langgraph\.venv\Lib\site-packages\redis\asyncio\connection.py", line 607, in read_response
    response = await self._parser.read_response(
               ^^^^^^^^^^^^^^^^^^^^^^^^^^^^^^^^^
  File "D:\yunxia\ai_langgraph\.venv\Lib\site-packages\redis\_parsers\resp2.py", line 82, in read_response
    response = await self._read_response(disable_decoding=disable_decoding)
               ^^^^^^^^^^^^^^^^^^^^^^^^^^^^^^^^^^^^^^^^^^^^^^^^^^^^^^^^^^^^
  File "D:\yunxia\ai_langgraph\.venv\Lib\site-packages\redis\_parsers\resp2.py", line 90, in _read_response
    raw = await self._readline()
          ^^^^^^^^^^^^^^^^^^^^^^
  File "D:\yunxia\ai_langgraph\.venv\Lib\site-packages\redis\_parsers\base.py", line 468, in _readline
    data = await self._stream.readline()
           ^^^^^^^^^^^^^^^^^^^^^^^^^^^^^
  File "C:\Users\98214\AppData\Roaming\uv\python\cpython-3.11.13-windows-x86_64-none\Lib\asyncio\streams.py", line 566, in readline
    line = await self.readuntil(sep)
           ^^^^^^^^^^^^^^^^^^^^^^^^^
  File "C:\Users\98214\AppData\Roaming\uv\python\cpython-3.11.13-windows-x86_64-none\Lib\asyncio\streams.py", line 658, in readuntil
    await self._wait_for_data('readuntil')
  File "C:\Users\98214\AppData\Roaming\uv\python\cpython-3.11.13-windows-x86_64-none\Lib\asyncio\streams.py", line 543, in _wait_for_data
    await self._waiter
  File "C:\Users\98214\AppData\Roaming\uv\python\cpython-3.11.13-windows-x86_64-none\Lib\asyncio\selector_events.py", line 999, in _read_ready__data_received
    data = self._sock.recv(self.max_size)
           ^^^^^^^^^^^^^^^^^^^^^^^^^^^^^^
ConnectionResetError: [WinError 10054] 远程主机强迫关闭了一个现有的连接。

The above exception was the direct cause of the following exception:

Traceback (most recent call last):
  File "D:\yunxia\ai_langgraph\.venv\Lib\site-packages\uvicorn\protocols\http\httptools_impl.py", line 416, in run_asgi
    result = await app(  # type: ignore[func-returns-value]
             ^^^^^^^^^^^^^^^^^^^^^^^^^^^^^^^^^^^^^^^^^^^^^^
  File "D:\yunxia\ai_langgraph\.venv\Lib\site-packages\uvicorn\middleware\proxy_headers.py", line 60, in __call__
    return await self.app(scope, receive, send)
           ^^^^^^^^^^^^^^^^^^^^^^^^^^^^^^^^^^^^
  File "D:\yunxia\ai_langgraph\.venv\Lib\site-packages\fastapi\applications.py", line 1135, in __call__
    await super().__call__(scope, receive, send)
  File "D:\yunxia\ai_langgraph\.venv\Lib\site-packages\starlette\applications.py", line 107, in __call__
    await self.middleware_stack(scope, receive, send)
  File "D:\yunxia\ai_langgraph\.venv\Lib\site-packages\starlette\middleware\errors.py", line 186, in __call__
    raise exc
  File "D:\yunxia\ai_langgraph\.venv\Lib\site-packages\starlette\middleware\errors.py", line 164, in __call__
    await self.app(scope, receive, _send)
  File "D:\yunxia\ai_langgraph\RuoYi-Vue3-FastAPI\ruoyi-fastapi-backend\middlewares\trace_middleware\middle.py", line 42, in __call__
    await self.app(scope, handle_outgoing_receive, handle_outgoing_request)
  File "D:\yunxia\ai_langgraph\.venv\Lib\site-packages\starlette\middleware\gzip.py", line 29, in __call__
    await responder(scope, receive, send)
  File "D:\yunxia\ai_langgraph\.venv\Lib\site-packages\starlette\middleware\gzip.py", line 130, in __call__
    await super().__call__(scope, receive, send)
  File "D:\yunxia\ai_langgraph\.venv\Lib\site-packages\starlette\middleware\gzip.py", line 46, in __call__
    await self.app(scope, receive, self.send_with_compression)
  File "D:\yunxia\ai_langgraph\.venv\Lib\site-packages\starlette\middleware\cors.py", line 93, in __call__
    await self.simple_response(scope, receive, send, request_headers=headers)
  File "D:\yunxia\ai_langgraph\.venv\Lib\site-packages\starlette\middleware\cors.py", line 144, in simple_response
    await self.app(scope, receive, send)
  File "D:\yunxia\ai_langgraph\.venv\Lib\site-packages\starlette\middleware\base.py", line 191, in __call__
    with recv_stream, send_stream, collapse_excgroups():
  File "C:\Users\98214\AppData\Roaming\uv\python\cpython-3.11.13-windows-x86_64-none\Lib\contextlib.py", line 158, in __exit__
    self.gen.throw(typ, value, traceback)
  File "D:\yunxia\ai_langgraph\.venv\Lib\site-packages\starlette\_utils.py", line 85, in collapse_excgroups
    raise exc
  File "D:\yunxia\ai_langgraph\.venv\Lib\site-packages\starlette\middleware\base.py", line 193, in __call__
    response = await self.dispatch_func(request, call_next)
               ^^^^^^^^^^^^^^^^^^^^^^^^^^^^^^^^^^^^^^^^^^^^
  File "D:\yunxia\ai_langgraph\RuoYi-Vue3-FastAPI\ruoyi-fastapi-backend\middlewares\context_middleware.py", line 17, in dispatch
    response = await call_next(request)
               ^^^^^^^^^^^^^^^^^^^^^^^^
  File "D:\yunxia\ai_langgraph\.venv\Lib\site-packages\starlette\middleware\base.py", line 168, in call_next
    raise app_exc from app_exc.__cause__ or app_exc.__context__
  File "D:\yunxia\ai_langgraph\.venv\Lib\site-packages\starlette\middleware\base.py", line 144, in coro
    await self.app(scope, receive_or_disconnect, send_no_error)
  File "D:\yunxia\ai_langgraph\.venv\Lib\site-packages\starlette\middleware\exceptions.py", line 63, in __call__
    await wrap_app_handling_exceptions(self.app, conn)(scope, receive, send)
  File "D:\yunxia\ai_langgraph\.venv\Lib\site-packages\starlette\_exception_handler.py", line 53, in wrapped_app
    raise exc
  File "D:\yunxia\ai_langgraph\.venv\Lib\site-packages\starlette\_exception_handler.py", line 42, in wrapped_app
    await app(scope, receive, sender)
  File "D:\yunxia\ai_langgraph\.venv\Lib\site-packages\fastapi\middleware\asyncexitstack.py", line 18, in __call__
    await self.app(scope, receive, send)
  File "D:\yunxia\ai_langgraph\.venv\Lib\site-packages\starlette\routing.py", line 716, in __call__
    await self.middleware_stack(scope, receive, send)
  File "D:\yunxia\ai_langgraph\.venv\Lib\site-packages\starlette\routing.py", line 736, in app
    await route.handle(scope, receive, send)
  File "D:\yunxia\ai_langgraph\.venv\Lib\site-packages\starlette\routing.py", line 290, in handle
    await self.app(scope, receive, send)
  File "D:\yunxia\ai_langgraph\.venv\Lib\site-packages\fastapi\routing.py", line 115, in app
    await wrap_app_handling_exceptions(app, request)(scope, receive, send)
  File "D:\yunxia\ai_langgraph\.venv\Lib\site-packages\starlette\_exception_handler.py", line 53, in wrapped_app
    raise exc
  File "D:\yunxia\ai_langgraph\.venv\Lib\site-packages\starlette\_exception_handler.py", line 42, in wrapped_app
    await app(scope, receive, sender)
  File "D:\yunxia\ai_langgraph\.venv\Lib\site-packages\fastapi\routing.py", line 101, in app
    response = await f(request)
               ^^^^^^^^^^^^^^^^
  File "D:\yunxia\ai_langgraph\.venv\Lib\site-packages\fastapi\routing.py", line 355, in app
    raw_response = await run_endpoint_function(
                   ^^^^^^^^^^^^^^^^^^^^^^^^^^^^
  File "D:\yunxia\ai_langgraph\.venv\Lib\site-packages\fastapi\routing.py", line 243, in run_endpoint_function
    return await dependant.call(**values)
           ^^^^^^^^^^^^^^^^^^^^^^^^^^^^^^
  File "D:\yunxia\ai_langgraph\RuoYi-Vue3-FastAPI\ruoyi-fastapi-backend\module_admin\controller\login_controller.py", line 179, in logout
    await LoginService.logout_services(request, token_id)
  File "D:\yunxia\ai_langgraph\RuoYi-Vue3-FastAPI\ruoyi-fastapi-backend\module_admin\service\login_service.py", line 526, in logout_services
    await request.app.state.redis.delete(f'{RedisInitKeyConfig.ACCESS_TOKEN.key}:{token_id}')
  File "D:\yunxia\ai_langgraph\.venv\Lib\site-packages\redis\asyncio\client.py", line 725, in execute_command
    return await conn.retry.call_with_retry(
           ^^^^^^^^^^^^^^^^^^^^^^^^^^^^^^^^^
  File "D:\yunxia\ai_langgraph\.venv\Lib\site-packages\redis\asyncio\retry.py", line 55, in call_with_retry
    raise error
  File "D:\yunxia\ai_langgraph\.venv\Lib\site-packages\redis\asyncio\retry.py", line 50, in call_with_retry
    return await do()
           ^^^^^^^^^^
  File "D:\yunxia\ai_langgraph\.venv\Lib\site-packages\redis\asyncio\client.py", line 700, in _send_command_parse_response
    return await self.parse_response(conn, command_name, **options)
           ^^^^^^^^^^^^^^^^^^^^^^^^^^^^^^^^^^^^^^^^^^^^^^^^^^^^^^^^
  File "D:\yunxia\ai_langgraph\.venv\Lib\site-packages\redis\asyncio\client.py", line 746, in parse_response
    response = await connection.read_response()
               ^^^^^^^^^^^^^^^^^^^^^^^^^^^^^^^^
  File "D:\yunxia\ai_langgraph\.venv\Lib\site-packages\redis\asyncio\connection.py", line 621, in read_response
    raise ConnectionError(f"Error while reading from {host_error} : {e.args}")
redis.exceptions.ConnectionError: Error while reading from 47.110.95.246:6379 : (10054, '远程主机强迫关闭了一个现有的连接。', None, 10054, None)
2025-12-31 20:01:17.334 | 5dbec68ad3094881ac436974957be4a2 | INFO     | module_testing.controller.project_controller:get_project_list:51 - 获取项目列表成功
2025-12-31 20:01:17.374 | eb232c4262364622b90e87548f3375dc | INFO     | module_testing.controller.requirement_controller:get_requirement_list:56 - 获取需求列表成功，共 3 条
2025-12-31 20:01:17.454 | eb232c4262364622b90e87548f3375dc | ERROR    | exceptions.handle:exception_handler:71 - 1 validation error for OperLogModel
businessType
  Input should be 0, 1, 2, 3, 4, 5, 6, 7, 8, 9, '0', '1', '2', '3', '4', '5', '6', '7', '8' or '9' [type=literal_error, input_value=10, input_type=int]
    For further information visit https://errors.pydantic.dev/2.12/v/literal_error
Traceback (most recent call last):

  File "<string>", line 1, in <module>
  File "C:\Users\98214\AppData\Roaming\uv\python\cpython-3.11.13-windows-x86_64-none\Lib\multiprocessing\spawn.py", line 122, in spawn_main
    exitcode = _main(fd, parent_sentinel)
               │     │   └ 328
               │     └ 3
               └ <function _main at 0x000001727803A0C0>
  File "C:\Users\98214\AppData\Roaming\uv\python\cpython-3.11.13-windows-x86_64-none\Lib\multiprocessing\spawn.py", line 135, in _main
    return self._bootstrap(parent_sentinel)
           │    │          └ 328
           │    └ <function BaseProcess._bootstrap at 0x0000017277D80D60>
           └ <SpawnProcess name='SpawnProcess-1' parent=73032 started>
  File "C:\Users\98214\AppData\Roaming\uv\python\cpython-3.11.13-windows-x86_64-none\Lib\multiprocessing\process.py", line 314, in _bootstrap
    self.run()
    │    └ <function BaseProcess.run at 0x0000017277D802C0>
    └ <SpawnProcess name='SpawnProcess-1' parent=73032 started>
  File "C:\Users\98214\AppData\Roaming\uv\python\cpython-3.11.13-windows-x86_64-none\Lib\multiprocessing\process.py", line 108, in run
    self._target(*self._args, **self._kwargs)
    │    │        │    │        │    └ {'config': <uvicorn.config.Config object at 0x0000017278014510>, 'target': <bound method Server.run of <uvicorn.server.Server...
    │    │        │    │        └ <SpawnProcess name='SpawnProcess-1' parent=73032 started>
    │    │        │    └ ()
    │    │        └ <SpawnProcess name='SpawnProcess-1' parent=73032 started>
    │    └ <function subprocess_started at 0x000001727A1D1760>
    └ <SpawnProcess name='SpawnProcess-1' parent=73032 started>
  File "D:\yunxia\ai_langgraph\.venv\Lib\site-packages\uvicorn\_subprocess.py", line 80, in subprocess_started
    target(sockets=sockets)
    │              └ [<socket.socket fd=856, family=2, type=1, proto=6, laddr=('0.0.0.0', 9199)>]
    └ <bound method Server.run of <uvicorn.server.Server object at 0x000001727A3621D0>>
  File "D:\yunxia\ai_langgraph\.venv\Lib\site-packages\uvicorn\server.py", line 67, in run
    return asyncio_run(self.serve(sockets=sockets), loop_factory=self.config.get_loop_factory())
           │           │    │             │                      │    │      └ <function Config.get_loop_factory at 0x000001727A171800>
           │           │    │             │                      │    └ <uvicorn.config.Config object at 0x0000017278014510>
           │           │    │             │                      └ <uvicorn.server.Server object at 0x000001727A3621D0>
           │           │    │             └ [<socket.socket fd=856, family=2, type=1, proto=6, laddr=('0.0.0.0', 9199)>]
           │           │    └ <function Server.serve at 0x000001727A1D0400>
           │           └ <uvicorn.server.Server object at 0x000001727A3621D0>
           └ <function asyncio_run at 0x000001727A135B20>
  File "D:\yunxia\ai_langgraph\.venv\Lib\site-packages\uvicorn\_compat.py", line 30, in asyncio_run
    return runner.run(main)
           │      │   └ <coroutine object Server.serve at 0x000001727A33C9A0>
           │      └ <function Runner.run at 0x0000017279EDE2A0>
           └ <asyncio.runners.Runner object at 0x000001727A3618D0>
  File "C:\Users\98214\AppData\Roaming\uv\python\cpython-3.11.13-windows-x86_64-none\Lib\asyncio\runners.py", line 118, in run
    return self._loop.run_until_complete(task)
           │    │     │                  └ <Task pending name='Task-1' coro=<Server.serve() running at D:\yunxia\ai_langgraph\.venv\Lib\site-packages\uvicorn\server.py:...
           │    │     └ <function BaseEventLoop.run_until_complete at 0x0000017279ECFD80>
           │    └ <_WindowsSelectorEventLoop running=True closed=False debug=False>
           └ <asyncio.runners.Runner object at 0x000001727A3618D0>
  File "C:\Users\98214\AppData\Roaming\uv\python\cpython-3.11.13-windows-x86_64-none\Lib\asyncio\base_events.py", line 641, in run_until_complete
    self.run_forever()
    │    └ <function BaseEventLoop.run_forever at 0x0000017279ECFCE0>
    └ <_WindowsSelectorEventLoop running=True closed=False debug=False>
  File "C:\Users\98214\AppData\Roaming\uv\python\cpython-3.11.13-windows-x86_64-none\Lib\asyncio\base_events.py", line 608, in run_forever
    self._run_once()
    │    └ <function BaseEventLoop._run_once at 0x0000017279EDDB20>
    └ <_WindowsSelectorEventLoop running=True closed=False debug=False>
  File "C:\Users\98214\AppData\Roaming\uv\python\cpython-3.11.13-windows-x86_64-none\Lib\asyncio\base_events.py", line 1936, in _run_once
    handle._run()
    │      └ <function Handle._run at 0x0000017279A07060>
    └ <Handle Task.task_wakeup(<Future finished result=None>)>
  File "C:\Users\98214\AppData\Roaming\uv\python\cpython-3.11.13-windows-x86_64-none\Lib\asyncio\events.py", line 84, in _run
    self._context.run(self._callback, *self._args)
    │    │            │    │           │    └ <member '_args' of 'Handle' objects>
    │    │            │    │           └ <Handle Task.task_wakeup(<Future finished result=None>)>
    │    │            │    └ <member '_callback' of 'Handle' objects>
    │    │            └ <Handle Task.task_wakeup(<Future finished result=None>)>
    │    └ <member '_context' of 'Handle' objects>
    └ <Handle Task.task_wakeup(<Future finished result=None>)>
  File "D:\yunxia\ai_langgraph\.venv\Lib\site-packages\uvicorn\protocols\http\httptools_impl.py", line 416, in run_asgi
    result = await app(  # type: ignore[func-returns-value]
                   └ <uvicorn.middleware.proxy_headers.ProxyHeadersMiddleware object at 0x0000017221D33D50>
  File "D:\yunxia\ai_langgraph\.venv\Lib\site-packages\uvicorn\middleware\proxy_headers.py", line 60, in __call__
    return await self.app(scope, receive, send)
                 │    │   │      │        └ <bound method RequestResponseCycle.send of <uvicorn.protocols.http.httptools_impl.RequestResponseCycle object at 0x0000017223...
                 │    │   │      └ <bound method RequestResponseCycle.receive of <uvicorn.protocols.http.httptools_impl.RequestResponseCycle object at 0x0000017...
                 │    │   └ {'type': 'http', 'asgi': {'version': '3.0', 'spec_version': '2.3'}, 'http_version': '1.1', 'server': ('127.0.0.1', 9199), 'cl...
                 │    └ <fastapi.applications.FastAPI object at 0x000001727A529290>
                 └ <uvicorn.middleware.proxy_headers.ProxyHeadersMiddleware object at 0x0000017221D33D50>
  File "D:\yunxia\ai_langgraph\.venv\Lib\site-packages\fastapi\applications.py", line 1135, in __call__
    await super().__call__(scope, receive, send)
                           │      │        └ <bound method RequestResponseCycle.send of <uvicorn.protocols.http.httptools_impl.RequestResponseCycle object at 0x0000017223...
                           │      └ <bound method RequestResponseCycle.receive of <uvicorn.protocols.http.httptools_impl.RequestResponseCycle object at 0x0000017...
                           └ {'type': 'http', 'asgi': {'version': '3.0', 'spec_version': '2.3'}, 'http_version': '1.1', 'server': ('127.0.0.1', 9199), 'cl...
  File "D:\yunxia\ai_langgraph\.venv\Lib\site-packages\starlette\applications.py", line 107, in __call__
    await self.middleware_stack(scope, receive, send)
          │    │                │      │        └ <bound method RequestResponseCycle.send of <uvicorn.protocols.http.httptools_impl.RequestResponseCycle object at 0x0000017223...
          │    │                │      └ <bound method RequestResponseCycle.receive of <uvicorn.protocols.http.httptools_impl.RequestResponseCycle object at 0x0000017...
          │    │                └ {'type': 'http', 'asgi': {'version': '3.0', 'spec_version': '2.3'}, 'http_version': '1.1', 'server': ('127.0.0.1', 9199), 'cl...
          │    └ <starlette.middleware.errors.ServerErrorMiddleware object at 0x0000017221EDBBD0>
          └ <fastapi.applications.FastAPI object at 0x000001727A529290>
> File "D:\yunxia\ai_langgraph\.venv\Lib\site-packages\starlette\middleware\errors.py", line 164, in __call__
    await self.app(scope, receive, _send)
          │    │   │      │        └ <function ServerErrorMiddleware.__call__.<locals>._send at 0x0000017223DB6480>
          │    │   │      └ <bound method RequestResponseCycle.receive of <uvicorn.protocols.http.httptools_impl.RequestResponseCycle object at 0x0000017...
          │    │   └ {'type': 'http', 'asgi': {'version': '3.0', 'spec_version': '2.3'}, 'http_version': '1.1', 'server': ('127.0.0.1', 9199), 'cl...
          │    └ <middlewares.trace_middleware.middle.TraceASGIMiddleware object at 0x0000017221EE3E50>
          └ <starlette.middleware.errors.ServerErrorMiddleware object at 0x0000017221EDBBD0>

  File "D:\yunxia\ai_langgraph\RuoYi-Vue3-FastAPI\ruoyi-fastapi-backend\middlewares\trace_middleware\middle.py", line 42, in __call__
    await self.app(scope, handle_outgoing_receive, handle_outgoing_request)
          │    │   │      │                        └ <function TraceASGIMiddleware.__call__.<locals>.handle_outgoing_request at 0x0000017223DB7380>
          │    │   │      └ <function RequestResponseCycle.receive at 0x0000017223DB67A0>
          │    │   └ {'type': 'http', 'asgi': {'version': '3.0', 'spec_version': '2.3'}, 'http_version': '1.1', 'server': ('127.0.0.1', 9199), 'cl...
          │    └ <starlette.middleware.gzip.GZipMiddleware object at 0x0000017221CCBED0>
          └ <middlewares.trace_middleware.middle.TraceASGIMiddleware object at 0x0000017221EE3E50>

  File "D:\yunxia\ai_langgraph\.venv\Lib\site-packages\starlette\middleware\gzip.py", line 29, in __call__
    await responder(scope, receive, send)
          │         │      │        └ <function TraceASGIMiddleware.__call__.<locals>.handle_outgoing_request at 0x0000017223DB7380>
          │         │      └ <function RequestResponseCycle.receive at 0x0000017223DB67A0>
          │         └ {'type': 'http', 'asgi': {'version': '3.0', 'spec_version': '2.3'}, 'http_version': '1.1', 'server': ('127.0.0.1', 9199), 'cl...
          └ <starlette.middleware.gzip.GZipResponder object at 0x0000017223DE6B50>
  File "D:\yunxia\ai_langgraph\.venv\Lib\site-packages\starlette\middleware\gzip.py", line 130, in __call__
    await super().__call__(scope, receive, send)
                           │      │        └ <function TraceASGIMiddleware.__call__.<locals>.handle_outgoing_request at 0x0000017223DB7380>
                           │      └ <function RequestResponseCycle.receive at 0x0000017223DB67A0>
                           └ {'type': 'http', 'asgi': {'version': '3.0', 'spec_version': '2.3'}, 'http_version': '1.1', 'server': ('127.0.0.1', 9199), 'cl...
  File "D:\yunxia\ai_langgraph\.venv\Lib\site-packages\starlette\middleware\gzip.py", line 46, in __call__
    await self.app(scope, receive, self.send_with_compression)
          │    │   │      │        │    └ <function IdentityResponder.send_with_compression at 0x000001721E069260>
          │    │   │      │        └ <starlette.middleware.gzip.GZipResponder object at 0x0000017223DE6B50>
          │    │   │      └ <function RequestResponseCycle.receive at 0x0000017223DB67A0>
          │    │   └ {'type': 'http', 'asgi': {'version': '3.0', 'spec_version': '2.3'}, 'http_version': '1.1', 'server': ('127.0.0.1', 9199), 'cl...
          │    └ <starlette.middleware.cors.CORSMiddleware object at 0x0000017221EB6350>
          └ <starlette.middleware.gzip.GZipResponder object at 0x0000017223DE6B50>
  File "D:\yunxia\ai_langgraph\.venv\Lib\site-packages\starlette\middleware\cors.py", line 85, in __call__
    await self.app(scope, receive, send)
          │    │   │      │        └ <bound method IdentityResponder.send_with_compression of <starlette.middleware.gzip.GZipResponder object at 0x0000017223DE6B50>>
          │    │   │      └ <function RequestResponseCycle.receive at 0x0000017223DB67A0>
          │    │   └ {'type': 'http', 'asgi': {'version': '3.0', 'spec_version': '2.3'}, 'http_version': '1.1', 'server': ('127.0.0.1', 9199), 'cl...
          │    └ <middlewares.context_middleware.ContextCleanupMiddleware object at 0x0000017221E2E110>
          └ <starlette.middleware.cors.CORSMiddleware object at 0x0000017221EB6350>
  File "D:\yunxia\ai_langgraph\.venv\Lib\site-packages\starlette\middleware\base.py", line 191, in __call__
    with recv_stream, send_stream, collapse_excgroups():
         │            │            └ <function collapse_excgroups at 0x000001727B3B1A80>
         │            └ MemoryObjectSendStream(_state=_MemoryObjectStreamState(max_buffer_size=0, buffer=deque([]), open_send_channels=0, open_receiv...
         └ MemoryObjectReceiveStream(_state=_MemoryObjectStreamState(max_buffer_size=0, buffer=deque([]), open_send_channels=0, open_rec...
  File "C:\Users\98214\AppData\Roaming\uv\python\cpython-3.11.13-windows-x86_64-none\Lib\contextlib.py", line 158, in __exit__
    self.gen.throw(typ, value, traceback)
    │    │   │     │    │      └ <traceback object at 0x00000172223CEB00>
    │    │   │     │    └ ExceptionGroup('unhandled errors in a TaskGroup', [1 validation error for OperLogModel
    │    │   │     │      businessType
    │    │   │     │        Input should be 0, 1, 2...
    │    │   │     └ <class 'ExceptionGroup'>
    │    │   └ <method 'throw' of 'generator' objects>
    │    └ <generator object collapse_excgroups at 0x0000017223DDA7A0>
    └ <contextlib._GeneratorContextManager object at 0x0000017223DE73D0>
  File "D:\yunxia\ai_langgraph\.venv\Lib\site-packages\starlette\_utils.py", line 85, in collapse_excgroups
    raise exc
  File "D:\yunxia\ai_langgraph\.venv\Lib\site-packages\starlette\middleware\base.py", line 193, in __call__
    response = await self.dispatch_func(request, call_next)
                     │    │             │        └ <function BaseHTTPMiddleware.__call__.<locals>.call_next at 0x0000017223DB4720>
                     │    │             └ <starlette.middleware.base._CachedRequest object at 0x0000017223DE6C50>
                     │    └ <bound method ContextCleanupMiddleware.dispatch of <middlewares.context_middleware.ContextCleanupMiddleware object at 0x00000...
                     └ <middlewares.context_middleware.ContextCleanupMiddleware object at 0x0000017221E2E110>

  File "D:\yunxia\ai_langgraph\RuoYi-Vue3-FastAPI\ruoyi-fastapi-backend\middlewares\context_middleware.py", line 17, in dispatch
    response = await call_next(request)
                     │         └ <starlette.middleware.base._CachedRequest object at 0x0000017223DE6C50>
                     └ <function BaseHTTPMiddleware.__call__.<locals>.call_next at 0x0000017223DB4720>

  File "D:\yunxia\ai_langgraph\.venv\Lib\site-packages\starlette\middleware\base.py", line 168, in call_next
    raise app_exc from app_exc.__cause__ or app_exc.__context__
          │            │       │            │       └ <attribute '__context__' of 'BaseException' objects>
          │            │       │            └ 1 validation error for OperLogModel
          │            │       │              businessType
          │            │       │                Input should be 0, 1, 2, 3, 4, 5, 6, 7, 8, 9, '0', '1', '2', '3', '4', '5'...
          │            │       └ <attribute '__cause__' of 'BaseException' objects>
          │            └ 1 validation error for OperLogModel
          │              businessType
          │                Input should be 0, 1, 2, 3, 4, 5, 6, 7, 8, 9, '0', '1', '2', '3', '4', '5'...
          └ 1 validation error for OperLogModel
            businessType
              Input should be 0, 1, 2, 3, 4, 5, 6, 7, 8, 9, '0', '1', '2', '3', '4', '5'...
  File "D:\yunxia\ai_langgraph\.venv\Lib\site-packages\starlette\middleware\base.py", line 144, in coro
    await self.app(scope, receive_or_disconnect, send_no_error)
          │    │   │      │                      └ <function BaseHTTPMiddleware.__call__.<locals>.call_next.<locals>.send_no_error at 0x0000017223DE96C0>
          │    │   │      └ <function BaseHTTPMiddleware.__call__.<locals>.call_next.<locals>.receive_or_disconnect at 0x0000017223DE8AE0>
          │    │   └ {'type': 'http', 'asgi': {'version': '3.0', 'spec_version': '2.3'}, 'http_version': '1.1', 'server': ('127.0.0.1', 9199), 'cl...
          │    └ <starlette.middleware.exceptions.ExceptionMiddleware object at 0x0000017221E7BBD0>
          └ <middlewares.context_middleware.ContextCleanupMiddleware object at 0x0000017221E2E110>
  File "D:\yunxia\ai_langgraph\.venv\Lib\site-packages\starlette\middleware\exceptions.py", line 63, in __call__
    await wrap_app_handling_exceptions(self.app, conn)(scope, receive, send)
          │                            │    │    │     │      │        └ <function BaseHTTPMiddleware.__call__.<locals>.call_next.<locals>.send_no_error at 0x0000017223DE96C0>
          │                            │    │    │     │      └ <function BaseHTTPMiddleware.__call__.<locals>.call_next.<locals>.receive_or_disconnect at 0x0000017223DE8AE0>
          │                            │    │    │     └ {'type': 'http', 'asgi': {'version': '3.0', 'spec_version': '2.3'}, 'http_version': '1.1', 'server': ('127.0.0.1', 9199), 'cl...
          │                            │    │    └ <starlette.requests.Request object at 0x0000017223DE7190>
          │                            │    └ <fastapi.middleware.asyncexitstack.AsyncExitStackMiddleware object at 0x000001722212F510>
          │                            └ <starlette.middleware.exceptions.ExceptionMiddleware object at 0x0000017221E7BBD0>
          └ <function wrap_app_handling_exceptions at 0x000001727B43D8A0>
  File "D:\yunxia\ai_langgraph\.venv\Lib\site-packages\starlette\_exception_handler.py", line 53, in wrapped_app
    raise exc
  File "D:\yunxia\ai_langgraph\.venv\Lib\site-packages\starlette\_exception_handler.py", line 42, in wrapped_app
    await app(scope, receive, sender)
          │   │      │        └ <function wrap_app_handling_exceptions.<locals>.wrapped_app.<locals>.sender at 0x0000017223DE8FE0>
          │   │      └ <function BaseHTTPMiddleware.__call__.<locals>.call_next.<locals>.receive_or_disconnect at 0x0000017223DE8AE0>
          │   └ {'type': 'http', 'asgi': {'version': '3.0', 'spec_version': '2.3'}, 'http_version': '1.1', 'server': ('127.0.0.1', 9199), 'cl...
          └ <fastapi.middleware.asyncexitstack.AsyncExitStackMiddleware object at 0x000001722212F510>
  File "D:\yunxia\ai_langgraph\.venv\Lib\site-packages\fastapi\middleware\asyncexitstack.py", line 18, in __call__
    await self.app(scope, receive, send)
          │    │   │      │        └ <function wrap_app_handling_exceptions.<locals>.wrapped_app.<locals>.sender at 0x0000017223DE8FE0>
          │    │   │      └ <function BaseHTTPMiddleware.__call__.<locals>.call_next.<locals>.receive_or_disconnect at 0x0000017223DE8AE0>
          │    │   └ {'type': 'http', 'asgi': {'version': '3.0', 'spec_version': '2.3'}, 'http_version': '1.1', 'server': ('127.0.0.1', 9199), 'cl...
          │    └ <fastapi.routing.APIRouter object at 0x000001727B1A3650>
          └ <fastapi.middleware.asyncexitstack.AsyncExitStackMiddleware object at 0x000001722212F510>
  File "D:\yunxia\ai_langgraph\.venv\Lib\site-packages\starlette\routing.py", line 716, in __call__
    await self.middleware_stack(scope, receive, send)
          │    │                │      │        └ <function wrap_app_handling_exceptions.<locals>.wrapped_app.<locals>.sender at 0x0000017223DE8FE0>
          │    │                │      └ <function BaseHTTPMiddleware.__call__.<locals>.call_next.<locals>.receive_or_disconnect at 0x0000017223DE8AE0>
          │    │                └ {'type': 'http', 'asgi': {'version': '3.0', 'spec_version': '2.3'}, 'http_version': '1.1', 'server': ('127.0.0.1', 9199), 'cl...
          │    └ <bound method Router.app of <fastapi.routing.APIRouter object at 0x000001727B1A3650>>
          └ <fastapi.routing.APIRouter object at 0x000001727B1A3650>
  File "D:\yunxia\ai_langgraph\.venv\Lib\site-packages\starlette\routing.py", line 736, in app
    await route.handle(scope, receive, send)
          │     │      │      │        └ <function wrap_app_handling_exceptions.<locals>.wrapped_app.<locals>.sender at 0x0000017223DE8FE0>
          │     │      │      └ <function BaseHTTPMiddleware.__call__.<locals>.call_next.<locals>.receive_or_disconnect at 0x0000017223DE8AE0>
          │     │      └ {'type': 'http', 'asgi': {'version': '3.0', 'spec_version': '2.3'}, 'http_version': '1.1', 'server': ('127.0.0.1', 9199), 'cl...
          │     └ <function Route.handle at 0x000001727B43EF20>
          └ APIRoute(path='/testing/requirement/list', name='get_requirement_list', methods=['GET'])
  File "D:\yunxia\ai_langgraph\.venv\Lib\site-packages\starlette\routing.py", line 290, in handle
    await self.app(scope, receive, send)
          │    │   │      │        └ <function wrap_app_handling_exceptions.<locals>.wrapped_app.<locals>.sender at 0x0000017223DE8FE0>
          │    │   │      └ <function BaseHTTPMiddleware.__call__.<locals>.call_next.<locals>.receive_or_disconnect at 0x0000017223DE8AE0>
          │    │   └ {'type': 'http', 'asgi': {'version': '3.0', 'spec_version': '2.3'}, 'http_version': '1.1', 'server': ('127.0.0.1', 9199), 'cl...
          │    └ <function request_response.<locals>.app at 0x0000017221DD9E40>
          └ APIRoute(path='/testing/requirement/list', name='get_requirement_list', methods=['GET'])
  File "D:\yunxia\ai_langgraph\.venv\Lib\site-packages\fastapi\routing.py", line 115, in app
    await wrap_app_handling_exceptions(app, request)(scope, receive, send)
          │                            │    │        │      │        └ <function wrap_app_handling_exceptions.<locals>.wrapped_app.<locals>.sender at 0x0000017223DE8FE0>
          │                            │    │        │      └ <function BaseHTTPMiddleware.__call__.<locals>.call_next.<locals>.receive_or_disconnect at 0x0000017223DE8AE0>
          │                            │    │        └ {'type': 'http', 'asgi': {'version': '3.0', 'spec_version': '2.3'}, 'http_version': '1.1', 'server': ('127.0.0.1', 9199), 'cl...
          │                            │    └ <starlette.requests.Request object at 0x0000017223DE7250>
          │                            └ <function request_response.<locals>.app.<locals>.app at 0x0000017223DE9760>
          └ <function wrap_app_handling_exceptions at 0x000001727B43D8A0>
  File "D:\yunxia\ai_langgraph\.venv\Lib\site-packages\starlette\_exception_handler.py", line 53, in wrapped_app
    raise exc
  File "D:\yunxia\ai_langgraph\.venv\Lib\site-packages\starlette\_exception_handler.py", line 42, in wrapped_app
    await app(scope, receive, sender)
          │   │      │        └ <function wrap_app_handling_exceptions.<locals>.wrapped_app.<locals>.sender at 0x0000017223DE98A0>
          │   │      └ <function BaseHTTPMiddleware.__call__.<locals>.call_next.<locals>.receive_or_disconnect at 0x0000017223DE8AE0>
          │   └ {'type': 'http', 'asgi': {'version': '3.0', 'spec_version': '2.3'}, 'http_version': '1.1', 'server': ('127.0.0.1', 9199), 'cl...
          └ <function request_response.<locals>.app.<locals>.app at 0x0000017223DE9760>
  File "D:\yunxia\ai_langgraph\.venv\Lib\site-packages\fastapi\routing.py", line 101, in app
    response = await f(request)
                     │ └ <starlette.requests.Request object at 0x0000017223DE7250>
                     └ <function get_request_handler.<locals>.app at 0x0000017221DD9DA0>
  File "D:\yunxia\ai_langgraph\.venv\Lib\site-packages\fastapi\routing.py", line 355, in app
    raw_response = await run_endpoint_function(
                         └ <function run_endpoint_function at 0x000001727B460EA0>
  File "D:\yunxia\ai_langgraph\.venv\Lib\site-packages\fastapi\routing.py", line 243, in run_endpoint_function
    return await dependant.call(**values)
                 │         │      └ {'db': <sqlalchemy.ext.asyncio.session.AsyncSession object at 0x0000017223B0CF90>, 'query': RequirementPageQueryModel(page_nu...
                 │         └ <function get_requirement_list at 0x0000017220CBD800>
                 └ Dependant(path_params=[], query_params=[ModelField(field_info=Query(PydanticUndefined), name='query', mode='validation', conf...

  File "D:\yunxia\ai_langgraph\RuoYi-Vue3-FastAPI\ruoyi-fastapi-backend\common\annotation\log_annotation.py", line 130, in wrapper
    operation_log = OperLogModel(
                    └ <class 'module_admin.entity.vo.log_vo.OperLogModel'>

  File "D:\yunxia\ai_langgraph\.venv\Lib\site-packages\pydantic\main.py", line 250, in __init__
    validated_self = self.__pydantic_validator__.validate_python(data, self_instance=self)
                     │    │                      │               │                   └ OperLogModel()
                     │    │                      │               └ {'title': '查询需求列表', 'businessType': 10, 'method': 'module_testing.controller.requirement_controller.get_requirement_list()', ...
                     │    │                      └ <method 'validate_python' of 'pydantic_core._pydantic_core.SchemaValidator' objects>
                     │    └ SchemaValidator(title="OperLogModel", validator=Model(
                     │          ModelValidator {
                     │              revalidate: Never,
                     │              validator: Mod...
                     └ OperLogModel()

pydantic_core._pydantic_core.ValidationError: 1 validation error for OperLogModel
businessType
  Input should be 0, 1, 2, 3, 4, 5, 6, 7, 8, 9, '0', '1', '2', '3', '4', '5', '6', '7', '8' or '9' [type=literal_error, input_value=10, input_type=int]
    For further information visit https://errors.pydantic.dev/2.12/v/literal_error
ERROR:    Exception in ASGI application
Traceback (most recent call last):
  File "D:\yunxia\ai_langgraph\.venv\Lib\site-packages\uvicorn\protocols\http\httptools_impl.py", line 416, in run_asgi
    result = await app(  # type: ignore[func-returns-value]
             ^^^^^^^^^^^^^^^^^^^^^^^^^^^^^^^^^^^^^^^^^^^^^^
  File "D:\yunxia\ai_langgraph\.venv\Lib\site-packages\uvicorn\middleware\proxy_headers.py", line 60, in __call__
    return await self.app(scope, receive, send)
           ^^^^^^^^^^^^^^^^^^^^^^^^^^^^^^^^^^^^
  File "D:\yunxia\ai_langgraph\.venv\Lib\site-packages\fastapi\applications.py", line 1135, in __call__
    await super().__call__(scope, receive, send)
  File "D:\yunxia\ai_langgraph\.venv\Lib\site-packages\starlette\applications.py", line 107, in __call__
    await self.middleware_stack(scope, receive, send)
  File "D:\yunxia\ai_langgraph\.venv\Lib\site-packages\starlette\middleware\errors.py", line 186, in __call__
    raise exc
  File "D:\yunxia\ai_langgraph\.venv\Lib\site-packages\starlette\middleware\errors.py", line 164, in __call__
    await self.app(scope, receive, _send)
  File "D:\yunxia\ai_langgraph\RuoYi-Vue3-FastAPI\ruoyi-fastapi-backend\middlewares\trace_middleware\middle.py", line 42, in __call__
    await self.app(scope, handle_outgoing_receive, handle_outgoing_request)
  File "D:\yunxia\ai_langgraph\.venv\Lib\site-packages\starlette\middleware\gzip.py", line 29, in __call__
    await responder(scope, receive, send)
  File "D:\yunxia\ai_langgraph\.venv\Lib\site-packages\starlette\middleware\gzip.py", line 130, in __call__
    await super().__call__(scope, receive, send)
  File "D:\yunxia\ai_langgraph\.venv\Lib\site-packages\starlette\middleware\gzip.py", line 46, in __call__
    await self.app(scope, receive, self.send_with_compression)
  File "D:\yunxia\ai_langgraph\.venv\Lib\site-packages\starlette\middleware\cors.py", line 85, in __call__
    await self.app(scope, receive, send)
  File "D:\yunxia\ai_langgraph\.venv\Lib\site-packages\starlette\middleware\base.py", line 191, in __call__
    with recv_stream, send_stream, collapse_excgroups():
  File "C:\Users\98214\AppData\Roaming\uv\python\cpython-3.11.13-windows-x86_64-none\Lib\contextlib.py", line 158, in __exit__
    self.gen.throw(typ, value, traceback)
  File "D:\yunxia\ai_langgraph\.venv\Lib\site-packages\starlette\_utils.py", line 85, in collapse_excgroups
    raise exc
  File "D:\yunxia\ai_langgraph\.venv\Lib\site-packages\starlette\middleware\base.py", line 193, in __call__
    response = await self.dispatch_func(request, call_next)
               ^^^^^^^^^^^^^^^^^^^^^^^^^^^^^^^^^^^^^^^^^^^^
  File "D:\yunxia\ai_langgraph\RuoYi-Vue3-FastAPI\ruoyi-fastapi-backend\middlewares\context_middleware.py", line 17, in dispatch
    response = await call_next(request)
               ^^^^^^^^^^^^^^^^^^^^^^^^
  File "D:\yunxia\ai_langgraph\.venv\Lib\site-packages\starlette\middleware\base.py", line 168, in call_next
    raise app_exc from app_exc.__cause__ or app_exc.__context__
  File "D:\yunxia\ai_langgraph\.venv\Lib\site-packages\starlette\middleware\base.py", line 144, in coro
    await self.app(scope, receive_or_disconnect, send_no_error)
  File "D:\yunxia\ai_langgraph\.venv\Lib\site-packages\starlette\middleware\exceptions.py", line 63, in __call__
    await wrap_app_handling_exceptions(self.app, conn)(scope, receive, send)
  File "D:\yunxia\ai_langgraph\.venv\Lib\site-packages\starlette\_exception_handler.py", line 53, in wrapped_app
    raise exc
  File "D:\yunxia\ai_langgraph\.venv\Lib\site-packages\starlette\_exception_handler.py", line 42, in wrapped_app
    await app(scope, receive, sender)
  File "D:\yunxia\ai_langgraph\.venv\Lib\site-packages\fastapi\middleware\asyncexitstack.py", line 18, in __call__
    await self.app(scope, receive, send)
  File "D:\yunxia\ai_langgraph\.venv\Lib\site-packages\starlette\routing.py", line 716, in __call__
    await self.middleware_stack(scope, receive, send)
  File "D:\yunxia\ai_langgraph\.venv\Lib\site-packages\starlette\routing.py", line 736, in app
    await route.handle(scope, receive, send)
  File "D:\yunxia\ai_langgraph\.venv\Lib\site-packages\starlette\routing.py", line 290, in handle
    await self.app(scope, receive, send)
  File "D:\yunxia\ai_langgraph\.venv\Lib\site-packages\fastapi\routing.py", line 115, in app
    await wrap_app_handling_exceptions(app, request)(scope, receive, send)
  File "D:\yunxia\ai_langgraph\.venv\Lib\site-packages\starlette\_exception_handler.py", line 53, in wrapped_app
    raise exc
  File "D:\yunxia\ai_langgraph\.venv\Lib\site-packages\starlette\_exception_handler.py", line 42, in wrapped_app
    await app(scope, receive, sender)
  File "D:\yunxia\ai_langgraph\.venv\Lib\site-packages\fastapi\routing.py", line 101, in app
    response = await f(request)
               ^^^^^^^^^^^^^^^^
  File "D:\yunxia\ai_langgraph\.venv\Lib\site-packages\fastapi\routing.py", line 355, in app
    raw_response = await run_endpoint_function(
                   ^^^^^^^^^^^^^^^^^^^^^^^^^^^^
  File "D:\yunxia\ai_langgraph\.venv\Lib\site-packages\fastapi\routing.py", line 243, in run_endpoint_function
    return await dependant.call(**values)
           ^^^^^^^^^^^^^^^^^^^^^^^^^^^^^^
  File "D:\yunxia\ai_langgraph\RuoYi-Vue3-FastAPI\ruoyi-fastapi-backend\common\annotation\log_annotation.py", line 130, in wrapper
    operation_log = OperLogModel(
                    ^^^^^^^^^^^^^
  File "D:\yunxia\ai_langgraph\.venv\Lib\site-packages\pydantic\main.py", line 250, in __init__
    validated_self = self.__pydantic_validator__.validate_python(data, self_instance=self)
                     ^^^^^^^^^^^^^^^^^^^^^^^^^^^^^^^^^^^^^^^^^^^^^^^^^^^^^^^^^^^^^^^^^^^^^
pydantic_core._pydantic_core.ValidationError: 1 validation error for OperLogModel
businessType
  Input should be 0, 1, 2, 3, 4, 5, 6, 7, 8, 9, '0', '1', '2', '3', '4', '5', '6', '7', '8' or '9' [type=literal_error, input_value=10, input_type=int]
    For further information visit https://errors.pydantic.dev/2.12/v/literal_error
2025-12-31 20:02:22.460 | 6bab3356e96949c3a8f2e4aa07967fcb | INFO     | module_testing.controller.requirement_controller:get_requirement_list:56 - 获取需求列表成功，共 3 条
2025-12-31 20:02:22.542 | 6bab3356e96949c3a8f2e4aa07967fcb | ERROR    | exceptions.handle:exception_handler:71 - 1 validation error for OperLogModel
businessType
  Input should be 0, 1, 2, 3, 4, 5, 6, 7, 8, 9, '0', '1', '2', '3', '4', '5', '6', '7', '8' or '9' [type=literal_error, input_value=10, input_type=int]
    For further information visit https://errors.pydantic.dev/2.12/v/literal_error
Traceback (most recent call last):

  File "<string>", line 1, in <module>
  File "C:\Users\98214\AppData\Roaming\uv\python\cpython-3.11.13-windows-x86_64-none\Lib\multiprocessing\spawn.py", line 122, in spawn_main
    exitcode = _main(fd, parent_sentinel)
               │     │   └ 328
               │     └ 3
               └ <function _main at 0x000001727803A0C0>
  File "C:\Users\98214\AppData\Roaming\uv\python\cpython-3.11.13-windows-x86_64-none\Lib\multiprocessing\spawn.py", line 135, in _main
    return self._bootstrap(parent_sentinel)
           │    │          └ 328
           │    └ <function BaseProcess._bootstrap at 0x0000017277D80D60>
           └ <SpawnProcess name='SpawnProcess-1' parent=73032 started>
  File "C:\Users\98214\AppData\Roaming\uv\python\cpython-3.11.13-windows-x86_64-none\Lib\multiprocessing\process.py", line 314, in _bootstrap
    self.run()
    │    └ <function BaseProcess.run at 0x0000017277D802C0>
    └ <SpawnProcess name='SpawnProcess-1' parent=73032 started>
  File "C:\Users\98214\AppData\Roaming\uv\python\cpython-3.11.13-windows-x86_64-none\Lib\multiprocessing\process.py", line 108, in run
    self._target(*self._args, **self._kwargs)
    │    │        │    │        │    └ {'config': <uvicorn.config.Config object at 0x0000017278014510>, 'target': <bound method Server.run of <uvicorn.server.Server...
    │    │        │    │        └ <SpawnProcess name='SpawnProcess-1' parent=73032 started>
    │    │        │    └ ()
    │    │        └ <SpawnProcess name='SpawnProcess-1' parent=73032 started>
    │    └ <function subprocess_started at 0x000001727A1D1760>
    └ <SpawnProcess name='SpawnProcess-1' parent=73032 started>
  File "D:\yunxia\ai_langgraph\.venv\Lib\site-packages\uvicorn\_subprocess.py", line 80, in subprocess_started
    target(sockets=sockets)
    │              └ [<socket.socket fd=856, family=2, type=1, proto=6, laddr=('0.0.0.0', 9199)>]
    └ <bound method Server.run of <uvicorn.server.Server object at 0x000001727A3621D0>>
  File "D:\yunxia\ai_langgraph\.venv\Lib\site-packages\uvicorn\server.py", line 67, in run
    return asyncio_run(self.serve(sockets=sockets), loop_factory=self.config.get_loop_factory())
           │           │    │             │                      │    │      └ <function Config.get_loop_factory at 0x000001727A171800>
           │           │    │             │                      │    └ <uvicorn.config.Config object at 0x0000017278014510>
           │           │    │             │                      └ <uvicorn.server.Server object at 0x000001727A3621D0>
           │           │    │             └ [<socket.socket fd=856, family=2, type=1, proto=6, laddr=('0.0.0.0', 9199)>]
           │           │    └ <function Server.serve at 0x000001727A1D0400>
           │           └ <uvicorn.server.Server object at 0x000001727A3621D0>
           └ <function asyncio_run at 0x000001727A135B20>
  File "D:\yunxia\ai_langgraph\.venv\Lib\site-packages\uvicorn\_compat.py", line 30, in asyncio_run
    return runner.run(main)
           │      │   └ <coroutine object Server.serve at 0x000001727A33C9A0>
           │      └ <function Runner.run at 0x0000017279EDE2A0>
           └ <asyncio.runners.Runner object at 0x000001727A3618D0>
  File "C:\Users\98214\AppData\Roaming\uv\python\cpython-3.11.13-windows-x86_64-none\Lib\asyncio\runners.py", line 118, in run
    return self._loop.run_until_complete(task)
           │    │     │                  └ <Task pending name='Task-1' coro=<Server.serve() running at D:\yunxia\ai_langgraph\.venv\Lib\site-packages\uvicorn\server.py:...
           │    │     └ <function BaseEventLoop.run_until_complete at 0x0000017279ECFD80>
           │    └ <_WindowsSelectorEventLoop running=True closed=False debug=False>
           └ <asyncio.runners.Runner object at 0x000001727A3618D0>
  File "C:\Users\98214\AppData\Roaming\uv\python\cpython-3.11.13-windows-x86_64-none\Lib\asyncio\base_events.py", line 641, in run_until_complete
    self.run_forever()
    │    └ <function BaseEventLoop.run_forever at 0x0000017279ECFCE0>
    └ <_WindowsSelectorEventLoop running=True closed=False debug=False>
  File "C:\Users\98214\AppData\Roaming\uv\python\cpython-3.11.13-windows-x86_64-none\Lib\asyncio\base_events.py", line 608, in run_forever
    self._run_once()
    │    └ <function BaseEventLoop._run_once at 0x0000017279EDDB20>
    └ <_WindowsSelectorEventLoop running=True closed=False debug=False>
  File "C:\Users\98214\AppData\Roaming\uv\python\cpython-3.11.13-windows-x86_64-none\Lib\asyncio\base_events.py", line 1936, in _run_once
    handle._run()
    │      └ <function Handle._run at 0x0000017279A07060>
    └ <Handle Task.task_wakeup(<Future finished result=None>)>
  File "C:\Users\98214\AppData\Roaming\uv\python\cpython-3.11.13-windows-x86_64-none\Lib\asyncio\events.py", line 84, in _run
    self._context.run(self._callback, *self._args)
    │    │            │    │           │    └ <member '_args' of 'Handle' objects>
    │    │            │    │           └ <Handle Task.task_wakeup(<Future finished result=None>)>
    │    │            │    └ <member '_callback' of 'Handle' objects>
    │    │            └ <Handle Task.task_wakeup(<Future finished result=None>)>
    │    └ <member '_context' of 'Handle' objects>
    └ <Handle Task.task_wakeup(<Future finished result=None>)>
  File "D:\yunxia\ai_langgraph\.venv\Lib\site-packages\uvicorn\protocols\http\httptools_impl.py", line 416, in run_asgi
    result = await app(  # type: ignore[func-returns-value]
                   └ <uvicorn.middleware.proxy_headers.ProxyHeadersMiddleware object at 0x0000017221D33D50>
  File "D:\yunxia\ai_langgraph\.venv\Lib\site-packages\uvicorn\middleware\proxy_headers.py", line 60, in __call__
    return await self.app(scope, receive, send)
                 │    │   │      │        └ <bound method RequestResponseCycle.send of <uvicorn.protocols.http.httptools_impl.RequestResponseCycle object at 0x0000017223...
                 │    │   │      └ <bound method RequestResponseCycle.receive of <uvicorn.protocols.http.httptools_impl.RequestResponseCycle object at 0x0000017...
                 │    │   └ {'type': 'http', 'asgi': {'version': '3.0', 'spec_version': '2.3'}, 'http_version': '1.1', 'server': ('127.0.0.1', 9199), 'cl...
                 │    └ <fastapi.applications.FastAPI object at 0x000001727A529290>
                 └ <uvicorn.middleware.proxy_headers.ProxyHeadersMiddleware object at 0x0000017221D33D50>
  File "D:\yunxia\ai_langgraph\.venv\Lib\site-packages\fastapi\applications.py", line 1135, in __call__
    await super().__call__(scope, receive, send)
                           │      │        └ <bound method RequestResponseCycle.send of <uvicorn.protocols.http.httptools_impl.RequestResponseCycle object at 0x0000017223...
                           │      └ <bound method RequestResponseCycle.receive of <uvicorn.protocols.http.httptools_impl.RequestResponseCycle object at 0x0000017...
                           └ {'type': 'http', 'asgi': {'version': '3.0', 'spec_version': '2.3'}, 'http_version': '1.1', 'server': ('127.0.0.1', 9199), 'cl...
  File "D:\yunxia\ai_langgraph\.venv\Lib\site-packages\starlette\applications.py", line 107, in __call__
    await self.middleware_stack(scope, receive, send)
          │    │                │      │        └ <bound method RequestResponseCycle.send of <uvicorn.protocols.http.httptools_impl.RequestResponseCycle object at 0x0000017223...
          │    │                │      └ <bound method RequestResponseCycle.receive of <uvicorn.protocols.http.httptools_impl.RequestResponseCycle object at 0x0000017...
          │    │                └ {'type': 'http', 'asgi': {'version': '3.0', 'spec_version': '2.3'}, 'http_version': '1.1', 'server': ('127.0.0.1', 9199), 'cl...
          │    └ <starlette.middleware.errors.ServerErrorMiddleware object at 0x0000017221EDBBD0>
          └ <fastapi.applications.FastAPI object at 0x000001727A529290>
> File "D:\yunxia\ai_langgraph\.venv\Lib\site-packages\starlette\middleware\errors.py", line 164, in __call__
    await self.app(scope, receive, _send)
          │    │   │      │        └ <function ServerErrorMiddleware.__call__.<locals>._send at 0x0000017223E74F40>
          │    │   │      └ <bound method RequestResponseCycle.receive of <uvicorn.protocols.http.httptools_impl.RequestResponseCycle object at 0x0000017...
          │    │   └ {'type': 'http', 'asgi': {'version': '3.0', 'spec_version': '2.3'}, 'http_version': '1.1', 'server': ('127.0.0.1', 9199), 'cl...
          │    └ <middlewares.trace_middleware.middle.TraceASGIMiddleware object at 0x0000017221EE3E50>
          └ <starlette.middleware.errors.ServerErrorMiddleware object at 0x0000017221EDBBD0>

  File "D:\yunxia\ai_langgraph\RuoYi-Vue3-FastAPI\ruoyi-fastapi-backend\middlewares\trace_middleware\middle.py", line 42, in __call__
    await self.app(scope, handle_outgoing_receive, handle_outgoing_request)
          │    │   │      │                        └ <function TraceASGIMiddleware.__call__.<locals>.handle_outgoing_request at 0x0000017223E76B60>
          │    │   │      └ <function RequestResponseCycle.receive at 0x0000017223E74A40>
          │    │   └ {'type': 'http', 'asgi': {'version': '3.0', 'spec_version': '2.3'}, 'http_version': '1.1', 'server': ('127.0.0.1', 9199), 'cl...
          │    └ <starlette.middleware.gzip.GZipMiddleware object at 0x0000017221CCBED0>
          └ <middlewares.trace_middleware.middle.TraceASGIMiddleware object at 0x0000017221EE3E50>

  File "D:\yunxia\ai_langgraph\.venv\Lib\site-packages\starlette\middleware\gzip.py", line 29, in __call__
    await responder(scope, receive, send)
          │         │      │        └ <function TraceASGIMiddleware.__call__.<locals>.handle_outgoing_request at 0x0000017223E76B60>
          │         │      └ <function RequestResponseCycle.receive at 0x0000017223E74A40>
          │         └ {'type': 'http', 'asgi': {'version': '3.0', 'spec_version': '2.3'}, 'http_version': '1.1', 'server': ('127.0.0.1', 9199), 'cl...
          └ <starlette.middleware.gzip.GZipResponder object at 0x0000017223B0D850>
  File "D:\yunxia\ai_langgraph\.venv\Lib\site-packages\starlette\middleware\gzip.py", line 130, in __call__
    await super().__call__(scope, receive, send)
                           │      │        └ <function TraceASGIMiddleware.__call__.<locals>.handle_outgoing_request at 0x0000017223E76B60>
                           │      └ <function RequestResponseCycle.receive at 0x0000017223E74A40>
                           └ {'type': 'http', 'asgi': {'version': '3.0', 'spec_version': '2.3'}, 'http_version': '1.1', 'server': ('127.0.0.1', 9199), 'cl...
  File "D:\yunxia\ai_langgraph\.venv\Lib\site-packages\starlette\middleware\gzip.py", line 46, in __call__
    await self.app(scope, receive, self.send_with_compression)
          │    │   │      │        │    └ <function IdentityResponder.send_with_compression at 0x000001721E069260>
          │    │   │      │        └ <starlette.middleware.gzip.GZipResponder object at 0x0000017223B0D850>
          │    │   │      └ <function RequestResponseCycle.receive at 0x0000017223E74A40>
          │    │   └ {'type': 'http', 'asgi': {'version': '3.0', 'spec_version': '2.3'}, 'http_version': '1.1', 'server': ('127.0.0.1', 9199), 'cl...
          │    └ <starlette.middleware.cors.CORSMiddleware object at 0x0000017221EB6350>
          └ <starlette.middleware.gzip.GZipResponder object at 0x0000017223B0D850>
  File "D:\yunxia\ai_langgraph\.venv\Lib\site-packages\starlette\middleware\cors.py", line 85, in __call__
    await self.app(scope, receive, send)
          │    │   │      │        └ <bound method IdentityResponder.send_with_compression of <starlette.middleware.gzip.GZipResponder object at 0x0000017223B0D850>>
          │    │   │      └ <function RequestResponseCycle.receive at 0x0000017223E74A40>
          │    │   └ {'type': 'http', 'asgi': {'version': '3.0', 'spec_version': '2.3'}, 'http_version': '1.1', 'server': ('127.0.0.1', 9199), 'cl...
          │    └ <middlewares.context_middleware.ContextCleanupMiddleware object at 0x0000017221E2E110>
          └ <starlette.middleware.cors.CORSMiddleware object at 0x0000017221EB6350>
  File "D:\yunxia\ai_langgraph\.venv\Lib\site-packages\starlette\middleware\base.py", line 191, in __call__
    with recv_stream, send_stream, collapse_excgroups():
         │            │            └ <function collapse_excgroups at 0x000001727B3B1A80>
         │            └ MemoryObjectSendStream(_state=_MemoryObjectStreamState(max_buffer_size=0, buffer=deque([]), open_send_channels=0, open_receiv...
         └ MemoryObjectReceiveStream(_state=_MemoryObjectStreamState(max_buffer_size=0, buffer=deque([]), open_send_channels=0, open_rec...
  File "C:\Users\98214\AppData\Roaming\uv\python\cpython-3.11.13-windows-x86_64-none\Lib\contextlib.py", line 158, in __exit__
    self.gen.throw(typ, value, traceback)
    │    │   │     │    │      └ <traceback object at 0x0000017223EDBDC0>
    │    │   │     │    └ ExceptionGroup('unhandled errors in a TaskGroup', [1 validation error for OperLogModel
    │    │   │     │      businessType
    │    │   │     │        Input should be 0, 1, 2...
    │    │   │     └ <class 'ExceptionGroup'>
    │    │   └ <method 'throw' of 'generator' objects>
    │    └ <generator object collapse_excgroups at 0x0000017223E89460>
    └ <contextlib._GeneratorContextManager object at 0x0000017223E0A690>
  File "D:\yunxia\ai_langgraph\.venv\Lib\site-packages\starlette\_utils.py", line 85, in collapse_excgroups
    raise exc
  File "D:\yunxia\ai_langgraph\.venv\Lib\site-packages\starlette\middleware\base.py", line 193, in __call__
    response = await self.dispatch_func(request, call_next)
                     │    │             │        └ <function BaseHTTPMiddleware.__call__.<locals>.call_next at 0x0000017223E76CA0>
                     │    │             └ <starlette.middleware.base._CachedRequest object at 0x0000017223E0AFD0>
                     │    └ <bound method ContextCleanupMiddleware.dispatch of <middlewares.context_middleware.ContextCleanupMiddleware object at 0x00000...
                     └ <middlewares.context_middleware.ContextCleanupMiddleware object at 0x0000017221E2E110>

  File "D:\yunxia\ai_langgraph\RuoYi-Vue3-FastAPI\ruoyi-fastapi-backend\middlewares\context_middleware.py", line 17, in dispatch
    response = await call_next(request)
                     │         └ <starlette.middleware.base._CachedRequest object at 0x0000017223E0AFD0>
                     └ <function BaseHTTPMiddleware.__call__.<locals>.call_next at 0x0000017223E76CA0>

  File "D:\yunxia\ai_langgraph\.venv\Lib\site-packages\starlette\middleware\base.py", line 168, in call_next
    raise app_exc from app_exc.__cause__ or app_exc.__context__
          │            │       │            │       └ <attribute '__context__' of 'BaseException' objects>
          │            │       │            └ 1 validation error for OperLogModel
          │            │       │              businessType
          │            │       │                Input should be 0, 1, 2, 3, 4, 5, 6, 7, 8, 9, '0', '1', '2', '3', '4', '5'...
          │            │       └ <attribute '__cause__' of 'BaseException' objects>
          │            └ 1 validation error for OperLogModel
          │              businessType
          │                Input should be 0, 1, 2, 3, 4, 5, 6, 7, 8, 9, '0', '1', '2', '3', '4', '5'...
          └ 1 validation error for OperLogModel
            businessType
              Input should be 0, 1, 2, 3, 4, 5, 6, 7, 8, 9, '0', '1', '2', '3', '4', '5'...
  File "D:\yunxia\ai_langgraph\.venv\Lib\site-packages\starlette\middleware\base.py", line 144, in coro
    await self.app(scope, receive_or_disconnect, send_no_error)
          │    │   │      │                      └ <function BaseHTTPMiddleware.__call__.<locals>.call_next.<locals>.send_no_error at 0x0000017223E76700>
          │    │   │      └ <function BaseHTTPMiddleware.__call__.<locals>.call_next.<locals>.receive_or_disconnect at 0x0000017223E75260>
          │    │   └ {'type': 'http', 'asgi': {'version': '3.0', 'spec_version': '2.3'}, 'http_version': '1.1', 'server': ('127.0.0.1', 9199), 'cl...
          │    └ <starlette.middleware.exceptions.ExceptionMiddleware object at 0x0000017221E7BBD0>
          └ <middlewares.context_middleware.ContextCleanupMiddleware object at 0x0000017221E2E110>
  File "D:\yunxia\ai_langgraph\.venv\Lib\site-packages\starlette\middleware\exceptions.py", line 63, in __call__
    await wrap_app_handling_exceptions(self.app, conn)(scope, receive, send)
          │                            │    │    │     │      │        └ <function BaseHTTPMiddleware.__call__.<locals>.call_next.<locals>.send_no_error at 0x0000017223E76700>
          │                            │    │    │     │      └ <function BaseHTTPMiddleware.__call__.<locals>.call_next.<locals>.receive_or_disconnect at 0x0000017223E75260>
          │                            │    │    │     └ {'type': 'http', 'asgi': {'version': '3.0', 'spec_version': '2.3'}, 'http_version': '1.1', 'server': ('127.0.0.1', 9199), 'cl...
          │                            │    │    └ <starlette.requests.Request object at 0x0000017223E0B110>
          │                            │    └ <fastapi.middleware.asyncexitstack.AsyncExitStackMiddleware object at 0x000001722212F510>
          │                            └ <starlette.middleware.exceptions.ExceptionMiddleware object at 0x0000017221E7BBD0>
          └ <function wrap_app_handling_exceptions at 0x000001727B43D8A0>
  File "D:\yunxia\ai_langgraph\.venv\Lib\site-packages\starlette\_exception_handler.py", line 53, in wrapped_app
    raise exc
  File "D:\yunxia\ai_langgraph\.venv\Lib\site-packages\starlette\_exception_handler.py", line 42, in wrapped_app
    await app(scope, receive, sender)
          │   │      │        └ <function wrap_app_handling_exceptions.<locals>.wrapped_app.<locals>.sender at 0x0000017223E75A80>
          │   │      └ <function BaseHTTPMiddleware.__call__.<locals>.call_next.<locals>.receive_or_disconnect at 0x0000017223E75260>
          │   └ {'type': 'http', 'asgi': {'version': '3.0', 'spec_version': '2.3'}, 'http_version': '1.1', 'server': ('127.0.0.1', 9199), 'cl...
          └ <fastapi.middleware.asyncexitstack.AsyncExitStackMiddleware object at 0x000001722212F510>
  File "D:\yunxia\ai_langgraph\.venv\Lib\site-packages\fastapi\middleware\asyncexitstack.py", line 18, in __call__
    await self.app(scope, receive, send)
          │    │   │      │        └ <function wrap_app_handling_exceptions.<locals>.wrapped_app.<locals>.sender at 0x0000017223E75A80>
          │    │   │      └ <function BaseHTTPMiddleware.__call__.<locals>.call_next.<locals>.receive_or_disconnect at 0x0000017223E75260>
          │    │   └ {'type': 'http', 'asgi': {'version': '3.0', 'spec_version': '2.3'}, 'http_version': '1.1', 'server': ('127.0.0.1', 9199), 'cl...
          │    └ <fastapi.routing.APIRouter object at 0x000001727B1A3650>
          └ <fastapi.middleware.asyncexitstack.AsyncExitStackMiddleware object at 0x000001722212F510>
  File "D:\yunxia\ai_langgraph\.venv\Lib\site-packages\starlette\routing.py", line 716, in __call__
    await self.middleware_stack(scope, receive, send)
          │    │                │      │        └ <function wrap_app_handling_exceptions.<locals>.wrapped_app.<locals>.sender at 0x0000017223E75A80>
          │    │                │      └ <function BaseHTTPMiddleware.__call__.<locals>.call_next.<locals>.receive_or_disconnect at 0x0000017223E75260>
          │    │                └ {'type': 'http', 'asgi': {'version': '3.0', 'spec_version': '2.3'}, 'http_version': '1.1', 'server': ('127.0.0.1', 9199), 'cl...
          │    └ <bound method Router.app of <fastapi.routing.APIRouter object at 0x000001727B1A3650>>
          └ <fastapi.routing.APIRouter object at 0x000001727B1A3650>
  File "D:\yunxia\ai_langgraph\.venv\Lib\site-packages\starlette\routing.py", line 736, in app
    await route.handle(scope, receive, send)
          │     │      │      │        └ <function wrap_app_handling_exceptions.<locals>.wrapped_app.<locals>.sender at 0x0000017223E75A80>
          │     │      │      └ <function BaseHTTPMiddleware.__call__.<locals>.call_next.<locals>.receive_or_disconnect at 0x0000017223E75260>
          │     │      └ {'type': 'http', 'asgi': {'version': '3.0', 'spec_version': '2.3'}, 'http_version': '1.1', 'server': ('127.0.0.1', 9199), 'cl...
          │     └ <function Route.handle at 0x000001727B43EF20>
          └ APIRoute(path='/testing/requirement/list', name='get_requirement_list', methods=['GET'])
  File "D:\yunxia\ai_langgraph\.venv\Lib\site-packages\starlette\routing.py", line 290, in handle
    await self.app(scope, receive, send)
          │    │   │      │        └ <function wrap_app_handling_exceptions.<locals>.wrapped_app.<locals>.sender at 0x0000017223E75A80>
          │    │   │      └ <function BaseHTTPMiddleware.__call__.<locals>.call_next.<locals>.receive_or_disconnect at 0x0000017223E75260>
          │    │   └ {'type': 'http', 'asgi': {'version': '3.0', 'spec_version': '2.3'}, 'http_version': '1.1', 'server': ('127.0.0.1', 9199), 'cl...
          │    └ <function request_response.<locals>.app at 0x0000017221DD9E40>
          └ APIRoute(path='/testing/requirement/list', name='get_requirement_list', methods=['GET'])
  File "D:\yunxia\ai_langgraph\.venv\Lib\site-packages\fastapi\routing.py", line 115, in app
    await wrap_app_handling_exceptions(app, request)(scope, receive, send)
          │                            │    │        │      │        └ <function wrap_app_handling_exceptions.<locals>.wrapped_app.<locals>.sender at 0x0000017223E75A80>
          │                            │    │        │      └ <function BaseHTTPMiddleware.__call__.<locals>.call_next.<locals>.receive_or_disconnect at 0x0000017223E75260>
          │                            │    │        └ {'type': 'http', 'asgi': {'version': '3.0', 'spec_version': '2.3'}, 'http_version': '1.1', 'server': ('127.0.0.1', 9199), 'cl...
          │                            │    └ <starlette.requests.Request object at 0x0000017223E08F50>
          │                            └ <function request_response.<locals>.app.<locals>.app at 0x0000017223E75580>
          └ <function wrap_app_handling_exceptions at 0x000001727B43D8A0>
  File "D:\yunxia\ai_langgraph\.venv\Lib\site-packages\starlette\_exception_handler.py", line 53, in wrapped_app
    raise exc
  File "D:\yunxia\ai_langgraph\.venv\Lib\site-packages\starlette\_exception_handler.py", line 42, in wrapped_app
    await app(scope, receive, sender)
          │   │      │        └ <function wrap_app_handling_exceptions.<locals>.wrapped_app.<locals>.sender at 0x0000017223E756C0>
          │   │      └ <function BaseHTTPMiddleware.__call__.<locals>.call_next.<locals>.receive_or_disconnect at 0x0000017223E75260>
          │   └ {'type': 'http', 'asgi': {'version': '3.0', 'spec_version': '2.3'}, 'http_version': '1.1', 'server': ('127.0.0.1', 9199), 'cl...
          └ <function request_response.<locals>.app.<locals>.app at 0x0000017223E75580>
  File "D:\yunxia\ai_langgraph\.venv\Lib\site-packages\fastapi\routing.py", line 101, in app
    response = await f(request)
                     │ └ <starlette.requests.Request object at 0x0000017223E08F50>
                     └ <function get_request_handler.<locals>.app at 0x0000017221DD9DA0>
  File "D:\yunxia\ai_langgraph\.venv\Lib\site-packages\fastapi\routing.py", line 355, in app
    raw_response = await run_endpoint_function(
                         └ <function run_endpoint_function at 0x000001727B460EA0>
  File "D:\yunxia\ai_langgraph\.venv\Lib\site-packages\fastapi\routing.py", line 243, in run_endpoint_function
    return await dependant.call(**values)
                 │         │      └ {'db': <sqlalchemy.ext.asyncio.session.AsyncSession object at 0x0000017223E09B10>, 'query': RequirementPageQueryModel(page_nu...
                 │         └ <function get_requirement_list at 0x0000017220CBD800>
                 └ Dependant(path_params=[], query_params=[ModelField(field_info=Query(PydanticUndefined), name='query', mode='validation', conf...

  File "D:\yunxia\ai_langgraph\RuoYi-Vue3-FastAPI\ruoyi-fastapi-backend\common\annotation\log_annotation.py", line 130, in wrapper
    operation_log = OperLogModel(
                    └ <class 'module_admin.entity.vo.log_vo.OperLogModel'>

  File "D:\yunxia\ai_langgraph\.venv\Lib\site-packages\pydantic\main.py", line 250, in __init__
    validated_self = self.__pydantic_validator__.validate_python(data, self_instance=self)
                     │    │                      │               │                   └ OperLogModel()
                     │    │                      │               └ {'title': '查询需求列表', 'businessType': 10, 'method': 'module_testing.controller.requirement_controller.get_requirement_list()', ...
                     │    │                      └ <method 'validate_python' of 'pydantic_core._pydantic_core.SchemaValidator' objects>
                     │    └ SchemaValidator(title="OperLogModel", validator=Model(
                     │          ModelValidator {
                     │              revalidate: Never,
                     │              validator: Mod...
                     └ OperLogModel()

pydantic_core._pydantic_core.ValidationError: 1 validation error for OperLogModel
businessType
  Input should be 0, 1, 2, 3, 4, 5, 6, 7, 8, 9, '0', '1', '2', '3', '4', '5', '6', '7', '8' or '9' [type=literal_error, input_value=10, input_type=int]
    For further information visit https://errors.pydantic.dev/2.12/v/literal_error
ERROR:    Exception in ASGI application
Traceback (most recent call last):
  File "D:\yunxia\ai_langgraph\.venv\Lib\site-packages\uvicorn\protocols\http\httptools_impl.py", line 416, in run_asgi
    result = await app(  # type: ignore[func-returns-value]
             ^^^^^^^^^^^^^^^^^^^^^^^^^^^^^^^^^^^^^^^^^^^^^^
  File "D:\yunxia\ai_langgraph\.venv\Lib\site-packages\uvicorn\middleware\proxy_headers.py", line 60, in __call__
    return await self.app(scope, receive, send)
           ^^^^^^^^^^^^^^^^^^^^^^^^^^^^^^^^^^^^
  File "D:\yunxia\ai_langgraph\.venv\Lib\site-packages\fastapi\applications.py", line 1135, in __call__
    await super().__call__(scope, receive, send)
  File "D:\yunxia\ai_langgraph\.venv\Lib\site-packages\starlette\applications.py", line 107, in __call__
    await self.middleware_stack(scope, receive, send)
  File "D:\yunxia\ai_langgraph\.venv\Lib\site-packages\starlette\middleware\errors.py", line 186, in __call__
    raise exc
  File "D:\yunxia\ai_langgraph\.venv\Lib\site-packages\starlette\middleware\errors.py", line 164, in __call__
    await self.app(scope, receive, _send)
  File "D:\yunxia\ai_langgraph\RuoYi-Vue3-FastAPI\ruoyi-fastapi-backend\middlewares\trace_middleware\middle.py", line 42, in __call__
    await self.app(scope, handle_outgoing_receive, handle_outgoing_request)
  File "D:\yunxia\ai_langgraph\.venv\Lib\site-packages\starlette\middleware\gzip.py", line 29, in __call__
    await responder(scope, receive, send)
  File "D:\yunxia\ai_langgraph\.venv\Lib\site-packages\starlette\middleware\gzip.py", line 130, in __call__
    await super().__call__(scope, receive, send)
  File "D:\yunxia\ai_langgraph\.venv\Lib\site-packages\starlette\middleware\gzip.py", line 46, in __call__
    await self.app(scope, receive, self.send_with_compression)
  File "D:\yunxia\ai_langgraph\.venv\Lib\site-packages\starlette\middleware\cors.py", line 85, in __call__
    await self.app(scope, receive, send)
  File "D:\yunxia\ai_langgraph\.venv\Lib\site-packages\starlette\middleware\base.py", line 191, in __call__
    with recv_stream, send_stream, collapse_excgroups():
  File "C:\Users\98214\AppData\Roaming\uv\python\cpython-3.11.13-windows-x86_64-none\Lib\contextlib.py", line 158, in __exit__
    self.gen.throw(typ, value, traceback)
  File "D:\yunxia\ai_langgraph\.venv\Lib\site-packages\starlette\_utils.py", line 85, in collapse_excgroups
    raise exc
  File "D:\yunxia\ai_langgraph\.venv\Lib\site-packages\starlette\middleware\base.py", line 193, in __call__
    response = await self.dispatch_func(request, call_next)
               ^^^^^^^^^^^^^^^^^^^^^^^^^^^^^^^^^^^^^^^^^^^^
  File "D:\yunxia\ai_langgraph\RuoYi-Vue3-FastAPI\ruoyi-fastapi-backend\middlewares\context_middleware.py", line 17, in dispatch
    response = await call_next(request)
               ^^^^^^^^^^^^^^^^^^^^^^^^
  File "D:\yunxia\ai_langgraph\.venv\Lib\site-packages\starlette\middleware\base.py", line 168, in call_next
    raise app_exc from app_exc.__cause__ or app_exc.__context__
  File "D:\yunxia\ai_langgraph\.venv\Lib\site-packages\starlette\middleware\base.py", line 144, in coro
    await self.app(scope, receive_or_disconnect, send_no_error)
  File "D:\yunxia\ai_langgraph\.venv\Lib\site-packages\starlette\middleware\exceptions.py", line 63, in __call__
    await wrap_app_handling_exceptions(self.app, conn)(scope, receive, send)
  File "D:\yunxia\ai_langgraph\.venv\Lib\site-packages\starlette\_exception_handler.py", line 53, in wrapped_app
    raise exc
  File "D:\yunxia\ai_langgraph\.venv\Lib\site-packages\starlette\_exception_handler.py", line 42, in wrapped_app
    await app(scope, receive, sender)
  File "D:\yunxia\ai_langgraph\.venv\Lib\site-packages\fastapi\middleware\asyncexitstack.py", line 18, in __call__
    await self.app(scope, receive, send)
  File "D:\yunxia\ai_langgraph\.venv\Lib\site-packages\starlette\routing.py", line 716, in __call__
    await self.middleware_stack(scope, receive, send)
  File "D:\yunxia\ai_langgraph\.venv\Lib\site-packages\starlette\routing.py", line 736, in app
    await route.handle(scope, receive, send)
  File "D:\yunxia\ai_langgraph\.venv\Lib\site-packages\starlette\routing.py", line 290, in handle
    await self.app(scope, receive, send)
  File "D:\yunxia\ai_langgraph\.venv\Lib\site-packages\fastapi\routing.py", line 115, in app
    await wrap_app_handling_exceptions(app, request)(scope, receive, send)
  File "D:\yunxia\ai_langgraph\.venv\Lib\site-packages\starlette\_exception_handler.py", line 53, in wrapped_app
    raise exc
  File "D:\yunxia\ai_langgraph\.venv\Lib\site-packages\starlette\_exception_handler.py", line 42, in wrapped_app
    await app(scope, receive, sender)
  File "D:\yunxia\ai_langgraph\.venv\Lib\site-packages\fastapi\routing.py", line 101, in app
    response = await f(request)
               ^^^^^^^^^^^^^^^^
  File "D:\yunxia\ai_langgraph\.venv\Lib\site-packages\fastapi\routing.py", line 355, in app
    raw_response = await run_endpoint_function(
                   ^^^^^^^^^^^^^^^^^^^^^^^^^^^^
  File "D:\yunxia\ai_langgraph\.venv\Lib\site-packages\fastapi\routing.py", line 243, in run_endpoint_function
    return await dependant.call(**values)
           ^^^^^^^^^^^^^^^^^^^^^^^^^^^^^^
  File "D:\yunxia\ai_langgraph\RuoYi-Vue3-FastAPI\ruoyi-fastapi-backend\common\annotation\log_annotation.py", line 130, in wrapper
    operation_log = OperLogModel(
                    ^^^^^^^^^^^^^
  File "D:\yunxia\ai_langgraph\.venv\Lib\site-packages\pydantic\main.py", line 250, in __init__
    validated_self = self.__pydantic_validator__.validate_python(data, self_instance=self)
                     ^^^^^^^^^^^^^^^^^^^^^^^^^^^^^^^^^^^^^^^^^^^^^^^^^^^^^^^^^^^^^^^^^^^^^
pydantic_core._pydantic_core.ValidationError: 1 validation error for OperLogModel
businessType
  Input should be 0, 1, 2, 3, 4, 5, 6, 7, 8, 9, '0', '1', '2', '3', '4', '5', '6', '7', '8' or '9' [type=literal_error, input_value=10, input_type=int]
    For further information visit https://errors.pydantic.dev/2.12/v/literal_error
WARNING:  WatchFiles detected changes in 'module_admin\entity\vo\log_vo.py'. Reloading...
2025-12-31 20:09:30.034 | a14ac6c146ad430e9de9d0028c16178d | ERROR    | exceptions.handle:exception_handler:71 - (asyncmy.errors.OperationalError) (2013, 'Lost connection to MySQL server during query ([WinError 10054] 远程主机强迫关闭了一个现有的连接。)')
[SQL: SELECT DISTINCT sys_user.user_id, sys_user.dept_id, sys_user.user_name, sys_user.nick_name, sys_user.user_type, sys_user.email, sys_user.phonenumber, sys_user.sex, sys_user.avatar, sys_user.password, sys_user.status, sys_user.del_flag, sys_user.login_ip, sys_user.login_date, sys_user.pwd_update_date, sys_user.create_by, sys_user.create_time, sys_user.update_by, sys_user.update_time, sys_user.remark 
FROM sys_user 
WHERE sys_user.status = %s AND sys_user.del_flag = %s AND sys_user.user_id = %s]
[parameters: ('0', '0', 1)]
(Background on this error at: https://sqlalche.me/e/20/e3q8)
Traceback (most recent call last):

  File "D:\yunxia\ai_langgraph\.venv\Lib\site-packages\sqlalchemy\connectors\asyncio.py", line 402, in terminate
    self.await_(asyncio.shield(self._terminate_graceful_close()))  # type: ignore[attr-defined] # noqa: E501
    │    │      │       │      │    └ <function AsyncAdapt_asyncmy_connection._terminate_graceful_close at 0x000001727D04BF60>
    │    │      │       │      └ <AdaptedConnection <asyncmy.connection.Connection object at 0x0000017223E18790>>
    │    │      │       └ <function shield at 0x0000017279AAF100>
    │    │      └ <module 'asyncio' from 'C:\\Users\\98214\\AppData\\Roaming\\uv\\python\\cpython-3.11.13-windows-x86_64-none\\Lib\\asyncio\\__...
    │    └ <staticmethod(<function await_only at 0x000001727B574F40>)>
    └ <AdaptedConnection <asyncmy.connection.Connection object at 0x0000017223E18790>>
  File "D:\yunxia\ai_langgraph\.venv\Lib\site-packages\sqlalchemy\util\_concurrency_py3k.py", line 132, in await_only
    return current.parent.switch(awaitable)  # type: ignore[no-any-return,attr-defined] # noqa: E501
           │       │             └ <Future finished exception=ConnectionResetError(10054, '远程主机强迫关闭了一个现有的连接。', None, 10054, None)>
           │       └ <attribute 'parent' of 'greenlet.greenlet' objects>
           └ <_AsyncIoGreenlet object at 0x0000017223E6A340 (otid=0x000001727B568D20) dead>
  File "D:\yunxia\ai_langgraph\.venv\Lib\site-packages\sqlalchemy\util\_concurrency_py3k.py", line 196, in greenlet_spawn
    value = await result
                  └ <Future finished exception=ConnectionResetError(10054, '远程主机强迫关闭了一个现有的连接。', None, 10054, None)>
  File "D:\yunxia\ai_langgraph\.venv\Lib\site-packages\sqlalchemy\dialects\mysql\asyncmy.py", line 117, in _terminate_graceful_close
    await self._connection.ensure_closed()
          │    └ <member '_connection' of 'AdaptedConnection' objects>
          └ <AdaptedConnection <asyncmy.connection.Connection object at 0x0000017223E18790>>
  File "asyncmy\\connection.pyx", line 361, in ensure_closed
    await self._writer.drain()
  File "C:\Users\98214\AppData\Roaming\uv\python\cpython-3.11.13-windows-x86_64-none\Lib\asyncio\streams.py", line 380, in drain
    raise exc
          └ ConnectionResetError(10054, '远程主机强迫关闭了一个现有的连接。', None, 10054, None)
  File "asyncmy\\connection.pyx", line 658, in asyncmy.connection.Connection._read_bytes
    data = await self._reader.readexactly(num_bytes)
  File "C:\Users\98214\AppData\Roaming\uv\python\cpython-3.11.13-windows-x86_64-none\Lib\asyncio\streams.py", line 750, in readexactly
    await self._wait_for_data('readexactly')
          │    └ <function StreamReader._wait_for_data at 0x0000017279EF94E0>
          └ <StreamReader exception=ConnectionResetError(10054, '远程主机强迫关闭了一个现有的连接。', None, 10054, None) transport=<_SelectorSocketTranspo...
  File "C:\Users\98214\AppData\Roaming\uv\python\cpython-3.11.13-windows-x86_64-none\Lib\asyncio\streams.py", line 543, in _wait_for_data
    await self._waiter
          │    └ None
          └ <StreamReader exception=ConnectionResetError(10054, '远程主机强迫关闭了一个现有的连接。', None, 10054, None) transport=<_SelectorSocketTranspo...
  File "C:\Users\98214\AppData\Roaming\uv\python\cpython-3.11.13-windows-x86_64-none\Lib\asyncio\selector_events.py", line 999, in _read_ready__data_received
    data = self._sock.recv(self.max_size)
           │    │          │    └ 262144
           │    │          └ <_SelectorSocketTransport closed fd=2372>
           │    └ None
           └ <_SelectorSocketTransport closed fd=2372>

ConnectionResetError: [WinError 10054] 远程主机强迫关闭了一个现有的连接。


During handling of the above exception, another exception occurred:


Traceback (most recent call last):

  File "D:\yunxia\ai_langgraph\.venv\Lib\site-packages\sqlalchemy\engine\base.py", line 1967, in _exec_single_context
    self.dialect.do_execute(
    │    │       └ <function DefaultDialect.do_execute at 0x000001727CBA4400>
    │    └ <sqlalchemy.dialects.mysql.asyncmy.MySQLDialect_asyncmy object at 0x000001727CFBB390>
    └ <sqlalchemy.engine.base.Connection object at 0x0000017223E6A210>
  File "D:\yunxia\ai_langgraph\.venv\Lib\site-packages\sqlalchemy\engine\default.py", line 952, in do_execute
    cursor.execute(statement, parameters)
    │      │       │          └ ('0', '0', 1)
    │      │       └ 'SELECT DISTINCT sys_user.user_id, sys_user.dept_id, sys_user.user_name, sys_user.nick_name, sys_user.user_type, sys_user.ema...
    │      └ <function AsyncAdapt_dbapi_cursor.execute at 0x000001727D049760>
    └ <sqlalchemy.dialects.mysql.asyncmy.AsyncAdapt_asyncmy_cursor object at 0x0000017223EBD120>
  File "D:\yunxia\ai_langgraph\.venv\Lib\site-packages\sqlalchemy\connectors\asyncio.py", line 230, in execute
    self._adapt_connection._handle_exception(error)
    │    └ <member '_adapt_connection' of 'AsyncAdapt_dbapi_cursor' objects>
    └ <sqlalchemy.dialects.mysql.asyncmy.AsyncAdapt_asyncmy_cursor object at 0x0000017223EBD120>
  File "D:\yunxia\ai_langgraph\.venv\Lib\site-packages\sqlalchemy\dialects\mysql\asyncmy.py", line 91, in _handle_exception
    raise error
          └ OperationalError(2013, 'Lost connection to MySQL server during query ([WinError 10054] 远程主机强迫关闭了一个现有的连接。)')
  File "D:\yunxia\ai_langgraph\.venv\Lib\site-packages\sqlalchemy\connectors\asyncio.py", line 228, in execute
    return self.await_(self._execute_async(operation, parameters))
           │    │      │    │              │          └ ('0', '0', 1)
           │    │      │    │              └ 'SELECT DISTINCT sys_user.user_id, sys_user.dept_id, sys_user.user_name, sys_user.nick_name, sys_user.user_type, sys_user.ema...
           │    │      │    └ <function AsyncAdapt_dbapi_cursor._execute_async at 0x000001727D0498A0>
           │    │      └ <sqlalchemy.dialects.mysql.asyncmy.AsyncAdapt_asyncmy_cursor object at 0x0000017223EBD120>
           │    └ <member 'await_' of 'AsyncAdapt_dbapi_cursor' objects>
           └ <sqlalchemy.dialects.mysql.asyncmy.AsyncAdapt_asyncmy_cursor object at 0x0000017223EBD120>
  File "D:\yunxia\ai_langgraph\.venv\Lib\site-packages\sqlalchemy\util\_concurrency_py3k.py", line 132, in await_only
    return current.parent.switch(awaitable)  # type: ignore[no-any-return,attr-defined] # noqa: E501
           │       │             └ <coroutine object AsyncAdapt_dbapi_cursor._execute_async at 0x0000017223E02D40>
           │       └ <attribute 'parent' of 'greenlet.greenlet' objects>
           └ <_AsyncIoGreenlet object at 0x0000017223E6A340 (otid=0x000001727B568D20) dead>
  File "D:\yunxia\ai_langgraph\.venv\Lib\site-packages\sqlalchemy\util\_concurrency_py3k.py", line 196, in greenlet_spawn
    value = await result
                  └ <Future finished exception=ConnectionResetError(10054, '远程主机强迫关闭了一个现有的连接。', None, 10054, None)>
  File "D:\yunxia\ai_langgraph\.venv\Lib\site-packages\sqlalchemy\connectors\asyncio.py", line 251, in _execute_async
    result = await self._cursor.execute(operation, parameters)
                   │    │               │          └ ('0', '0', 1)
                   │    │               └ 'SELECT DISTINCT sys_user.user_id, sys_user.dept_id, sys_user.user_name, sys_user.nick_name, sys_user.user_type, sys_user.ema...
                   │    └ <member '_cursor' of 'AsyncAdapt_dbapi_cursor' objects>
                   └ <sqlalchemy.dialects.mysql.asyncmy.AsyncAdapt_asyncmy_cursor object at 0x0000017223EBD120>
  File "asyncmy\\cursors.pyx", line 179, in execute
    result = await self._query(query)
  File "asyncmy\\cursors.pyx", line 364, in _query
    await conn.query(q)
  File "asyncmy\\connection.pyx", line 496, in query
    await self._read_query_result(unbuffered=unbuffered)
  File "asyncmy\\connection.pyx", line 684, in _read_query_result
    await result.read()
  File "asyncmy\\connection.pyx", line 1071, in read
    first_packet = await self.connection.read_packet()
  File "asyncmy\\connection.pyx", line 619, in read_packet
    packet_header = await self._read_bytes(4)
  File "asyncmy\\connection.pyx", line 660, in _read_bytes
    raise errors.OperationalError(
          │      └ <class 'asyncmy.errors.OperationalError'>
          └ <module 'asyncmy.errors' from 'D:\\yunxia\\ai_langgraph\\.venv\\Lib\\site-packages\\asyncmy\\errors.cp311-win_amd64.pyd'>

asyncmy.errors.OperationalError: (2013, 'Lost connection to MySQL server during query ([WinError 10054] 远程主机强迫关闭了一个现有的连接。)')


The above exception was the direct cause of the following exception:


Traceback (most recent call last):

  File "<string>", line 1, in <module>
  File "C:\Users\98214\AppData\Roaming\uv\python\cpython-3.11.13-windows-x86_64-none\Lib\multiprocessing\spawn.py", line 122, in spawn_main
    exitcode = _main(fd, parent_sentinel)
               │     │   └ 328
               │     └ 3
               └ <function _main at 0x000001727803A0C0>
  File "C:\Users\98214\AppData\Roaming\uv\python\cpython-3.11.13-windows-x86_64-none\Lib\multiprocessing\spawn.py", line 135, in _main
    return self._bootstrap(parent_sentinel)
           │    │          └ 328
           │    └ <function BaseProcess._bootstrap at 0x0000017277D80D60>
           └ <SpawnProcess name='SpawnProcess-1' parent=73032 started>
  File "C:\Users\98214\AppData\Roaming\uv\python\cpython-3.11.13-windows-x86_64-none\Lib\multiprocessing\process.py", line 314, in _bootstrap
    self.run()
    │    └ <function BaseProcess.run at 0x0000017277D802C0>
    └ <SpawnProcess name='SpawnProcess-1' parent=73032 started>
  File "C:\Users\98214\AppData\Roaming\uv\python\cpython-3.11.13-windows-x86_64-none\Lib\multiprocessing\process.py", line 108, in run
    self._target(*self._args, **self._kwargs)
    │    │        │    │        │    └ {'config': <uvicorn.config.Config object at 0x0000017278014510>, 'target': <bound method Server.run of <uvicorn.server.Server...
    │    │        │    │        └ <SpawnProcess name='SpawnProcess-1' parent=73032 started>
    │    │        │    └ ()
    │    │        └ <SpawnProcess name='SpawnProcess-1' parent=73032 started>
    │    └ <function subprocess_started at 0x000001727A1D1760>
    └ <SpawnProcess name='SpawnProcess-1' parent=73032 started>
  File "D:\yunxia\ai_langgraph\.venv\Lib\site-packages\uvicorn\_subprocess.py", line 80, in subprocess_started
    target(sockets=sockets)
    │              └ [<socket.socket fd=856, family=2, type=1, proto=6, laddr=('0.0.0.0', 9199)>]
    └ <bound method Server.run of <uvicorn.server.Server object at 0x000001727A3621D0>>
  File "D:\yunxia\ai_langgraph\.venv\Lib\site-packages\uvicorn\server.py", line 67, in run
    return asyncio_run(self.serve(sockets=sockets), loop_factory=self.config.get_loop_factory())
           │           │    │             │                      │    │      └ <function Config.get_loop_factory at 0x000001727A171800>
           │           │    │             │                      │    └ <uvicorn.config.Config object at 0x0000017278014510>
           │           │    │             │                      └ <uvicorn.server.Server object at 0x000001727A3621D0>
           │           │    │             └ [<socket.socket fd=856, family=2, type=1, proto=6, laddr=('0.0.0.0', 9199)>]
           │           │    └ <function Server.serve at 0x000001727A1D0400>
           │           └ <uvicorn.server.Server object at 0x000001727A3621D0>
           └ <function asyncio_run at 0x000001727A135B20>
  File "D:\yunxia\ai_langgraph\.venv\Lib\site-packages\uvicorn\_compat.py", line 30, in asyncio_run
    return runner.run(main)
           │      │   └ <coroutine object Server.serve at 0x000001727A33C9A0>
           │      └ <function Runner.run at 0x0000017279EDE2A0>
           └ <asyncio.runners.Runner object at 0x000001727A3618D0>
  File "C:\Users\98214\AppData\Roaming\uv\python\cpython-3.11.13-windows-x86_64-none\Lib\asyncio\runners.py", line 118, in run
    return self._loop.run_until_complete(task)
           │    │     │                  └ <Task pending name='Task-1' coro=<Server.serve() running at D:\yunxia\ai_langgraph\.venv\Lib\site-packages\uvicorn\server.py:...
           │    │     └ <function BaseEventLoop.run_until_complete at 0x0000017279ECFD80>
           │    └ <_WindowsSelectorEventLoop running=True closed=False debug=False>
           └ <asyncio.runners.Runner object at 0x000001727A3618D0>
  File "C:\Users\98214\AppData\Roaming\uv\python\cpython-3.11.13-windows-x86_64-none\Lib\asyncio\base_events.py", line 641, in run_until_complete
    self.run_forever()
    │    └ <function BaseEventLoop.run_forever at 0x0000017279ECFCE0>
    └ <_WindowsSelectorEventLoop running=True closed=False debug=False>
  File "C:\Users\98214\AppData\Roaming\uv\python\cpython-3.11.13-windows-x86_64-none\Lib\asyncio\base_events.py", line 608, in run_forever
    self._run_once()
    │    └ <function BaseEventLoop._run_once at 0x0000017279EDDB20>
    └ <_WindowsSelectorEventLoop running=True closed=False debug=False>
  File "C:\Users\98214\AppData\Roaming\uv\python\cpython-3.11.13-windows-x86_64-none\Lib\asyncio\base_events.py", line 1936, in _run_once
    handle._run()
    │      └ <function Handle._run at 0x0000017279A07060>
    └ <Handle Task.task_wakeup(<Future finished result=None>)>
  File "C:\Users\98214\AppData\Roaming\uv\python\cpython-3.11.13-windows-x86_64-none\Lib\asyncio\events.py", line 84, in _run
    self._context.run(self._callback, *self._args)
    │    │            │    │           │    └ <member '_args' of 'Handle' objects>
    │    │            │    │           └ <Handle Task.task_wakeup(<Future finished result=None>)>
    │    │            │    └ <member '_callback' of 'Handle' objects>
    │    │            └ <Handle Task.task_wakeup(<Future finished result=None>)>
    │    └ <member '_context' of 'Handle' objects>
    └ <Handle Task.task_wakeup(<Future finished result=None>)>
  File "D:\yunxia\ai_langgraph\.venv\Lib\site-packages\uvicorn\protocols\http\httptools_impl.py", line 416, in run_asgi
    result = await app(  # type: ignore[func-returns-value]
                   └ <uvicorn.middleware.proxy_headers.ProxyHeadersMiddleware object at 0x0000017221D33D50>
  File "D:\yunxia\ai_langgraph\.venv\Lib\site-packages\uvicorn\middleware\proxy_headers.py", line 60, in __call__
    return await self.app(scope, receive, send)
                 │    │   │      │        └ <bound method RequestResponseCycle.send of <uvicorn.protocols.http.httptools_impl.RequestResponseCycle object at 0x0000017223...
                 │    │   │      └ <bound method RequestResponseCycle.receive of <uvicorn.protocols.http.httptools_impl.RequestResponseCycle object at 0x0000017...
                 │    │   └ {'type': 'http', 'asgi': {'version': '3.0', 'spec_version': '2.3'}, 'http_version': '1.1', 'server': ('127.0.0.1', 9199), 'cl...
                 │    └ <fastapi.applications.FastAPI object at 0x000001727A529290>
                 └ <uvicorn.middleware.proxy_headers.ProxyHeadersMiddleware object at 0x0000017221D33D50>
  File "D:\yunxia\ai_langgraph\.venv\Lib\site-packages\fastapi\applications.py", line 1135, in __call__
    await super().__call__(scope, receive, send)
                           │      │        └ <bound method RequestResponseCycle.send of <uvicorn.protocols.http.httptools_impl.RequestResponseCycle object at 0x0000017223...
                           │      └ <bound method RequestResponseCycle.receive of <uvicorn.protocols.http.httptools_impl.RequestResponseCycle object at 0x0000017...
                           └ {'type': 'http', 'asgi': {'version': '3.0', 'spec_version': '2.3'}, 'http_version': '1.1', 'server': ('127.0.0.1', 9199), 'cl...
  File "D:\yunxia\ai_langgraph\.venv\Lib\site-packages\starlette\applications.py", line 107, in __call__
    await self.middleware_stack(scope, receive, send)
          │    │                │      │        └ <bound method RequestResponseCycle.send of <uvicorn.protocols.http.httptools_impl.RequestResponseCycle object at 0x0000017223...
          │    │                │      └ <bound method RequestResponseCycle.receive of <uvicorn.protocols.http.httptools_impl.RequestResponseCycle object at 0x0000017...
          │    │                └ {'type': 'http', 'asgi': {'version': '3.0', 'spec_version': '2.3'}, 'http_version': '1.1', 'server': ('127.0.0.1', 9199), 'cl...
          │    └ <starlette.middleware.errors.ServerErrorMiddleware object at 0x0000017221EDBBD0>
          └ <fastapi.applications.FastAPI object at 0x000001727A529290>
> File "D:\yunxia\ai_langgraph\.venv\Lib\site-packages\starlette\middleware\errors.py", line 164, in __call__
    await self.app(scope, receive, _send)
          │    │   │      │        └ <function ServerErrorMiddleware.__call__.<locals>._send at 0x0000017223E75620>
          │    │   │      └ <bound method RequestResponseCycle.receive of <uvicorn.protocols.http.httptools_impl.RequestResponseCycle object at 0x0000017...
          │    │   └ {'type': 'http', 'asgi': {'version': '3.0', 'spec_version': '2.3'}, 'http_version': '1.1', 'server': ('127.0.0.1', 9199), 'cl...
          │    └ <middlewares.trace_middleware.middle.TraceASGIMiddleware object at 0x0000017221EE3E50>
          └ <starlette.middleware.errors.ServerErrorMiddleware object at 0x0000017221EDBBD0>

  File "D:\yunxia\ai_langgraph\RuoYi-Vue3-FastAPI\ruoyi-fastapi-backend\middlewares\trace_middleware\middle.py", line 42, in __call__
    await self.app(scope, handle_outgoing_receive, handle_outgoing_request)
          │    │   │      │                        └ <function TraceASGIMiddleware.__call__.<locals>.handle_outgoing_request at 0x0000017223E75800>
          │    │   │      └ <function RequestResponseCycle.receive at 0x0000017223E75DA0>
          │    │   └ {'type': 'http', 'asgi': {'version': '3.0', 'spec_version': '2.3'}, 'http_version': '1.1', 'server': ('127.0.0.1', 9199), 'cl...
          │    └ <starlette.middleware.gzip.GZipMiddleware object at 0x0000017221CCBED0>
          └ <middlewares.trace_middleware.middle.TraceASGIMiddleware object at 0x0000017221EE3E50>

  File "D:\yunxia\ai_langgraph\.venv\Lib\site-packages\starlette\middleware\gzip.py", line 29, in __call__
    await responder(scope, receive, send)
          │         │      │        └ <function TraceASGIMiddleware.__call__.<locals>.handle_outgoing_request at 0x0000017223E75800>
          │         │      └ <function RequestResponseCycle.receive at 0x0000017223E75DA0>
          │         └ {'type': 'http', 'asgi': {'version': '3.0', 'spec_version': '2.3'}, 'http_version': '1.1', 'server': ('127.0.0.1', 9199), 'cl...
          └ <starlette.middleware.gzip.GZipResponder object at 0x0000017223E8CDD0>
  File "D:\yunxia\ai_langgraph\.venv\Lib\site-packages\starlette\middleware\gzip.py", line 130, in __call__
    await super().__call__(scope, receive, send)
                           │      │        └ <function TraceASGIMiddleware.__call__.<locals>.handle_outgoing_request at 0x0000017223E75800>
                           │      └ <function RequestResponseCycle.receive at 0x0000017223E75DA0>
                           └ {'type': 'http', 'asgi': {'version': '3.0', 'spec_version': '2.3'}, 'http_version': '1.1', 'server': ('127.0.0.1', 9199), 'cl...
  File "D:\yunxia\ai_langgraph\.venv\Lib\site-packages\starlette\middleware\gzip.py", line 46, in __call__
    await self.app(scope, receive, self.send_with_compression)
          │    │   │      │        │    └ <function IdentityResponder.send_with_compression at 0x000001721E069260>
          │    │   │      │        └ <starlette.middleware.gzip.GZipResponder object at 0x0000017223E8CDD0>
          │    │   │      └ <function RequestResponseCycle.receive at 0x0000017223E75DA0>
          │    │   └ {'type': 'http', 'asgi': {'version': '3.0', 'spec_version': '2.3'}, 'http_version': '1.1', 'server': ('127.0.0.1', 9199), 'cl...
          │    └ <starlette.middleware.cors.CORSMiddleware object at 0x0000017221EB6350>
          └ <starlette.middleware.gzip.GZipResponder object at 0x0000017223E8CDD0>
  File "D:\yunxia\ai_langgraph\.venv\Lib\site-packages\starlette\middleware\cors.py", line 85, in __call__
    await self.app(scope, receive, send)
          │    │   │      │        └ <bound method IdentityResponder.send_with_compression of <starlette.middleware.gzip.GZipResponder object at 0x0000017223E8CDD0>>
          │    │   │      └ <function RequestResponseCycle.receive at 0x0000017223E75DA0>
          │    │   └ {'type': 'http', 'asgi': {'version': '3.0', 'spec_version': '2.3'}, 'http_version': '1.1', 'server': ('127.0.0.1', 9199), 'cl...
          │    └ <middlewares.context_middleware.ContextCleanupMiddleware object at 0x0000017221E2E110>
          └ <starlette.middleware.cors.CORSMiddleware object at 0x0000017221EB6350>
  File "D:\yunxia\ai_langgraph\.venv\Lib\site-packages\starlette\middleware\base.py", line 191, in __call__
    with recv_stream, send_stream, collapse_excgroups():
         │            │            └ <function collapse_excgroups at 0x000001727B3B1A80>
         │            └ MemoryObjectSendStream(_state=_MemoryObjectStreamState(max_buffer_size=0, buffer=deque([]), open_send_channels=0, open_receiv...
         └ MemoryObjectReceiveStream(_state=_MemoryObjectStreamState(max_buffer_size=0, buffer=deque([]), open_send_channels=0, open_rec...
  File "C:\Users\98214\AppData\Roaming\uv\python\cpython-3.11.13-windows-x86_64-none\Lib\contextlib.py", line 158, in __exit__
    self.gen.throw(typ, value, traceback)
    │    │   │     │    │      └ <traceback object at 0x0000017223ED8C00>
    │    │   │     │    └ ExceptionGroup('unhandled errors in a TaskGroup', [OperationalError("(asyncmy.errors.OperationalError) (2013, 'Lost connectio...
    │    │   │     └ <class 'ExceptionGroup'>
    │    │   └ <method 'throw' of 'generator' objects>
    │    └ <generator object collapse_excgroups at 0x0000017223EB2260>
    └ <contextlib._GeneratorContextManager object at 0x0000017223E8F8D0>
  File "D:\yunxia\ai_langgraph\.venv\Lib\site-packages\starlette\_utils.py", line 85, in collapse_excgroups
    raise exc
  File "D:\yunxia\ai_langgraph\.venv\Lib\site-packages\starlette\middleware\base.py", line 193, in __call__
    response = await self.dispatch_func(request, call_next)
                     │    │             │        └ <function BaseHTTPMiddleware.__call__.<locals>.call_next at 0x0000017223E747C0>
                     │    │             └ <starlette.middleware.base._CachedRequest object at 0x0000017223E8E350>
                     │    └ <bound method ContextCleanupMiddleware.dispatch of <middlewares.context_middleware.ContextCleanupMiddleware object at 0x00000...
                     └ <middlewares.context_middleware.ContextCleanupMiddleware object at 0x0000017221E2E110>

  File "D:\yunxia\ai_langgraph\RuoYi-Vue3-FastAPI\ruoyi-fastapi-backend\middlewares\context_middleware.py", line 17, in dispatch
    response = await call_next(request)
                     │         └ <starlette.middleware.base._CachedRequest object at 0x0000017223E8E350>
                     └ <function BaseHTTPMiddleware.__call__.<locals>.call_next at 0x0000017223E747C0>

  File "D:\yunxia\ai_langgraph\.venv\Lib\site-packages\starlette\middleware\base.py", line 168, in call_next
    raise app_exc from app_exc.__cause__ or app_exc.__context__
          │            │       │            │       └ <attribute '__context__' of 'BaseException' objects>
          │            │       │            └ OperationalError("(asyncmy.errors.OperationalError) (2013, 'Lost connection to MySQL server during query ([WinError 10054] 远程...
          │            │       └ <attribute '__cause__' of 'BaseException' objects>
          │            └ OperationalError("(asyncmy.errors.OperationalError) (2013, 'Lost connection to MySQL server during query ([WinError 10054] 远程...
          └ OperationalError("(asyncmy.errors.OperationalError) (2013, 'Lost connection to MySQL server during query ([WinError 10054] 远程...
  File "D:\yunxia\ai_langgraph\.venv\Lib\site-packages\starlette\middleware\base.py", line 144, in coro
    await self.app(scope, receive_or_disconnect, send_no_error)
          │    │   │      │                      └ <function BaseHTTPMiddleware.__call__.<locals>.call_next.<locals>.send_no_error at 0x0000017223E75940>
          │    │   │      └ <function BaseHTTPMiddleware.__call__.<locals>.call_next.<locals>.receive_or_disconnect at 0x0000017223E76480>
          │    │   └ {'type': 'http', 'asgi': {'version': '3.0', 'spec_version': '2.3'}, 'http_version': '1.1', 'server': ('127.0.0.1', 9199), 'cl...
          │    └ <starlette.middleware.exceptions.ExceptionMiddleware object at 0x0000017221E7BBD0>
          └ <middlewares.context_middleware.ContextCleanupMiddleware object at 0x0000017221E2E110>
  File "D:\yunxia\ai_langgraph\.venv\Lib\site-packages\starlette\middleware\exceptions.py", line 63, in __call__
    await wrap_app_handling_exceptions(self.app, conn)(scope, receive, send)
          │                            │    │    │     │      │        └ <function BaseHTTPMiddleware.__call__.<locals>.call_next.<locals>.send_no_error at 0x0000017223E75940>
          │                            │    │    │     │      └ <function BaseHTTPMiddleware.__call__.<locals>.call_next.<locals>.receive_or_disconnect at 0x0000017223E76480>
          │                            │    │    │     └ {'type': 'http', 'asgi': {'version': '3.0', 'spec_version': '2.3'}, 'http_version': '1.1', 'server': ('127.0.0.1', 9199), 'cl...
          │                            │    │    └ <starlette.requests.Request object at 0x0000017223E8CC50>
          │                            │    └ <fastapi.middleware.asyncexitstack.AsyncExitStackMiddleware object at 0x000001722212F510>
          │                            └ <starlette.middleware.exceptions.ExceptionMiddleware object at 0x0000017221E7BBD0>
          └ <function wrap_app_handling_exceptions at 0x000001727B43D8A0>
  File "D:\yunxia\ai_langgraph\.venv\Lib\site-packages\starlette\_exception_handler.py", line 53, in wrapped_app
    raise exc
  File "D:\yunxia\ai_langgraph\.venv\Lib\site-packages\starlette\_exception_handler.py", line 42, in wrapped_app
    await app(scope, receive, sender)
          │   │      │        └ <function wrap_app_handling_exceptions.<locals>.wrapped_app.<locals>.sender at 0x0000017223E75300>
          │   │      └ <function BaseHTTPMiddleware.__call__.<locals>.call_next.<locals>.receive_or_disconnect at 0x0000017223E76480>
          │   └ {'type': 'http', 'asgi': {'version': '3.0', 'spec_version': '2.3'}, 'http_version': '1.1', 'server': ('127.0.0.1', 9199), 'cl...
          └ <fastapi.middleware.asyncexitstack.AsyncExitStackMiddleware object at 0x000001722212F510>
  File "D:\yunxia\ai_langgraph\.venv\Lib\site-packages\fastapi\middleware\asyncexitstack.py", line 18, in __call__
    await self.app(scope, receive, send)
          │    │   │      │        └ <function wrap_app_handling_exceptions.<locals>.wrapped_app.<locals>.sender at 0x0000017223E75300>
          │    │   │      └ <function BaseHTTPMiddleware.__call__.<locals>.call_next.<locals>.receive_or_disconnect at 0x0000017223E76480>
          │    │   └ {'type': 'http', 'asgi': {'version': '3.0', 'spec_version': '2.3'}, 'http_version': '1.1', 'server': ('127.0.0.1', 9199), 'cl...
          │    └ <fastapi.routing.APIRouter object at 0x000001727B1A3650>
          └ <fastapi.middleware.asyncexitstack.AsyncExitStackMiddleware object at 0x000001722212F510>
  File "D:\yunxia\ai_langgraph\.venv\Lib\site-packages\starlette\routing.py", line 716, in __call__
    await self.middleware_stack(scope, receive, send)
          │    │                │      │        └ <function wrap_app_handling_exceptions.<locals>.wrapped_app.<locals>.sender at 0x0000017223E75300>
          │    │                │      └ <function BaseHTTPMiddleware.__call__.<locals>.call_next.<locals>.receive_or_disconnect at 0x0000017223E76480>
          │    │                └ {'type': 'http', 'asgi': {'version': '3.0', 'spec_version': '2.3'}, 'http_version': '1.1', 'server': ('127.0.0.1', 9199), 'cl...
          │    └ <bound method Router.app of <fastapi.routing.APIRouter object at 0x000001727B1A3650>>
          └ <fastapi.routing.APIRouter object at 0x000001727B1A3650>
  File "D:\yunxia\ai_langgraph\.venv\Lib\site-packages\starlette\routing.py", line 736, in app
    await route.handle(scope, receive, send)
          │     │      │      │        └ <function wrap_app_handling_exceptions.<locals>.wrapped_app.<locals>.sender at 0x0000017223E75300>
          │     │      │      └ <function BaseHTTPMiddleware.__call__.<locals>.call_next.<locals>.receive_or_disconnect at 0x0000017223E76480>
          │     │      └ {'type': 'http', 'asgi': {'version': '3.0', 'spec_version': '2.3'}, 'http_version': '1.1', 'server': ('127.0.0.1', 9199), 'cl...
          │     └ <function Route.handle at 0x000001727B43EF20>
          └ APIRoute(path='/getInfo', name='get_login_user_info', methods=['GET'])
  File "D:\yunxia\ai_langgraph\.venv\Lib\site-packages\starlette\routing.py", line 290, in handle
    await self.app(scope, receive, send)
          │    │   │      │        └ <function wrap_app_handling_exceptions.<locals>.wrapped_app.<locals>.sender at 0x0000017223E75300>
          │    │   │      └ <function BaseHTTPMiddleware.__call__.<locals>.call_next.<locals>.receive_or_disconnect at 0x0000017223E76480>
          │    │   └ {'type': 'http', 'asgi': {'version': '3.0', 'spec_version': '2.3'}, 'http_version': '1.1', 'server': ('127.0.0.1', 9199), 'cl...
          │    └ <function request_response.<locals>.app at 0x0000017220CBE200>
          └ APIRoute(path='/getInfo', name='get_login_user_info', methods=['GET'])
  File "D:\yunxia\ai_langgraph\.venv\Lib\site-packages\fastapi\routing.py", line 115, in app
    await wrap_app_handling_exceptions(app, request)(scope, receive, send)
          │                            │    │        │      │        └ <function wrap_app_handling_exceptions.<locals>.wrapped_app.<locals>.sender at 0x0000017223E75300>
          │                            │    │        │      └ <function BaseHTTPMiddleware.__call__.<locals>.call_next.<locals>.receive_or_disconnect at 0x0000017223E76480>
          │                            │    │        └ {'type': 'http', 'asgi': {'version': '3.0', 'spec_version': '2.3'}, 'http_version': '1.1', 'server': ('127.0.0.1', 9199), 'cl...
          │                            │    └ <starlette.requests.Request object at 0x0000017223E8CB50>
          │                            └ <function request_response.<locals>.app.<locals>.app at 0x0000017223E753A0>
          └ <function wrap_app_handling_exceptions at 0x000001727B43D8A0>
  File "D:\yunxia\ai_langgraph\.venv\Lib\site-packages\starlette\_exception_handler.py", line 53, in wrapped_app
    raise exc
  File "D:\yunxia\ai_langgraph\.venv\Lib\site-packages\starlette\_exception_handler.py", line 42, in wrapped_app
    await app(scope, receive, sender)
          │   │      │        └ <function wrap_app_handling_exceptions.<locals>.wrapped_app.<locals>.sender at 0x0000017223E76980>
          │   │      └ <function BaseHTTPMiddleware.__call__.<locals>.call_next.<locals>.receive_or_disconnect at 0x0000017223E76480>
          │   └ {'type': 'http', 'asgi': {'version': '3.0', 'spec_version': '2.3'}, 'http_version': '1.1', 'server': ('127.0.0.1', 9199), 'cl...
          └ <function request_response.<locals>.app.<locals>.app at 0x0000017223E753A0>
  File "D:\yunxia\ai_langgraph\.venv\Lib\site-packages\fastapi\routing.py", line 101, in app
    response = await f(request)
                     │ └ <starlette.requests.Request object at 0x0000017223E8CB50>
                     └ <function get_request_handler.<locals>.app at 0x00000172205ADDA0>
  File "D:\yunxia\ai_langgraph\.venv\Lib\site-packages\fastapi\routing.py", line 345, in app
    solved_result = await solve_dependencies(
                          └ <function solve_dependencies at 0x000001727B41ECA0>
  File "D:\yunxia\ai_langgraph\.venv\Lib\site-packages\fastapi\dependencies\utils.py", line 643, in solve_dependencies
    solved = await call(**solved_result.values)
                   │      │             └ {'token': 'eyJhbGciOiJIUzI1NiIsInR5cCI6IkpXVCJ9.eyJ1c2VyX2lkIjoiMSIsInVzZXJfbmFtZSI6ImFkbWluIiwiZGVwdF9uYW1lIjoiXHU3ODE0XHU1M...
                   │      └ SolvedDependency(values={'token': 'eyJhbGciOiJIUzI1NiIsInR5cCI6IkpXVCJ9.eyJ1c2VyX2lkIjoiMSIsInVzZXJfbmFtZSI6ImFkbWluIiwiZGVwd...
                   └ <bound method LoginService.get_current_user of <class 'module_admin.service.login_service.LoginService'>>

  File "D:\yunxia\ai_langgraph\RuoYi-Vue3-FastAPI\ruoyi-fastapi-backend\module_admin\service\login_service.py", line 220, in get_current_user
    query_user = await UserDao.get_user_by_id(query_db, user_id=token_data.user_id)
                       │       │              │                 │          └ 1
                       │       │              │                 └ TokenData(user_id=1)
                       │       │              └ <sqlalchemy.ext.asyncio.session.AsyncSession object at 0x0000017223E6B510>
                       │       └ <classmethod(<function UserDao.get_user_by_id at 0x000001721E21E700>)>
                       └ <class 'module_admin.dao.user_dao.UserDao'>

  File "D:\yunxia\ai_langgraph\RuoYi-Vue3-FastAPI\ruoyi-fastapi-backend\module_admin\dao\user_dao.py", line 94, in get_user_by_id
    await db.execute(
          │  └ <function AsyncSession.execute at 0x000001727CFA76A0>
          └ <sqlalchemy.ext.asyncio.session.AsyncSession object at 0x0000017223E6B510>

  File "D:\yunxia\ai_langgraph\.venv\Lib\site-packages\sqlalchemy\ext\asyncio\session.py", line 449, in execute
    result = await greenlet_spawn(
                   └ <function greenlet_spawn at 0x000001727B567BA0>
  File "D:\yunxia\ai_langgraph\.venv\Lib\site-packages\sqlalchemy\util\_concurrency_py3k.py", line 201, in greenlet_spawn
    result = context.throw(*sys.exc_info())
             │       │      │   └ <built-in function exc_info>
             │       │      └ <module 'sys' (built-in)>
             │       └ <method 'throw' of 'greenlet.greenlet' objects>
             └ <_AsyncIoGreenlet object at 0x0000017223E6A340 (otid=0x000001727B568D20) dead>
  File "D:\yunxia\ai_langgraph\.venv\Lib\site-packages\sqlalchemy\orm\session.py", line 2351, in execute
    return self._execute_internal(
           │    └ <function Session._execute_internal at 0x000001727CEE5A80>
           └ <sqlalchemy.orm.session.Session object at 0x0000017223E6A4D0>
  File "D:\yunxia\ai_langgraph\.venv\Lib\site-packages\sqlalchemy\orm\session.py", line 2249, in _execute_internal
    result: Result[Any] = compile_state_cls.orm_execute_statement(
                   │      │                 └ <classmethod(<function AbstractORMCompileState.orm_execute_statement at 0x000001727CD60040>)>
                   │      └ <class 'sqlalchemy.orm.context.ORMSelectCompileState'>
                   └ typing.Any
  File "D:\yunxia\ai_langgraph\.venv\Lib\site-packages\sqlalchemy\orm\context.py", line 306, in orm_execute_statement
    result = conn.execute(
             │    └ <function Connection.execute at 0x000001727CADBE20>
             └ <sqlalchemy.engine.base.Connection object at 0x0000017223E6A210>
  File "D:\yunxia\ai_langgraph\.venv\Lib\site-packages\sqlalchemy\engine\base.py", line 1419, in execute
    return meth(
           └ <bound method ClauseElement._execute_on_connection of <sqlalchemy.sql.selectable.Select object at 0x0000017223E69FD0>>
  File "D:\yunxia\ai_langgraph\.venv\Lib\site-packages\sqlalchemy\sql\elements.py", line 527, in _execute_on_connection
    return connection._execute_clauseelement(
           │          └ <function Connection._execute_clauseelement at 0x000001727CAE4180>
           └ <sqlalchemy.engine.base.Connection object at 0x0000017223E6A210>
  File "D:\yunxia\ai_langgraph\.venv\Lib\site-packages\sqlalchemy\engine\base.py", line 1641, in _execute_clauseelement
    ret = self._execute_context(
          │    └ <function Connection._execute_context at 0x000001727CAE4360>
          └ <sqlalchemy.engine.base.Connection object at 0x0000017223E6A210>
  File "D:\yunxia\ai_langgraph\.venv\Lib\site-packages\sqlalchemy\engine\base.py", line 1846, in _execute_context
    return self._exec_single_context(
           │    └ <function Connection._exec_single_context at 0x000001727CAE4400>
           └ <sqlalchemy.engine.base.Connection object at 0x0000017223E6A210>
  File "D:\yunxia\ai_langgraph\.venv\Lib\site-packages\sqlalchemy\engine\base.py", line 1986, in _exec_single_context
    self._handle_dbapi_exception(
    │    └ <function Connection._handle_dbapi_exception at 0x000001727CAE4680>
    └ <sqlalchemy.engine.base.Connection object at 0x0000017223E6A210>
  File "D:\yunxia\ai_langgraph\.venv\Lib\site-packages\sqlalchemy\engine\base.py", line 2363, in _handle_dbapi_exception
    raise sqlalchemy_exception.with_traceback(exc_info[2]) from e
          │                    │              │                 └ OperationalError(2013, 'Lost connection to MySQL server during query ([WinError 10054] 远程主机强迫关闭了一个现有的连接。)')
          │                    │              └ (<class 'asyncmy.errors.OperationalError'>, OperationalError(2013, 'Lost connection to MySQL server during query ([WinError 1...
          │                    └ <method 'with_traceback' of 'BaseException' objects>
          └ OperationalError("(asyncmy.errors.OperationalError) (2013, 'Lost connection to MySQL server during query ([WinError 10054] 远程...
  File "D:\yunxia\ai_langgraph\.venv\Lib\site-packages\sqlalchemy\engine\base.py", line 1967, in _exec_single_context
    self.dialect.do_execute(
    │    │       └ <function DefaultDialect.do_execute at 0x000001727CBA4400>
    │    └ <sqlalchemy.dialects.mysql.asyncmy.MySQLDialect_asyncmy object at 0x000001727CFBB390>
    └ <sqlalchemy.engine.base.Connection object at 0x0000017223E6A210>
  File "D:\yunxia\ai_langgraph\.venv\Lib\site-packages\sqlalchemy\engine\default.py", line 952, in do_execute
    cursor.execute(statement, parameters)
    │      │       │          └ ('0', '0', 1)
    │      │       └ 'SELECT DISTINCT sys_user.user_id, sys_user.dept_id, sys_user.user_name, sys_user.nick_name, sys_user.user_type, sys_user.ema...
    │      └ <function AsyncAdapt_dbapi_cursor.execute at 0x000001727D049760>
    └ <sqlalchemy.dialects.mysql.asyncmy.AsyncAdapt_asyncmy_cursor object at 0x0000017223EBD120>
  File "D:\yunxia\ai_langgraph\.venv\Lib\site-packages\sqlalchemy\connectors\asyncio.py", line 230, in execute
    self._adapt_connection._handle_exception(error)
    │    └ <member '_adapt_connection' of 'AsyncAdapt_dbapi_cursor' objects>
    └ <sqlalchemy.dialects.mysql.asyncmy.AsyncAdapt_asyncmy_cursor object at 0x0000017223EBD120>
  File "D:\yunxia\ai_langgraph\.venv\Lib\site-packages\sqlalchemy\dialects\mysql\asyncmy.py", line 91, in _handle_exception
    raise error
          └ OperationalError(2013, 'Lost connection to MySQL server during query ([WinError 10054] 远程主机强迫关闭了一个现有的连接。)')
  File "D:\yunxia\ai_langgraph\.venv\Lib\site-packages\sqlalchemy\connectors\asyncio.py", line 228, in execute
    return self.await_(self._execute_async(operation, parameters))
           │    │      │    │              │          └ ('0', '0', 1)
           │    │      │    │              └ 'SELECT DISTINCT sys_user.user_id, sys_user.dept_id, sys_user.user_name, sys_user.nick_name, sys_user.user_type, sys_user.ema...
           │    │      │    └ <function AsyncAdapt_dbapi_cursor._execute_async at 0x000001727D0498A0>
           │    │      └ <sqlalchemy.dialects.mysql.asyncmy.AsyncAdapt_asyncmy_cursor object at 0x0000017223EBD120>
           │    └ <member 'await_' of 'AsyncAdapt_dbapi_cursor' objects>
           └ <sqlalchemy.dialects.mysql.asyncmy.AsyncAdapt_asyncmy_cursor object at 0x0000017223EBD120>
  File "D:\yunxia\ai_langgraph\.venv\Lib\site-packages\sqlalchemy\util\_concurrency_py3k.py", line 132, in await_only
    return current.parent.switch(awaitable)  # type: ignore[no-any-return,attr-defined] # noqa: E501
           │       │             └ <coroutine object AsyncAdapt_dbapi_cursor._execute_async at 0x0000017223E02D40>
           │       └ <attribute 'parent' of 'greenlet.greenlet' objects>
           └ <_AsyncIoGreenlet object at 0x0000017223E6A340 (otid=0x000001727B568D20) dead>
  File "D:\yunxia\ai_langgraph\.venv\Lib\site-packages\sqlalchemy\util\_concurrency_py3k.py", line 196, in greenlet_spawn
    value = await result
                  └ <Future finished exception=ConnectionResetError(10054, '远程主机强迫关闭了一个现有的连接。', None, 10054, None)>
  File "D:\yunxia\ai_langgraph\.venv\Lib\site-packages\sqlalchemy\connectors\asyncio.py", line 251, in _execute_async
    result = await self._cursor.execute(operation, parameters)
                   │    │               │          └ ('0', '0', 1)
                   │    │               └ 'SELECT DISTINCT sys_user.user_id, sys_user.dept_id, sys_user.user_name, sys_user.nick_name, sys_user.user_type, sys_user.ema...
                   │    └ <member '_cursor' of 'AsyncAdapt_dbapi_cursor' objects>
                   └ <sqlalchemy.dialects.mysql.asyncmy.AsyncAdapt_asyncmy_cursor object at 0x0000017223EBD120>
  File "asyncmy\\cursors.pyx", line 179, in execute
    result = await self._query(query)
  File "asyncmy\\cursors.pyx", line 364, in _query
    await conn.query(q)
  File "asyncmy\\connection.pyx", line 496, in query
    await self._read_query_result(unbuffered=unbuffered)
  File "asyncmy\\connection.pyx", line 684, in _read_query_result
    await result.read()
  File "asyncmy\\connection.pyx", line 1071, in read
    first_packet = await self.connection.read_packet()
  File "asyncmy\\connection.pyx", line 619, in read_packet
    packet_header = await self._read_bytes(4)
  File "asyncmy\\connection.pyx", line 660, in _read_bytes
    raise errors.OperationalError(
          │      └ <class 'asyncmy.errors.OperationalError'>
          └ <module 'asyncmy.errors' from 'D:\\yunxia\\ai_langgraph\\.venv\\Lib\\site-packages\\asyncmy\\errors.cp311-win_amd64.pyd'>

sqlalchemy.exc.OperationalError: (asyncmy.errors.OperationalError) (2013, 'Lost connection to MySQL server during query ([WinError 10054] 远程主机强迫关闭了一个现有的连接。)')
[SQL: SELECT DISTINCT sys_user.user_id, sys_user.dept_id, sys_user.user_name, sys_user.nick_name, sys_user.user_type, sys_user.email, sys_user.phonenumber, sys_user.sex, sys_user.avatar, sys_user.password, sys_user.status, sys_user.del_flag, sys_user.login_ip, sys_user.login_date, sys_user.pwd_update_date, sys_user.create_by, sys_user.create_time, sys_user.update_by, sys_user.update_time, sys_user.remark 
FROM sys_user 
WHERE sys_user.status = %s AND sys_user.del_flag = %s AND sys_user.user_id = %s]
[parameters: ('0', '0', 1)]
(Background on this error at: https://sqlalche.me/e/20/e3q8)
ERROR:    Exception in ASGI application
Traceback (most recent call last):
  File "D:\yunxia\ai_langgraph\.venv\Lib\site-packages\sqlalchemy\connectors\asyncio.py", line 402, in terminate
    self.await_(asyncio.shield(self._terminate_graceful_close()))  # type: ignore[attr-defined] # noqa: E501
    ^^^^^^^^^^^^^^^^^^^^^^^^^^^^^^^^^^^^^^^^^^^^^^^^^^^^^^^^^^^^^
  File "D:\yunxia\ai_langgraph\.venv\Lib\site-packages\sqlalchemy\util\_concurrency_py3k.py", line 132, in await_only
    return current.parent.switch(awaitable)  # type: ignore[no-any-return,attr-defined] # noqa: E501
           ^^^^^^^^^^^^^^^^^^^^^^^^^^^^^^^^
  File "D:\yunxia\ai_langgraph\.venv\Lib\site-packages\sqlalchemy\util\_concurrency_py3k.py", line 196, in greenlet_spawn
    value = await result
            ^^^^^^^^^^^^
  File "D:\yunxia\ai_langgraph\.venv\Lib\site-packages\sqlalchemy\dialects\mysql\asyncmy.py", line 117, in _terminate_graceful_close
    await self._connection.ensure_closed()
  File "asyncmy\\connection.pyx", line 361, in ensure_closed
    await self._writer.drain()
  File "C:\Users\98214\AppData\Roaming\uv\python\cpython-3.11.13-windows-x86_64-none\Lib\asyncio\streams.py", line 380, in drain
    raise exc
  File "asyncmy\\connection.pyx", line 658, in asyncmy.connection.Connection._read_bytes
    data = await self._reader.readexactly(num_bytes)
  File "C:\Users\98214\AppData\Roaming\uv\python\cpython-3.11.13-windows-x86_64-none\Lib\asyncio\streams.py", line 750, in readexactly
    await self._wait_for_data('readexactly')
  File "C:\Users\98214\AppData\Roaming\uv\python\cpython-3.11.13-windows-x86_64-none\Lib\asyncio\streams.py", line 543, in _wait_for_data
    await self._waiter
  File "C:\Users\98214\AppData\Roaming\uv\python\cpython-3.11.13-windows-x86_64-none\Lib\asyncio\selector_events.py", line 999, in _read_ready__data_received
    data = self._sock.recv(self.max_size)
           ^^^^^^^^^^^^^^^^^^^^^^^^^^^^^^
ConnectionResetError: [WinError 10054] 远程主机强迫关闭了一个现有的连接。

During handling of the above exception, another exception occurred:

Traceback (most recent call last):
  File "D:\yunxia\ai_langgraph\.venv\Lib\site-packages\sqlalchemy\engine\base.py", line 1967, in _exec_single_context
    self.dialect.do_execute(
  File "D:\yunxia\ai_langgraph\.venv\Lib\site-packages\sqlalchemy\engine\default.py", line 952, in do_execute
    cursor.execute(statement, parameters)
  File "D:\yunxia\ai_langgraph\.venv\Lib\site-packages\sqlalchemy\connectors\asyncio.py", line 230, in execute
    self._adapt_connection._handle_exception(error)
  File "D:\yunxia\ai_langgraph\.venv\Lib\site-packages\sqlalchemy\dialects\mysql\asyncmy.py", line 91, in _handle_exception
    raise error
  File "D:\yunxia\ai_langgraph\.venv\Lib\site-packages\sqlalchemy\connectors\asyncio.py", line 228, in execute
    return self.await_(self._execute_async(operation, parameters))
           ^^^^^^^^^^^^^^^^^^^^^^^^^^^^^^^^^^^^^^^^^^^^^^^^^^^^^^^
  File "D:\yunxia\ai_langgraph\.venv\Lib\site-packages\sqlalchemy\util\_concurrency_py3k.py", line 132, in await_only
    return current.parent.switch(awaitable)  # type: ignore[no-any-return,attr-defined] # noqa: E501
           ^^^^^^^^^^^^^^^^^^^^^^^^^^^^^^^^
  File "D:\yunxia\ai_langgraph\.venv\Lib\site-packages\sqlalchemy\util\_concurrency_py3k.py", line 196, in greenlet_spawn
    value = await result
            ^^^^^^^^^^^^
  File "D:\yunxia\ai_langgraph\.venv\Lib\site-packages\sqlalchemy\connectors\asyncio.py", line 251, in _execute_async
    result = await self._cursor.execute(operation, parameters)
             ^^^^^^^^^^^^^^^^^^^^^^^^^^^^^^^^^^^^^^^^^^^^^^^^^
  File "asyncmy\\cursors.pyx", line 179, in execute
    result = await self._query(query)
  File "asyncmy\\cursors.pyx", line 364, in _query
    await conn.query(q)
  File "asyncmy\\connection.pyx", line 496, in query
    await self._read_query_result(unbuffered=unbuffered)
  File "asyncmy\\connection.pyx", line 684, in _read_query_result
    await result.read()
  File "asyncmy\\connection.pyx", line 1071, in read
    first_packet = await self.connection.read_packet()
  File "asyncmy\\connection.pyx", line 619, in read_packet
    packet_header = await self._read_bytes(4)
  File "asyncmy\\connection.pyx", line 660, in _read_bytes
    raise errors.OperationalError(
asyncmy.errors.OperationalError: (2013, 'Lost connection to MySQL server during query ([WinError 10054] 远程主机强迫关闭了一个现有的连接。)')

The above exception was the direct cause of the following exception:

Traceback (most recent call last):
  File "D:\yunxia\ai_langgraph\.venv\Lib\site-packages\uvicorn\protocols\http\httptools_impl.py", line 416, in run_asgi
    result = await app(  # type: ignore[func-returns-value]
             ^^^^^^^^^^^^^^^^^^^^^^^^^^^^^^^^^^^^^^^^^^^^^^
  File "D:\yunxia\ai_langgraph\.venv\Lib\site-packages\uvicorn\middleware\proxy_headers.py", line 60, in __call__
    return await self.app(scope, receive, send)
           ^^^^^^^^^^^^^^^^^^^^^^^^^^^^^^^^^^^^
  File "D:\yunxia\ai_langgraph\.venv\Lib\site-packages\fastapi\applications.py", line 1135, in __call__
    await super().__call__(scope, receive, send)
  File "D:\yunxia\ai_langgraph\.venv\Lib\site-packages\starlette\applications.py", line 107, in __call__
    await self.middleware_stack(scope, receive, send)
  File "D:\yunxia\ai_langgraph\.venv\Lib\site-packages\starlette\middleware\errors.py", line 186, in __call__
    raise exc
  File "D:\yunxia\ai_langgraph\.venv\Lib\site-packages\starlette\middleware\errors.py", line 164, in __call__
    await self.app(scope, receive, _send)
  File "D:\yunxia\ai_langgraph\RuoYi-Vue3-FastAPI\ruoyi-fastapi-backend\middlewares\trace_middleware\middle.py", line 42, in __call__
    await self.app(scope, handle_outgoing_receive, handle_outgoing_request)
  File "D:\yunxia\ai_langgraph\.venv\Lib\site-packages\starlette\middleware\gzip.py", line 29, in __call__
    await responder(scope, receive, send)
  File "D:\yunxia\ai_langgraph\.venv\Lib\site-packages\starlette\middleware\gzip.py", line 130, in __call__
    await super().__call__(scope, receive, send)
  File "D:\yunxia\ai_langgraph\.venv\Lib\site-packages\starlette\middleware\gzip.py", line 46, in __call__
    await self.app(scope, receive, self.send_with_compression)
  File "D:\yunxia\ai_langgraph\.venv\Lib\site-packages\starlette\middleware\cors.py", line 85, in __call__
    await self.app(scope, receive, send)
  File "D:\yunxia\ai_langgraph\.venv\Lib\site-packages\starlette\middleware\base.py", line 191, in __call__
    with recv_stream, send_stream, collapse_excgroups():
  File "C:\Users\98214\AppData\Roaming\uv\python\cpython-3.11.13-windows-x86_64-none\Lib\contextlib.py", line 158, in __exit__
    self.gen.throw(typ, value, traceback)
  File "D:\yunxia\ai_langgraph\.venv\Lib\site-packages\starlette\_utils.py", line 85, in collapse_excgroups
    raise exc
  File "D:\yunxia\ai_langgraph\.venv\Lib\site-packages\starlette\middleware\base.py", line 193, in __call__
    response = await self.dispatch_func(request, call_next)
               ^^^^^^^^^^^^^^^^^^^^^^^^^^^^^^^^^^^^^^^^^^^^
  File "D:\yunxia\ai_langgraph\RuoYi-Vue3-FastAPI\ruoyi-fastapi-backend\middlewares\context_middleware.py", line 17, in dispatch
    response = await call_next(request)
               ^^^^^^^^^^^^^^^^^^^^^^^^
  File "D:\yunxia\ai_langgraph\.venv\Lib\site-packages\starlette\middleware\base.py", line 168, in call_next
    raise app_exc from app_exc.__cause__ or app_exc.__context__
  File "D:\yunxia\ai_langgraph\.venv\Lib\site-packages\starlette\middleware\base.py", line 144, in coro
    await self.app(scope, receive_or_disconnect, send_no_error)
  File "D:\yunxia\ai_langgraph\.venv\Lib\site-packages\starlette\middleware\exceptions.py", line 63, in __call__
    await wrap_app_handling_exceptions(self.app, conn)(scope, receive, send)
  File "D:\yunxia\ai_langgraph\.venv\Lib\site-packages\starlette\_exception_handler.py", line 53, in wrapped_app
    raise exc
  File "D:\yunxia\ai_langgraph\.venv\Lib\site-packages\starlette\_exception_handler.py", line 42, in wrapped_app
    await app(scope, receive, sender)
  File "D:\yunxia\ai_langgraph\.venv\Lib\site-packages\fastapi\middleware\asyncexitstack.py", line 18, in __call__
    await self.app(scope, receive, send)
  File "D:\yunxia\ai_langgraph\.venv\Lib\site-packages\starlette\routing.py", line 716, in __call__
    await self.middleware_stack(scope, receive, send)
  File "D:\yunxia\ai_langgraph\.venv\Lib\site-packages\starlette\routing.py", line 736, in app
    await route.handle(scope, receive, send)
  File "D:\yunxia\ai_langgraph\.venv\Lib\site-packages\starlette\routing.py", line 290, in handle
    await self.app(scope, receive, send)
  File "D:\yunxia\ai_langgraph\.venv\Lib\site-packages\fastapi\routing.py", line 115, in app
    await wrap_app_handling_exceptions(app, request)(scope, receive, send)
  File "D:\yunxia\ai_langgraph\.venv\Lib\site-packages\starlette\_exception_handler.py", line 53, in wrapped_app
    raise exc
  File "D:\yunxia\ai_langgraph\.venv\Lib\site-packages\starlette\_exception_handler.py", line 42, in wrapped_app
    await app(scope, receive, sender)
  File "D:\yunxia\ai_langgraph\.venv\Lib\site-packages\fastapi\routing.py", line 101, in app
    response = await f(request)
               ^^^^^^^^^^^^^^^^
  File "D:\yunxia\ai_langgraph\.venv\Lib\site-packages\fastapi\routing.py", line 345, in app
    solved_result = await solve_dependencies(
                    ^^^^^^^^^^^^^^^^^^^^^^^^^
  File "D:\yunxia\ai_langgraph\.venv\Lib\site-packages\fastapi\dependencies\utils.py", line 643, in solve_dependencies
    solved = await call(**solved_result.values)
             ^^^^^^^^^^^^^^^^^^^^^^^^^^^^^^^^^^
  File "D:\yunxia\ai_langgraph\RuoYi-Vue3-FastAPI\ruoyi-fastapi-backend\module_admin\service\login_service.py", line 220, in get_current_user
    query_user = await UserDao.get_user_by_id(query_db, user_id=token_data.user_id)
                 ^^^^^^^^^^^^^^^^^^^^^^^^^^^^^^^^^^^^^^^^^^^^^^^^^^^^^^^^^^^^^^^^^^
  File "D:\yunxia\ai_langgraph\RuoYi-Vue3-FastAPI\ruoyi-fastapi-backend\module_admin\dao\user_dao.py", line 94, in get_user_by_id
    await db.execute(
  File "D:\yunxia\ai_langgraph\.venv\Lib\site-packages\sqlalchemy\ext\asyncio\session.py", line 449, in execute
    result = await greenlet_spawn(
             ^^^^^^^^^^^^^^^^^^^^^
  File "D:\yunxia\ai_langgraph\.venv\Lib\site-packages\sqlalchemy\util\_concurrency_py3k.py", line 201, in greenlet_spawn
    result = context.throw(*sys.exc_info())
             ^^^^^^^^^^^^^^^^^^^^^^^^^^^^^^
  File "D:\yunxia\ai_langgraph\.venv\Lib\site-packages\sqlalchemy\orm\session.py", line 2351, in execute
    return self._execute_internal(
           ^^^^^^^^^^^^^^^^^^^^^^^
  File "D:\yunxia\ai_langgraph\.venv\Lib\site-packages\sqlalchemy\orm\session.py", line 2249, in _execute_internal
    result: Result[Any] = compile_state_cls.orm_execute_statement(
                          ^^^^^^^^^^^^^^^^^^^^^^^^^^^^^^^^^^^^^^^^
  File "D:\yunxia\ai_langgraph\.venv\Lib\site-packages\sqlalchemy\orm\context.py", line 306, in orm_execute_statement
    result = conn.execute(
             ^^^^^^^^^^^^^
  File "D:\yunxia\ai_langgraph\.venv\Lib\site-packages\sqlalchemy\engine\base.py", line 1419, in execute
    return meth(
           ^^^^^
  File "D:\yunxia\ai_langgraph\.venv\Lib\site-packages\sqlalchemy\sql\elements.py", line 527, in _execute_on_connection
    return connection._execute_clauseelement(
           ^^^^^^^^^^^^^^^^^^^^^^^^^^^^^^^^^^
  File "D:\yunxia\ai_langgraph\.venv\Lib\site-packages\sqlalchemy\engine\base.py", line 1641, in _execute_clauseelement
    ret = self._execute_context(
          ^^^^^^^^^^^^^^^^^^^^^^
  File "D:\yunxia\ai_langgraph\.venv\Lib\site-packages\sqlalchemy\engine\base.py", line 1846, in _execute_context
    return self._exec_single_context(
           ^^^^^^^^^^^^^^^^^^^^^^^^^^
  File "D:\yunxia\ai_langgraph\.venv\Lib\site-packages\sqlalchemy\engine\base.py", line 1986, in _exec_single_context
    self._handle_dbapi_exception(
  File "D:\yunxia\ai_langgraph\.venv\Lib\site-packages\sqlalchemy\engine\base.py", line 2363, in _handle_dbapi_exception
    raise sqlalchemy_exception.with_traceback(exc_info[2]) from e
  File "D:\yunxia\ai_langgraph\.venv\Lib\site-packages\sqlalchemy\engine\base.py", line 1967, in _exec_single_context
    self.dialect.do_execute(
  File "D:\yunxia\ai_langgraph\.venv\Lib\site-packages\sqlalchemy\engine\default.py", line 952, in do_execute
    cursor.execute(statement, parameters)
  File "D:\yunxia\ai_langgraph\.venv\Lib\site-packages\sqlalchemy\connectors\asyncio.py", line 230, in execute
    self._adapt_connection._handle_exception(error)
  File "D:\yunxia\ai_langgraph\.venv\Lib\site-packages\sqlalchemy\dialects\mysql\asyncmy.py", line 91, in _handle_exception
    raise error
  File "D:\yunxia\ai_langgraph\.venv\Lib\site-packages\sqlalchemy\connectors\asyncio.py", line 228, in execute
    return self.await_(self._execute_async(operation, parameters))
           ^^^^^^^^^^^^^^^^^^^^^^^^^^^^^^^^^^^^^^^^^^^^^^^^^^^^^^^
  File "D:\yunxia\ai_langgraph\.venv\Lib\site-packages\sqlalchemy\util\_concurrency_py3k.py", line 132, in await_only
    return current.parent.switch(awaitable)  # type: ignore[no-any-return,attr-defined] # noqa: E501
           ^^^^^^^^^^^^^^^^^^^^^^^^^^^^^^^^
  File "D:\yunxia\ai_langgraph\.venv\Lib\site-packages\sqlalchemy\util\_concurrency_py3k.py", line 196, in greenlet_spawn
    value = await result
            ^^^^^^^^^^^^
  File "D:\yunxia\ai_langgraph\.venv\Lib\site-packages\sqlalchemy\connectors\asyncio.py", line 251, in _execute_async
    result = await self._cursor.execute(operation, parameters)
             ^^^^^^^^^^^^^^^^^^^^^^^^^^^^^^^^^^^^^^^^^^^^^^^^^
  File "asyncmy\\cursors.pyx", line 179, in execute
    result = await self._query(query)
  File "asyncmy\\cursors.pyx", line 364, in _query
    await conn.query(q)
  File "asyncmy\\connection.pyx", line 496, in query
    await self._read_query_result(unbuffered=unbuffered)
  File "asyncmy\\connection.pyx", line 684, in _read_query_result
    await result.read()
  File "asyncmy\\connection.pyx", line 1071, in read
    first_packet = await self.connection.read_packet()
  File "asyncmy\\connection.pyx", line 619, in read_packet
    packet_header = await self._read_bytes(4)
  File "asyncmy\\connection.pyx", line 660, in _read_bytes
    raise errors.OperationalError(
sqlalchemy.exc.OperationalError: (asyncmy.errors.OperationalError) (2013, 'Lost connection to MySQL server during query ([WinError 10054] 远程主机强迫关闭了一个现有的连接。)')
[SQL: SELECT DISTINCT sys_user.user_id, sys_user.dept_id, sys_user.user_name, sys_user.nick_name, sys_user.user_type, sys_user.email, sys_user.phonenumber, sys_user.sex, sys_user.avatar, sys_user.password, sys_user.status, sys_user.del_flag, sys_user.login_ip, sys_user.login_date, sys_user.pwd_update_date, sys_user.create_by, sys_user.create_time, sys_user.update_by, sys_user.update_time, sys_user.remark 
FROM sys_user 
WHERE sys_user.status = %s AND sys_user.del_flag = %s AND sys_user.user_id = %s]
[parameters: ('0', '0', 1)]
(Background on this error at: https://sqlalche.me/e/20/e3q8)
2025-12-31 20:09:40.058 | 9d59f1d6f0484d099c687f0a12ec9168 | ERROR    | exceptions.handle:exception_handler:71 - Error while reading from 47.110.95.246:6379 : (10054, '远程主机强迫关闭了一个现有的连接。', None, 10054, None)
Traceback (most recent call last):

  File "D:\yunxia\ai_langgraph\.venv\Lib\site-packages\redis\asyncio\connection.py", line 607, in read_response
    response = await self._parser.read_response(
                     │    └ <member '_parser' of 'AbstractConnection' objects>
                     └ <redis.asyncio.connection.Connection(host=47.110.95.246,port=6379,db=2)>
  File "D:\yunxia\ai_langgraph\.venv\Lib\site-packages\redis\_parsers\resp2.py", line 82, in read_response
    response = await self._read_response(disable_decoding=disable_decoding)
                     │    │                               └ False
                     │    └ <function _AsyncRESP2Parser._read_response at 0x000001727D2FE3E0>
                     └ <redis._parsers.resp2._AsyncRESP2Parser object at 0x0000017223E4B6D0>
  File "D:\yunxia\ai_langgraph\.venv\Lib\site-packages\redis\_parsers\resp2.py", line 90, in _read_response
    raw = await self._readline()
                │    └ <function _AsyncRESPBase._readline at 0x000001727D2FC540>
                └ <redis._parsers.resp2._AsyncRESP2Parser object at 0x0000017223E4B6D0>
  File "D:\yunxia\ai_langgraph\.venv\Lib\site-packages\redis\_parsers\base.py", line 468, in _readline
    data = await self._stream.readline()
                 │    └ <member '_stream' of '_AsyncRESPBase' objects>
                 └ <redis._parsers.resp2._AsyncRESP2Parser object at 0x0000017223E4B6D0>
  File "C:\Users\98214\AppData\Roaming\uv\python\cpython-3.11.13-windows-x86_64-none\Lib\asyncio\streams.py", line 566, in readline
    line = await self.readuntil(sep)
                 │    │         └ b'\n'
                 │    └ <function StreamReader.readuntil at 0x0000017279EF9620>
                 └ <StreamReader exception=ConnectionResetError(10054, '远程主机强迫关闭了一个现有的连接。', None, 10054, None) transport=<_SelectorSocketTranspo...
  File "C:\Users\98214\AppData\Roaming\uv\python\cpython-3.11.13-windows-x86_64-none\Lib\asyncio\streams.py", line 658, in readuntil
    await self._wait_for_data('readuntil')
          │    └ <function StreamReader._wait_for_data at 0x0000017279EF94E0>
          └ <StreamReader exception=ConnectionResetError(10054, '远程主机强迫关闭了一个现有的连接。', None, 10054, None) transport=<_SelectorSocketTranspo...
  File "C:\Users\98214\AppData\Roaming\uv\python\cpython-3.11.13-windows-x86_64-none\Lib\asyncio\streams.py", line 543, in _wait_for_data
    await self._waiter
          │    └ None
          └ <StreamReader exception=ConnectionResetError(10054, '远程主机强迫关闭了一个现有的连接。', None, 10054, None) transport=<_SelectorSocketTranspo...
  File "C:\Users\98214\AppData\Roaming\uv\python\cpython-3.11.13-windows-x86_64-none\Lib\asyncio\selector_events.py", line 999, in _read_ready__data_received
    data = self._sock.recv(self.max_size)
           │    │          │    └ 262144
           │    │          └ <_SelectorSocketTransport closed fd=2152>
           │    └ None
           └ <_SelectorSocketTransport closed fd=2152>

ConnectionResetError: [WinError 10054] 远程主机强迫关闭了一个现有的连接。


The above exception was the direct cause of the following exception:


Traceback (most recent call last):

  File "<string>", line 1, in <module>
  File "C:\Users\98214\AppData\Roaming\uv\python\cpython-3.11.13-windows-x86_64-none\Lib\multiprocessing\spawn.py", line 122, in spawn_main
    exitcode = _main(fd, parent_sentinel)
               │     │   └ 328
               │     └ 3
               └ <function _main at 0x000001727803A0C0>
  File "C:\Users\98214\AppData\Roaming\uv\python\cpython-3.11.13-windows-x86_64-none\Lib\multiprocessing\spawn.py", line 135, in _main
    return self._bootstrap(parent_sentinel)
           │    │          └ 328
           │    └ <function BaseProcess._bootstrap at 0x0000017277D80D60>
           └ <SpawnProcess name='SpawnProcess-1' parent=73032 started>
  File "C:\Users\98214\AppData\Roaming\uv\python\cpython-3.11.13-windows-x86_64-none\Lib\multiprocessing\process.py", line 314, in _bootstrap
    self.run()
    │    └ <function BaseProcess.run at 0x0000017277D802C0>
    └ <SpawnProcess name='SpawnProcess-1' parent=73032 started>
  File "C:\Users\98214\AppData\Roaming\uv\python\cpython-3.11.13-windows-x86_64-none\Lib\multiprocessing\process.py", line 108, in run
    self._target(*self._args, **self._kwargs)
    │    │        │    │        │    └ {'config': <uvicorn.config.Config object at 0x0000017278014510>, 'target': <bound method Server.run of <uvicorn.server.Server...
    │    │        │    │        └ <SpawnProcess name='SpawnProcess-1' parent=73032 started>
    │    │        │    └ ()
    │    │        └ <SpawnProcess name='SpawnProcess-1' parent=73032 started>
    │    └ <function subprocess_started at 0x000001727A1D1760>
    └ <SpawnProcess name='SpawnProcess-1' parent=73032 started>
  File "D:\yunxia\ai_langgraph\.venv\Lib\site-packages\uvicorn\_subprocess.py", line 80, in subprocess_started
    target(sockets=sockets)
    │              └ [<socket.socket fd=856, family=2, type=1, proto=6, laddr=('0.0.0.0', 9199)>]
    └ <bound method Server.run of <uvicorn.server.Server object at 0x000001727A3621D0>>
  File "D:\yunxia\ai_langgraph\.venv\Lib\site-packages\uvicorn\server.py", line 67, in run
    return asyncio_run(self.serve(sockets=sockets), loop_factory=self.config.get_loop_factory())
           │           │    │             │                      │    │      └ <function Config.get_loop_factory at 0x000001727A171800>
           │           │    │             │                      │    └ <uvicorn.config.Config object at 0x0000017278014510>
           │           │    │             │                      └ <uvicorn.server.Server object at 0x000001727A3621D0>
           │           │    │             └ [<socket.socket fd=856, family=2, type=1, proto=6, laddr=('0.0.0.0', 9199)>]
           │           │    └ <function Server.serve at 0x000001727A1D0400>
           │           └ <uvicorn.server.Server object at 0x000001727A3621D0>
           └ <function asyncio_run at 0x000001727A135B20>
  File "D:\yunxia\ai_langgraph\.venv\Lib\site-packages\uvicorn\_compat.py", line 30, in asyncio_run
    return runner.run(main)
           │      │   └ <coroutine object Server.serve at 0x000001727A33C9A0>
           │      └ <function Runner.run at 0x0000017279EDE2A0>
           └ <asyncio.runners.Runner object at 0x000001727A3618D0>
  File "C:\Users\98214\AppData\Roaming\uv\python\cpython-3.11.13-windows-x86_64-none\Lib\asyncio\runners.py", line 118, in run
    return self._loop.run_until_complete(task)
           │    │     │                  └ <Task pending name='Task-1' coro=<Server.serve() running at D:\yunxia\ai_langgraph\.venv\Lib\site-packages\uvicorn\server.py:...
           │    │     └ <function BaseEventLoop.run_until_complete at 0x0000017279ECFD80>
           │    └ <_WindowsSelectorEventLoop running=True closed=False debug=False>
           └ <asyncio.runners.Runner object at 0x000001727A3618D0>
  File "C:\Users\98214\AppData\Roaming\uv\python\cpython-3.11.13-windows-x86_64-none\Lib\asyncio\base_events.py", line 641, in run_until_complete
    self.run_forever()
    │    └ <function BaseEventLoop.run_forever at 0x0000017279ECFCE0>
    └ <_WindowsSelectorEventLoop running=True closed=False debug=False>
  File "C:\Users\98214\AppData\Roaming\uv\python\cpython-3.11.13-windows-x86_64-none\Lib\asyncio\base_events.py", line 608, in run_forever
    self._run_once()
    │    └ <function BaseEventLoop._run_once at 0x0000017279EDDB20>
    └ <_WindowsSelectorEventLoop running=True closed=False debug=False>
  File "C:\Users\98214\AppData\Roaming\uv\python\cpython-3.11.13-windows-x86_64-none\Lib\asyncio\base_events.py", line 1936, in _run_once
    handle._run()
    │      └ <function Handle._run at 0x0000017279A07060>
    └ <Handle Task.task_wakeup(<Future finished result=None>)>
  File "C:\Users\98214\AppData\Roaming\uv\python\cpython-3.11.13-windows-x86_64-none\Lib\asyncio\events.py", line 84, in _run
    self._context.run(self._callback, *self._args)
    │    │            │    │           │    └ <member '_args' of 'Handle' objects>
    │    │            │    │           └ <Handle Task.task_wakeup(<Future finished result=None>)>
    │    │            │    └ <member '_callback' of 'Handle' objects>
    │    │            └ <Handle Task.task_wakeup(<Future finished result=None>)>
    │    └ <member '_context' of 'Handle' objects>
    └ <Handle Task.task_wakeup(<Future finished result=None>)>
  File "D:\yunxia\ai_langgraph\.venv\Lib\site-packages\uvicorn\protocols\http\httptools_impl.py", line 416, in run_asgi
    result = await app(  # type: ignore[func-returns-value]
                   └ <uvicorn.middleware.proxy_headers.ProxyHeadersMiddleware object at 0x0000017221D33D50>
  File "D:\yunxia\ai_langgraph\.venv\Lib\site-packages\uvicorn\middleware\proxy_headers.py", line 60, in __call__
    return await self.app(scope, receive, send)
                 │    │   │      │        └ <bound method RequestResponseCycle.send of <uvicorn.protocols.http.httptools_impl.RequestResponseCycle object at 0x0000017223...
                 │    │   │      └ <bound method RequestResponseCycle.receive of <uvicorn.protocols.http.httptools_impl.RequestResponseCycle object at 0x0000017...
                 │    │   └ {'type': 'http', 'asgi': {'version': '3.0', 'spec_version': '2.3'}, 'http_version': '1.1', 'server': ('127.0.0.1', 9199), 'cl...
                 │    └ <fastapi.applications.FastAPI object at 0x000001727A529290>
                 └ <uvicorn.middleware.proxy_headers.ProxyHeadersMiddleware object at 0x0000017221D33D50>
  File "D:\yunxia\ai_langgraph\.venv\Lib\site-packages\fastapi\applications.py", line 1135, in __call__
    await super().__call__(scope, receive, send)
                           │      │        └ <bound method RequestResponseCycle.send of <uvicorn.protocols.http.httptools_impl.RequestResponseCycle object at 0x0000017223...
                           │      └ <bound method RequestResponseCycle.receive of <uvicorn.protocols.http.httptools_impl.RequestResponseCycle object at 0x0000017...
                           └ {'type': 'http', 'asgi': {'version': '3.0', 'spec_version': '2.3'}, 'http_version': '1.1', 'server': ('127.0.0.1', 9199), 'cl...
  File "D:\yunxia\ai_langgraph\.venv\Lib\site-packages\starlette\applications.py", line 107, in __call__
    await self.middleware_stack(scope, receive, send)
          │    │                │      │        └ <bound method RequestResponseCycle.send of <uvicorn.protocols.http.httptools_impl.RequestResponseCycle object at 0x0000017223...
          │    │                │      └ <bound method RequestResponseCycle.receive of <uvicorn.protocols.http.httptools_impl.RequestResponseCycle object at 0x0000017...
          │    │                └ {'type': 'http', 'asgi': {'version': '3.0', 'spec_version': '2.3'}, 'http_version': '1.1', 'server': ('127.0.0.1', 9199), 'cl...
          │    └ <starlette.middleware.errors.ServerErrorMiddleware object at 0x0000017221EDBBD0>
          └ <fastapi.applications.FastAPI object at 0x000001727A529290>
> File "D:\yunxia\ai_langgraph\.venv\Lib\site-packages\starlette\middleware\errors.py", line 164, in __call__
    await self.app(scope, receive, _send)
          │    │   │      │        └ <function ServerErrorMiddleware.__call__.<locals>._send at 0x0000017223E75760>
          │    │   │      └ <bound method RequestResponseCycle.receive of <uvicorn.protocols.http.httptools_impl.RequestResponseCycle object at 0x0000017...
          │    │   └ {'type': 'http', 'asgi': {'version': '3.0', 'spec_version': '2.3'}, 'http_version': '1.1', 'server': ('127.0.0.1', 9199), 'cl...
          │    └ <middlewares.trace_middleware.middle.TraceASGIMiddleware object at 0x0000017221EE3E50>
          └ <starlette.middleware.errors.ServerErrorMiddleware object at 0x0000017221EDBBD0>

  File "D:\yunxia\ai_langgraph\RuoYi-Vue3-FastAPI\ruoyi-fastapi-backend\middlewares\trace_middleware\middle.py", line 42, in __call__
    await self.app(scope, handle_outgoing_receive, handle_outgoing_request)
          │    │   │      │                        └ <function TraceASGIMiddleware.__call__.<locals>.handle_outgoing_request at 0x0000017223E768E0>
          │    │   │      └ <function RequestResponseCycle.receive at 0x0000017223E74CC0>
          │    │   └ {'type': 'http', 'asgi': {'version': '3.0', 'spec_version': '2.3'}, 'http_version': '1.1', 'server': ('127.0.0.1', 9199), 'cl...
          │    └ <starlette.middleware.gzip.GZipMiddleware object at 0x0000017221CCBED0>
          └ <middlewares.trace_middleware.middle.TraceASGIMiddleware object at 0x0000017221EE3E50>

  File "D:\yunxia\ai_langgraph\.venv\Lib\site-packages\starlette\middleware\gzip.py", line 29, in __call__
    await responder(scope, receive, send)
          │         │      │        └ <function TraceASGIMiddleware.__call__.<locals>.handle_outgoing_request at 0x0000017223E768E0>
          │         │      └ <function RequestResponseCycle.receive at 0x0000017223E74CC0>
          │         └ {'type': 'http', 'asgi': {'version': '3.0', 'spec_version': '2.3'}, 'http_version': '1.1', 'server': ('127.0.0.1', 9199), 'cl...
          └ <starlette.middleware.gzip.GZipResponder object at 0x0000017223E6BA10>
  File "D:\yunxia\ai_langgraph\.venv\Lib\site-packages\starlette\middleware\gzip.py", line 130, in __call__
    await super().__call__(scope, receive, send)
                           │      │        └ <function TraceASGIMiddleware.__call__.<locals>.handle_outgoing_request at 0x0000017223E768E0>
                           │      └ <function RequestResponseCycle.receive at 0x0000017223E74CC0>
                           └ {'type': 'http', 'asgi': {'version': '3.0', 'spec_version': '2.3'}, 'http_version': '1.1', 'server': ('127.0.0.1', 9199), 'cl...
  File "D:\yunxia\ai_langgraph\.venv\Lib\site-packages\starlette\middleware\gzip.py", line 46, in __call__
    await self.app(scope, receive, self.send_with_compression)
          │    │   │      │        │    └ <function IdentityResponder.send_with_compression at 0x000001721E069260>
          │    │   │      │        └ <starlette.middleware.gzip.GZipResponder object at 0x0000017223E6BA10>
          │    │   │      └ <function RequestResponseCycle.receive at 0x0000017223E74CC0>
          │    │   └ {'type': 'http', 'asgi': {'version': '3.0', 'spec_version': '2.3'}, 'http_version': '1.1', 'server': ('127.0.0.1', 9199), 'cl...
          │    └ <starlette.middleware.cors.CORSMiddleware object at 0x0000017221EB6350>
          └ <starlette.middleware.gzip.GZipResponder object at 0x0000017223E6BA10>
  File "D:\yunxia\ai_langgraph\.venv\Lib\site-packages\starlette\middleware\cors.py", line 93, in __call__
    await self.simple_response(scope, receive, send, request_headers=headers)
          │    │               │      │        │                     └ Headers({'host': '127.0.0.1:9199', 'connection': 'close', 'content-length': '0', 'sec-ch-ua-platform': '"Windows"', 'authoriz...
          │    │               │      │        └ <bound method IdentityResponder.send_with_compression of <starlette.middleware.gzip.GZipResponder object at 0x0000017223E6BA10>>
          │    │               │      └ <function RequestResponseCycle.receive at 0x0000017223E74CC0>
          │    │               └ {'type': 'http', 'asgi': {'version': '3.0', 'spec_version': '2.3'}, 'http_version': '1.1', 'server': ('127.0.0.1', 9199), 'cl...
          │    └ <function CORSMiddleware.simple_response at 0x000001721E068AE0>
          └ <starlette.middleware.cors.CORSMiddleware object at 0x0000017221EB6350>
  File "D:\yunxia\ai_langgraph\.venv\Lib\site-packages\starlette\middleware\cors.py", line 144, in simple_response
    await self.app(scope, receive, send)
          │    │   │      │        └ functools.partial(<bound method CORSMiddleware.send of <starlette.middleware.cors.CORSMiddleware object at 0x0000017221EB6350...
          │    │   │      └ <function RequestResponseCycle.receive at 0x0000017223E74CC0>
          │    │   └ {'type': 'http', 'asgi': {'version': '3.0', 'spec_version': '2.3'}, 'http_version': '1.1', 'server': ('127.0.0.1', 9199), 'cl...
          │    └ <middlewares.context_middleware.ContextCleanupMiddleware object at 0x0000017221E2E110>
          └ <starlette.middleware.cors.CORSMiddleware object at 0x0000017221EB6350>
  File "D:\yunxia\ai_langgraph\.venv\Lib\site-packages\starlette\middleware\base.py", line 191, in __call__
    with recv_stream, send_stream, collapse_excgroups():
         │            │            └ <function collapse_excgroups at 0x000001727B3B1A80>
         │            └ MemoryObjectSendStream(_state=_MemoryObjectStreamState(max_buffer_size=0, buffer=deque([]), open_send_channels=0, open_receiv...
         └ MemoryObjectReceiveStream(_state=_MemoryObjectStreamState(max_buffer_size=0, buffer=deque([]), open_send_channels=0, open_rec...
  File "C:\Users\98214\AppData\Roaming\uv\python\cpython-3.11.13-windows-x86_64-none\Lib\contextlib.py", line 158, in __exit__
    self.gen.throw(typ, value, traceback)
    │    │   │     │    │      └ <traceback object at 0x0000017223EBB040>
    │    │   │     │    └ ExceptionGroup('unhandled errors in a TaskGroup', [ConnectionError("Error while reading from 47.110.95.246:6379 : (10054, '远程...
    │    │   │     └ <class 'ExceptionGroup'>
    │    │   └ <method 'throw' of 'generator' objects>
    │    └ <generator object collapse_excgroups at 0x0000017223EB3920>
    └ <contextlib._GeneratorContextManager object at 0x0000017223E6BE10>
  File "D:\yunxia\ai_langgraph\.venv\Lib\site-packages\starlette\_utils.py", line 85, in collapse_excgroups
    raise exc
  File "D:\yunxia\ai_langgraph\.venv\Lib\site-packages\starlette\middleware\base.py", line 193, in __call__
    response = await self.dispatch_func(request, call_next)
                     │    │             │        └ <function BaseHTTPMiddleware.__call__.<locals>.call_next at 0x0000017223E76D40>
                     │    │             └ <starlette.middleware.base._CachedRequest object at 0x0000017223E6BC10>
                     │    └ <bound method ContextCleanupMiddleware.dispatch of <middlewares.context_middleware.ContextCleanupMiddleware object at 0x00000...
                     └ <middlewares.context_middleware.ContextCleanupMiddleware object at 0x0000017221E2E110>

  File "D:\yunxia\ai_langgraph\RuoYi-Vue3-FastAPI\ruoyi-fastapi-backend\middlewares\context_middleware.py", line 17, in dispatch
    response = await call_next(request)
                     │         └ <starlette.middleware.base._CachedRequest object at 0x0000017223E6BC10>
                     └ <function BaseHTTPMiddleware.__call__.<locals>.call_next at 0x0000017223E76D40>

  File "D:\yunxia\ai_langgraph\.venv\Lib\site-packages\starlette\middleware\base.py", line 168, in call_next
    raise app_exc from app_exc.__cause__ or app_exc.__context__
          │            │       │            │       └ <attribute '__context__' of 'BaseException' objects>
          │            │       │            └ ConnectionError("Error while reading from 47.110.95.246:6379 : (10054, '远程主机强迫关闭了一个现有的连接。', None, 10054, None)")
          │            │       └ <attribute '__cause__' of 'BaseException' objects>
          │            └ ConnectionError("Error while reading from 47.110.95.246:6379 : (10054, '远程主机强迫关闭了一个现有的连接。', None, 10054, None)")
          └ ConnectionError("Error while reading from 47.110.95.246:6379 : (10054, '远程主机强迫关闭了一个现有的连接。', None, 10054, None)")
  File "D:\yunxia\ai_langgraph\.venv\Lib\site-packages\starlette\middleware\base.py", line 144, in coro
    await self.app(scope, receive_or_disconnect, send_no_error)
          │    │   │      │                      └ <function BaseHTTPMiddleware.__call__.<locals>.call_next.<locals>.send_no_error at 0x0000017223E76E80>
          │    │   │      └ <function BaseHTTPMiddleware.__call__.<locals>.call_next.<locals>.receive_or_disconnect at 0x0000017223E76DE0>
          │    │   └ {'type': 'http', 'asgi': {'version': '3.0', 'spec_version': '2.3'}, 'http_version': '1.1', 'server': ('127.0.0.1', 9199), 'cl...
          │    └ <starlette.middleware.exceptions.ExceptionMiddleware object at 0x0000017221E7BBD0>
          └ <middlewares.context_middleware.ContextCleanupMiddleware object at 0x0000017221E2E110>
  File "D:\yunxia\ai_langgraph\.venv\Lib\site-packages\starlette\middleware\exceptions.py", line 63, in __call__
    await wrap_app_handling_exceptions(self.app, conn)(scope, receive, send)
          │                            │    │    │     │      │        └ <function BaseHTTPMiddleware.__call__.<locals>.call_next.<locals>.send_no_error at 0x0000017223E76E80>
          │                            │    │    │     │      └ <function BaseHTTPMiddleware.__call__.<locals>.call_next.<locals>.receive_or_disconnect at 0x0000017223E76DE0>
          │                            │    │    │     └ {'type': 'http', 'asgi': {'version': '3.0', 'spec_version': '2.3'}, 'http_version': '1.1', 'server': ('127.0.0.1', 9199), 'cl...
          │                            │    │    └ <starlette.requests.Request object at 0x0000017223E690D0>
          │                            │    └ <fastapi.middleware.asyncexitstack.AsyncExitStackMiddleware object at 0x000001722212F510>
          │                            └ <starlette.middleware.exceptions.ExceptionMiddleware object at 0x0000017221E7BBD0>
          └ <function wrap_app_handling_exceptions at 0x000001727B43D8A0>
  File "D:\yunxia\ai_langgraph\.venv\Lib\site-packages\starlette\_exception_handler.py", line 53, in wrapped_app
    raise exc
  File "D:\yunxia\ai_langgraph\.venv\Lib\site-packages\starlette\_exception_handler.py", line 42, in wrapped_app
    await app(scope, receive, sender)
          │   │      │        └ <function wrap_app_handling_exceptions.<locals>.wrapped_app.<locals>.sender at 0x0000017223E77100>
          │   │      └ <function BaseHTTPMiddleware.__call__.<locals>.call_next.<locals>.receive_or_disconnect at 0x0000017223E76DE0>
          │   └ {'type': 'http', 'asgi': {'version': '3.0', 'spec_version': '2.3'}, 'http_version': '1.1', 'server': ('127.0.0.1', 9199), 'cl...
          └ <fastapi.middleware.asyncexitstack.AsyncExitStackMiddleware object at 0x000001722212F510>
  File "D:\yunxia\ai_langgraph\.venv\Lib\site-packages\fastapi\middleware\asyncexitstack.py", line 18, in __call__
    await self.app(scope, receive, send)
          │    │   │      │        └ <function wrap_app_handling_exceptions.<locals>.wrapped_app.<locals>.sender at 0x0000017223E77100>
          │    │   │      └ <function BaseHTTPMiddleware.__call__.<locals>.call_next.<locals>.receive_or_disconnect at 0x0000017223E76DE0>
          │    │   └ {'type': 'http', 'asgi': {'version': '3.0', 'spec_version': '2.3'}, 'http_version': '1.1', 'server': ('127.0.0.1', 9199), 'cl...
          │    └ <fastapi.routing.APIRouter object at 0x000001727B1A3650>
          └ <fastapi.middleware.asyncexitstack.AsyncExitStackMiddleware object at 0x000001722212F510>
  File "D:\yunxia\ai_langgraph\.venv\Lib\site-packages\starlette\routing.py", line 716, in __call__
    await self.middleware_stack(scope, receive, send)
          │    │                │      │        └ <function wrap_app_handling_exceptions.<locals>.wrapped_app.<locals>.sender at 0x0000017223E77100>
          │    │                │      └ <function BaseHTTPMiddleware.__call__.<locals>.call_next.<locals>.receive_or_disconnect at 0x0000017223E76DE0>
          │    │                └ {'type': 'http', 'asgi': {'version': '3.0', 'spec_version': '2.3'}, 'http_version': '1.1', 'server': ('127.0.0.1', 9199), 'cl...
          │    └ <bound method Router.app of <fastapi.routing.APIRouter object at 0x000001727B1A3650>>
          └ <fastapi.routing.APIRouter object at 0x000001727B1A3650>
  File "D:\yunxia\ai_langgraph\.venv\Lib\site-packages\starlette\routing.py", line 736, in app
    await route.handle(scope, receive, send)
          │     │      │      │        └ <function wrap_app_handling_exceptions.<locals>.wrapped_app.<locals>.sender at 0x0000017223E77100>
          │     │      │      └ <function BaseHTTPMiddleware.__call__.<locals>.call_next.<locals>.receive_or_disconnect at 0x0000017223E76DE0>
          │     │      └ {'type': 'http', 'asgi': {'version': '3.0', 'spec_version': '2.3'}, 'http_version': '1.1', 'server': ('127.0.0.1', 9199), 'cl...
          │     └ <function Route.handle at 0x000001727B43EF20>
          └ APIRoute(path='/logout', name='logout', methods=['POST'])
  File "D:\yunxia\ai_langgraph\.venv\Lib\site-packages\starlette\routing.py", line 290, in handle
    await self.app(scope, receive, send)
          │    │   │      │        └ <function wrap_app_handling_exceptions.<locals>.wrapped_app.<locals>.sender at 0x0000017223E77100>
          │    │   │      └ <function BaseHTTPMiddleware.__call__.<locals>.call_next.<locals>.receive_or_disconnect at 0x0000017223E76DE0>
          │    │   └ {'type': 'http', 'asgi': {'version': '3.0', 'spec_version': '2.3'}, 'http_version': '1.1', 'server': ('127.0.0.1', 9199), 'cl...
          │    └ <function request_response.<locals>.app at 0x0000017221FA93A0>
          └ APIRoute(path='/logout', name='logout', methods=['POST'])
  File "D:\yunxia\ai_langgraph\.venv\Lib\site-packages\fastapi\routing.py", line 115, in app
    await wrap_app_handling_exceptions(app, request)(scope, receive, send)
          │                            │    │        │      │        └ <function wrap_app_handling_exceptions.<locals>.wrapped_app.<locals>.sender at 0x0000017223E77100>
          │                            │    │        │      └ <function BaseHTTPMiddleware.__call__.<locals>.call_next.<locals>.receive_or_disconnect at 0x0000017223E76DE0>
          │                            │    │        └ {'type': 'http', 'asgi': {'version': '3.0', 'spec_version': '2.3'}, 'http_version': '1.1', 'server': ('127.0.0.1', 9199), 'cl...
          │                            │    └ <starlette.requests.Request object at 0x0000017223E69190>
          │                            └ <function request_response.<locals>.app.<locals>.app at 0x0000017223E771A0>
          └ <function wrap_app_handling_exceptions at 0x000001727B43D8A0>
  File "D:\yunxia\ai_langgraph\.venv\Lib\site-packages\starlette\_exception_handler.py", line 53, in wrapped_app
    raise exc
  File "D:\yunxia\ai_langgraph\.venv\Lib\site-packages\starlette\_exception_handler.py", line 42, in wrapped_app
    await app(scope, receive, sender)
          │   │      │        └ <function wrap_app_handling_exceptions.<locals>.wrapped_app.<locals>.sender at 0x0000017223E772E0>
          │   │      └ <function BaseHTTPMiddleware.__call__.<locals>.call_next.<locals>.receive_or_disconnect at 0x0000017223E76DE0>
          │   └ {'type': 'http', 'asgi': {'version': '3.0', 'spec_version': '2.3'}, 'http_version': '1.1', 'server': ('127.0.0.1', 9199), 'cl...
          └ <function request_response.<locals>.app.<locals>.app at 0x0000017223E771A0>
  File "D:\yunxia\ai_langgraph\.venv\Lib\site-packages\fastapi\routing.py", line 101, in app
    response = await f(request)
                     │ └ <starlette.requests.Request object at 0x0000017223E69190>
                     └ <function get_request_handler.<locals>.app at 0x0000017221FA9300>
  File "D:\yunxia\ai_langgraph\.venv\Lib\site-packages\fastapi\routing.py", line 355, in app
    raw_response = await run_endpoint_function(
                         └ <function run_endpoint_function at 0x000001727B460EA0>
  File "D:\yunxia\ai_langgraph\.venv\Lib\site-packages\fastapi\routing.py", line 243, in run_endpoint_function
    return await dependant.call(**values)
                 │         │      └ {'token': 'eyJhbGciOiJIUzI1NiIsInR5cCI6IkpXVCJ9.eyJ1c2VyX2lkIjoiMSIsInVzZXJfbmFtZSI6ImFkbWluIiwiZGVwdF9uYW1lIjoiXHU3ODE0XHU1M...
                 │         └ <function logout at 0x000001721EC59A80>
                 └ Dependant(path_params=[], query_params=[], header_params=[], cookie_params=[], body_params=[], dependencies=[Dependant(path_p...

  File "D:\yunxia\ai_langgraph\RuoYi-Vue3-FastAPI\ruoyi-fastapi-backend\module_admin\controller\login_controller.py", line 179, in logout
    await LoginService.logout_services(request, token_id)
          │            │               │        └ 'aeb63d0e-353c-4258-8bce-94e4382b2778'
          │            │               └ <starlette.requests.Request object at 0x0000017223E69190>
          │            └ <classmethod(<function LoginService.logout_services at 0x000001721E2DDEE0>)>
          └ <class 'module_admin.service.login_service.LoginService'>

  File "D:\yunxia\ai_langgraph\RuoYi-Vue3-FastAPI\ruoyi-fastapi-backend\module_admin\service\login_service.py", line 526, in logout_services
    await request.app.state.redis.delete(f'{RedisInitKeyConfig.ACCESS_TOKEN.key}:{token_id}')
          │       └ <property object at 0x000001727B3AD030>
          └ <starlette.requests.Request object at 0x0000017223E69190>

  File "D:\yunxia\ai_langgraph\.venv\Lib\site-packages\redis\asyncio\client.py", line 725, in execute_command
    return await conn.retry.call_with_retry(
                 │    │     └ <function Retry.call_with_retry at 0x000001727D386FC0>
                 │    └ <redis.asyncio.retry.Retry object at 0x0000017223E5E490>
                 └ <redis.asyncio.connection.Connection(host=47.110.95.246,port=6379,db=2)>
  File "D:\yunxia\ai_langgraph\.venv\Lib\site-packages\redis\asyncio\retry.py", line 55, in call_with_retry
    raise error
  File "D:\yunxia\ai_langgraph\.venv\Lib\site-packages\redis\asyncio\retry.py", line 50, in call_with_retry
    return await do()
                 └ <function Redis.execute_command.<locals>.<lambda> at 0x0000017223E77420>
  File "D:\yunxia\ai_langgraph\.venv\Lib\site-packages\redis\asyncio\client.py", line 700, in _send_command_parse_response
    return await self.parse_response(conn, command_name, **options)
                 │    │              │     │               └ {}
                 │    │              │     └ 'DEL'
                 │    │              └ <redis.asyncio.connection.Connection(host=47.110.95.246,port=6379,db=2)>
                 │    └ <function Redis.parse_response at 0x000001727D4C09A0>
                 └ <redis.asyncio.client.Redis(<redis.asyncio.connection.ConnectionPool(<redis.asyncio.connection.Connection(port=6379,username=...
  File "D:\yunxia\ai_langgraph\.venv\Lib\site-packages\redis\asyncio\client.py", line 746, in parse_response
    response = await connection.read_response()
                     │          └ <function AbstractConnection.read_response at 0x000001727D3E8E00>
                     └ <redis.asyncio.connection.Connection(host=47.110.95.246,port=6379,db=2)>
  File "D:\yunxia\ai_langgraph\.venv\Lib\site-packages\redis\asyncio\connection.py", line 621, in read_response
    raise ConnectionError(f"Error while reading from {host_error} : {e.args}")
          └ <class 'redis.exceptions.ConnectionError'>

redis.exceptions.ConnectionError: Error while reading from 47.110.95.246:6379 : (10054, '远程主机强迫关闭了一个现有的连接。', None, 10054, None)
ERROR:    Exception in ASGI application
Traceback (most recent call last):
  File "D:\yunxia\ai_langgraph\.venv\Lib\site-packages\redis\asyncio\connection.py", line 607, in read_response
    response = await self._parser.read_response(
               ^^^^^^^^^^^^^^^^^^^^^^^^^^^^^^^^^
  File "D:\yunxia\ai_langgraph\.venv\Lib\site-packages\redis\_parsers\resp2.py", line 82, in read_response
    response = await self._read_response(disable_decoding=disable_decoding)
               ^^^^^^^^^^^^^^^^^^^^^^^^^^^^^^^^^^^^^^^^^^^^^^^^^^^^^^^^^^^^
  File "D:\yunxia\ai_langgraph\.venv\Lib\site-packages\redis\_parsers\resp2.py", line 90, in _read_response
    raw = await self._readline()
          ^^^^^^^^^^^^^^^^^^^^^^
  File "D:\yunxia\ai_langgraph\.venv\Lib\site-packages\redis\_parsers\base.py", line 468, in _readline
    data = await self._stream.readline()
           ^^^^^^^^^^^^^^^^^^^^^^^^^^^^^
  File "C:\Users\98214\AppData\Roaming\uv\python\cpython-3.11.13-windows-x86_64-none\Lib\asyncio\streams.py", line 566, in readline
    line = await self.readuntil(sep)
           ^^^^^^^^^^^^^^^^^^^^^^^^^
  File "C:\Users\98214\AppData\Roaming\uv\python\cpython-3.11.13-windows-x86_64-none\Lib\asyncio\streams.py", line 658, in readuntil
    await self._wait_for_data('readuntil')
  File "C:\Users\98214\AppData\Roaming\uv\python\cpython-3.11.13-windows-x86_64-none\Lib\asyncio\streams.py", line 543, in _wait_for_data
    await self._waiter
  File "C:\Users\98214\AppData\Roaming\uv\python\cpython-3.11.13-windows-x86_64-none\Lib\asyncio\selector_events.py", line 999, in _read_ready__data_received
    data = self._sock.recv(self.max_size)
           ^^^^^^^^^^^^^^^^^^^^^^^^^^^^^^
ConnectionResetError: [WinError 10054] 远程主机强迫关闭了一个现有的连接。

The above exception was the direct cause of the following exception:

Traceback (most recent call last):
  File "D:\yunxia\ai_langgraph\.venv\Lib\site-packages\uvicorn\protocols\http\httptools_impl.py", line 416, in run_asgi
    result = await app(  # type: ignore[func-returns-value]
             ^^^^^^^^^^^^^^^^^^^^^^^^^^^^^^^^^^^^^^^^^^^^^^
  File "D:\yunxia\ai_langgraph\.venv\Lib\site-packages\uvicorn\middleware\proxy_headers.py", line 60, in __call__
    return await self.app(scope, receive, send)
           ^^^^^^^^^^^^^^^^^^^^^^^^^^^^^^^^^^^^
  File "D:\yunxia\ai_langgraph\.venv\Lib\site-packages\fastapi\applications.py", line 1135, in __call__
    await super().__call__(scope, receive, send)
  File "D:\yunxia\ai_langgraph\.venv\Lib\site-packages\starlette\applications.py", line 107, in __call__
    await self.middleware_stack(scope, receive, send)
  File "D:\yunxia\ai_langgraph\.venv\Lib\site-packages\starlette\middleware\errors.py", line 186, in __call__
    raise exc
  File "D:\yunxia\ai_langgraph\.venv\Lib\site-packages\starlette\middleware\errors.py", line 164, in __call__
    await self.app(scope, receive, _send)
  File "D:\yunxia\ai_langgraph\RuoYi-Vue3-FastAPI\ruoyi-fastapi-backend\middlewares\trace_middleware\middle.py", line 42, in __call__
    await self.app(scope, handle_outgoing_receive, handle_outgoing_request)
  File "D:\yunxia\ai_langgraph\.venv\Lib\site-packages\starlette\middleware\gzip.py", line 29, in __call__
    await responder(scope, receive, send)
  File "D:\yunxia\ai_langgraph\.venv\Lib\site-packages\starlette\middleware\gzip.py", line 130, in __call__
    await super().__call__(scope, receive, send)
  File "D:\yunxia\ai_langgraph\.venv\Lib\site-packages\starlette\middleware\gzip.py", line 46, in __call__
    await self.app(scope, receive, self.send_with_compression)
  File "D:\yunxia\ai_langgraph\.venv\Lib\site-packages\starlette\middleware\cors.py", line 93, in __call__
    await self.simple_response(scope, receive, send, request_headers=headers)
  File "D:\yunxia\ai_langgraph\.venv\Lib\site-packages\starlette\middleware\cors.py", line 144, in simple_response
    await self.app(scope, receive, send)
  File "D:\yunxia\ai_langgraph\.venv\Lib\site-packages\starlette\middleware\base.py", line 191, in __call__
    with recv_stream, send_stream, collapse_excgroups():
  File "C:\Users\98214\AppData\Roaming\uv\python\cpython-3.11.13-windows-x86_64-none\Lib\contextlib.py", line 158, in __exit__
    self.gen.throw(typ, value, traceback)
  File "D:\yunxia\ai_langgraph\.venv\Lib\site-packages\starlette\_utils.py", line 85, in collapse_excgroups
    raise exc
  File "D:\yunxia\ai_langgraph\.venv\Lib\site-packages\starlette\middleware\base.py", line 193, in __call__
    response = await self.dispatch_func(request, call_next)
               ^^^^^^^^^^^^^^^^^^^^^^^^^^^^^^^^^^^^^^^^^^^^
  File "D:\yunxia\ai_langgraph\RuoYi-Vue3-FastAPI\ruoyi-fastapi-backend\middlewares\context_middleware.py", line 17, in dispatch
    response = await call_next(request)
               ^^^^^^^^^^^^^^^^^^^^^^^^
  File "D:\yunxia\ai_langgraph\.venv\Lib\site-packages\starlette\middleware\base.py", line 168, in call_next
    raise app_exc from app_exc.__cause__ or app_exc.__context__
  File "D:\yunxia\ai_langgraph\.venv\Lib\site-packages\starlette\middleware\base.py", line 144, in coro
    await self.app(scope, receive_or_disconnect, send_no_error)
  File "D:\yunxia\ai_langgraph\.venv\Lib\site-packages\starlette\middleware\exceptions.py", line 63, in __call__
    await wrap_app_handling_exceptions(self.app, conn)(scope, receive, send)
  File "D:\yunxia\ai_langgraph\.venv\Lib\site-packages\starlette\_exception_handler.py", line 53, in wrapped_app
    raise exc
  File "D:\yunxia\ai_langgraph\.venv\Lib\site-packages\starlette\_exception_handler.py", line 42, in wrapped_app
    await app(scope, receive, sender)
  File "D:\yunxia\ai_langgraph\.venv\Lib\site-packages\fastapi\middleware\asyncexitstack.py", line 18, in __call__
    await self.app(scope, receive, send)
  File "D:\yunxia\ai_langgraph\.venv\Lib\site-packages\starlette\routing.py", line 716, in __call__
    await self.middleware_stack(scope, receive, send)
  File "D:\yunxia\ai_langgraph\.venv\Lib\site-packages\starlette\routing.py", line 736, in app
    await route.handle(scope, receive, send)
  File "D:\yunxia\ai_langgraph\.venv\Lib\site-packages\starlette\routing.py", line 290, in handle
    await self.app(scope, receive, send)
  File "D:\yunxia\ai_langgraph\.venv\Lib\site-packages\fastapi\routing.py", line 115, in app
    await wrap_app_handling_exceptions(app, request)(scope, receive, send)
  File "D:\yunxia\ai_langgraph\.venv\Lib\site-packages\starlette\_exception_handler.py", line 53, in wrapped_app
    raise exc
  File "D:\yunxia\ai_langgraph\.venv\Lib\site-packages\starlette\_exception_handler.py", line 42, in wrapped_app
    await app(scope, receive, sender)
  File "D:\yunxia\ai_langgraph\.venv\Lib\site-packages\fastapi\routing.py", line 101, in app
    response = await f(request)
               ^^^^^^^^^^^^^^^^
  File "D:\yunxia\ai_langgraph\.venv\Lib\site-packages\fastapi\routing.py", line 355, in app
    raw_response = await run_endpoint_function(
                   ^^^^^^^^^^^^^^^^^^^^^^^^^^^^
  File "D:\yunxia\ai_langgraph\.venv\Lib\site-packages\fastapi\routing.py", line 243, in run_endpoint_function
    return await dependant.call(**values)
           ^^^^^^^^^^^^^^^^^^^^^^^^^^^^^^
  File "D:\yunxia\ai_langgraph\RuoYi-Vue3-FastAPI\ruoyi-fastapi-backend\module_admin\controller\login_controller.py", line 179, in logout
    await LoginService.logout_services(request, token_id)
  File "D:\yunxia\ai_langgraph\RuoYi-Vue3-FastAPI\ruoyi-fastapi-backend\module_admin\service\login_service.py", line 526, in logout_services
    await request.app.state.redis.delete(f'{RedisInitKeyConfig.ACCESS_TOKEN.key}:{token_id}')
  File "D:\yunxia\ai_langgraph\.venv\Lib\site-packages\redis\asyncio\client.py", line 725, in execute_command
    return await conn.retry.call_with_retry(
           ^^^^^^^^^^^^^^^^^^^^^^^^^^^^^^^^^
  File "D:\yunxia\ai_langgraph\.venv\Lib\site-packages\redis\asyncio\retry.py", line 55, in call_with_retry
    raise error
  File "D:\yunxia\ai_langgraph\.venv\Lib\site-packages\redis\asyncio\retry.py", line 50, in call_with_retry
    return await do()
           ^^^^^^^^^^
  File "D:\yunxia\ai_langgraph\.venv\Lib\site-packages\redis\asyncio\client.py", line 700, in _send_command_parse_response
    return await self.parse_response(conn, command_name, **options)
           ^^^^^^^^^^^^^^^^^^^^^^^^^^^^^^^^^^^^^^^^^^^^^^^^^^^^^^^^
  File "D:\yunxia\ai_langgraph\.venv\Lib\site-packages\redis\asyncio\client.py", line 746, in parse_response
    response = await connection.read_response()
               ^^^^^^^^^^^^^^^^^^^^^^^^^^^^^^^^
  File "D:\yunxia\ai_langgraph\.venv\Lib\site-packages\redis\asyncio\connection.py", line 621, in read_response
    raise ConnectionError(f"Error while reading from {host_error} : {e.args}")
redis.exceptions.ConnectionError: Error while reading from 47.110.95.246:6379 : (10054, '远程主机强迫关闭了一个现有的连接。', None, 10054, None)
INFO:     Shutting down
INFO:     Waiting for connections to close. (CTRL+C to force quit)
2025-12-31 20:13:38.452 | ed8f4a97a1e54feb87630f986448a416 | INFO     | module_admin.controller.login_controller:get_login_user_info:96 - 获取成功
INFO:     Waiting for background tasks to complete. (CTRL+C to force quit)
INFO:     Waiting for application shutdown.
2025-12-31 20:13:38.629 |  | INFO     | config.get_redis:close_redis_pool:58 - ✅️ 关闭redis连接成功
2025-12-31 20:13:38.631 |  | INFO     | config.get_scheduler:close_system_scheduler:154 - ✅️ 关闭定时任务成功
INFO:     Application shutdown complete.
INFO:     Finished server process [75624]
D:\yunxia\ai_langgraph\RuoYi-Vue3-FastAPI\ruoyi-fastapi-backend\module_admin\service\login_service.py:43: FastAPIDeprecationWarning: `regex` has been deprecated, please use `pattern` instead
  grant_type: str = Form(default=None, regex='password'),
INFO:     Started server process [70768]
INFO:     Waiting for application startup.
2025-12-31 20:13:49.349 |  | INFO     | server:lifespan:23 - ⏰️ AI智能测试平台开始启动
2025-12-31 20:13:49.350 |  | INFO     | config.get_db:init_create_table:25 - 🔎 初始化数据库连接...
2025-12-31 20:13:50.981 |  | INFO     | config.get_db:init_create_table:28 - ✅️ 数据库连接成功
2025-12-31 20:13:50.981 |  | INFO     | config.get_redis:create_redis_pool:25 - 🔎 开始连接redis...
2025-12-31 20:13:51.128 |  | INFO     | config.get_redis:create_redis_pool:38 - ✅️ redis连接成功
2025-12-31 20:13:52.740 |  | INFO     | config.get_scheduler:init_system_scheduler:136 - 🔎 开始启动定时任务...
INFO:     Application startup complete.
2025-12-31 20:13:55.033 |  | INFO     | config.get_scheduler:init_system_scheduler:144 - ✅️ 系统初始定时任务加载成功
2025-12-31 20:13:55.034 |  | INFO     | server:lifespan:30 - 🚀 AI智能测试平台启动成功
2025-12-31 20:13:55.470 | a76dd4f9a96142af8c42e7ac0ad89d17 | INFO     | module_admin.controller.login_controller:get_login_user_routers:112 - 获取成功
2025-12-31 20:14:12.431 | 29f5f248694d4f29a74e49f6a8afc64a | INFO     | module_admin.controller.login_controller:get_login_user_info:96 - 获取成功
2025-12-31 20:14:13.084 | 088f84dc61b34ab49c07044da4cd65a9 | INFO     | module_admin.controller.login_controller:get_login_user_routers:112 - 获取成功
2025-12-31 20:14:17.309 | 312abce4a4c849dc86aec1547c5717fe | INFO     | module_testing.controller.project_controller:get_project_list:51 - 获取项目列表成功
2025-12-31 20:14:17.482 | cbae51aac1944c4ebbc66580e0892844 | INFO     | module_testing.controller.requirement_controller:get_requirement_list:56 - 获取需求列表成功，共 3 条
2025-12-31 20:15:14.961 | c7e7f32efb2a461b8f40b623b9017a79 | ERROR    | module_testing.controller.requirement_controller:generate_script_from_requirement:247 - 从需求生成脚本失败: 'CurrentUserModel' object has no attribute 'user_name'
2025-12-31 20:15:35.116 | 894a52f9474846edb9662765589882e9 | INFO     | module_testing.controller.script_controller:get_script_list:54 - 获取脚本列表成功
2025-12-31 20:15:35.120 | c2fab09ad48c41b3adcc39d196b8c4c1 | INFO     | module_testing.controller.project_controller:get_project_list:51 - 获取项目列表成功
2025-12-31 20:15:48.699 | ae0565e7c20144428ed91bb60d11ea76 | INFO     | module_testing.controller.execution_controller:get_execution_list:49 - 获取执行列表成功
2025-12-31 20:15:50.824 | cc652290eff5478e86e5ed9123aa2f75 | INFO     | module_testing.controller.execution_controller:get_execution_list:49 - 获取执行列表成功
2025-12-31 20:15:54.227 | 29c2a361b26b4554aa8b2bb1dadbf44f | INFO     | module_testing.controller.report_controller:get_report_list:49 - 获取报告列表成功
2025-12-31 20:18:01.729 | 6c1225c98fcc48719c670c8442c1c241 | INFO     | module_testing.controller.project_controller:get_project_list:51 - 获取项目列表成功
2025-12-31 20:18:37.369 | 1282bf1049cb4abcaf1a6d2aa2160981 | INFO     | module_testing.service.project_service:create_project:89 - 创建项目成功: 7 - 测试这个页面https://www.playturbo.com/性能
2025-12-31 20:18:38.024 | 2204d07bf65840d498ababba9a820ed8 | INFO     | module_testing.controller.project_controller:get_project_list:51 - 获取项目列表成功
2025-12-31 20:18:42.266 | 5fdf6334ff884e09b705f7aa1c79798b | INFO     | module_testing.service.project_service:change_status:231 - 修改项目状态: 7 -> 1
2025-12-31 20:18:44.614 | c1fff3c920c8482c83863ede6be764bc | INFO     | module_testing.service.project_service:change_status:231 - 修改项目状态: 7 -> 0
2025-12-31 20:18:52.384 | 1a71bbc07e7b4c6c8f8bfcd35206a7d4 | INFO     | module_testing.service.project_service:update_project:151 - 更新项目成功: 7
2025-12-31 20:18:53.036 | 6ea232f2b7994d9fbc82e429b5a57bcf | INFO     | module_testing.controller.project_controller:get_project_list:51 - 获取项目列表成功
2025-12-31 20:18:57.440 | 0b797c74c6c94bba9ea7f5f498ad8357 | INFO     | module_testing.service.project_service:delete_projects:193 - 删除项目成功: 共1个
2025-12-31 20:18:58.079 | a251ef9b29b14a0ca1115f6971c2f890 | INFO     | module_testing.controller.project_controller:get_project_list:51 - 获取项目列表成功
2025-12-31 20:19:02.998 | 621e20b446b041eeb019fbcede8c76ea | INFO     | module_testing.controller.project_controller:get_project_list:51 - 获取项目列表成功
2025-12-31 20:19:07.366 | 093be087b3e343cfb423e64ba4da7707 | INFO     | module_testing.controller.project_controller:get_project_list:51 - 获取项目列表成功
2025-12-31 20:19:10.141 | 308ead33e7bf46a184ade6d27ba0052b | INFO     | module_testing.controller.project_controller:get_project_list:51 - 获取项目列表成功
2025-12-31 20:19:12.964 | 41edc1907ab24f8482a720f7bb41847e | INFO     | module_testing.controller.project_controller:get_project_list:51 - 获取项目列表成功
2025-12-31 20:19:15.415 | 8bd803f3b7194efd8a183ea061064e81 | INFO     | module_testing.controller.project_controller:get_project_list:51 - 获取项目列表成功
2025-12-31 20:19:16.643 | 283a91542b8643b4990bb81ae66c6674 | INFO     | module_testing.controller.project_controller:get_project_list:51 - 获取项目列表成功
2025-12-31 20:30:24.511 | 211db4d7c4874f2b8633a432b09db01f | ERROR    | exceptions.handle:exception_handler:71 - (asyncmy.errors.OperationalError) (2013, 'Lost connection to MySQL server during query ([WinError 10054] 远程主机强迫关闭了一个现有的连接。)')
[SQL: SELECT DISTINCT sys_user.user_id, sys_user.dept_id, sys_user.user_name, sys_user.nick_name, sys_user.user_type, sys_user.email, sys_user.phonenumber, sys_user.sex, sys_user.avatar, sys_user.password, sys_user.status, sys_user.del_flag, sys_user.login_ip, sys_user.login_date, sys_user.pwd_update_date, sys_user.create_by, sys_user.create_time, sys_user.update_by, sys_user.update_time, sys_user.remark 
FROM sys_user 
WHERE sys_user.status = %s AND sys_user.del_flag = %s AND sys_user.user_id = %s]
[parameters: ('0', '0', 1)]
(Background on this error at: https://sqlalche.me/e/20/e3q8)
Traceback (most recent call last):

  File "D:\yunxia\ai_langgraph\.venv\Lib\site-packages\sqlalchemy\connectors\asyncio.py", line 402, in terminate
    self.await_(asyncio.shield(self._terminate_graceful_close()))  # type: ignore[attr-defined] # noqa: E501
    │    │      │       │      │    └ <function AsyncAdapt_asyncmy_connection._terminate_graceful_close at 0x000001EFEFD4FF60>
    │    │      │       │      └ <AdaptedConnection <asyncmy.connection.Connection object at 0x000001EF94036CD0>>
    │    │      │       └ <function shield at 0x000001EFEC79F100>
    │    │      └ <module 'asyncio' from 'C:\\Users\\98214\\AppData\\Roaming\\uv\\python\\cpython-3.11.13-windows-x86_64-none\\Lib\\asyncio\\__...
    │    └ <staticmethod(<function await_only at 0x000001EFEE274F40>)>
    └ <AdaptedConnection <asyncmy.connection.Connection object at 0x000001EF94036CD0>>
  File "D:\yunxia\ai_langgraph\.venv\Lib\site-packages\sqlalchemy\util\_concurrency_py3k.py", line 132, in await_only
    return current.parent.switch(awaitable)  # type: ignore[no-any-return,attr-defined] # noqa: E501
           │       │             └ <Future finished exception=ConnectionResetError(10054, '远程主机强迫关闭了一个现有的连接。', None, 10054, None)>
           │       └ <attribute 'parent' of 'greenlet.greenlet' objects>
           └ <_AsyncIoGreenlet object at 0x000001EF95359B40 (otid=0x000001EFEE268D20) dead>
  File "D:\yunxia\ai_langgraph\.venv\Lib\site-packages\sqlalchemy\util\_concurrency_py3k.py", line 196, in greenlet_spawn
    value = await result
                  └ <Future finished exception=ConnectionResetError(10054, '远程主机强迫关闭了一个现有的连接。', None, 10054, None)>
  File "D:\yunxia\ai_langgraph\.venv\Lib\site-packages\sqlalchemy\dialects\mysql\asyncmy.py", line 117, in _terminate_graceful_close
    await self._connection.ensure_closed()
          │    └ <member '_connection' of 'AdaptedConnection' objects>
          └ <AdaptedConnection <asyncmy.connection.Connection object at 0x000001EF94036CD0>>
  File "asyncmy\\connection.pyx", line 361, in ensure_closed
    await self._writer.drain()
  File "C:\Users\98214\AppData\Roaming\uv\python\cpython-3.11.13-windows-x86_64-none\Lib\asyncio\streams.py", line 380, in drain
    raise exc
          └ ConnectionResetError(10054, '远程主机强迫关闭了一个现有的连接。', None, 10054, None)
  File "asyncmy\\connection.pyx", line 658, in asyncmy.connection.Connection._read_bytes
    data = await self._reader.readexactly(num_bytes)
  File "C:\Users\98214\AppData\Roaming\uv\python\cpython-3.11.13-windows-x86_64-none\Lib\asyncio\streams.py", line 750, in readexactly
    await self._wait_for_data('readexactly')
          │    └ <function StreamReader._wait_for_data at 0x000001EFEC7F94E0>
          └ <StreamReader exception=ConnectionResetError(10054, '远程主机强迫关闭了一个现有的连接。', None, 10054, None) transport=<_SelectorSocketTranspo...
  File "C:\Users\98214\AppData\Roaming\uv\python\cpython-3.11.13-windows-x86_64-none\Lib\asyncio\streams.py", line 543, in _wait_for_data
    await self._waiter
          │    └ None
          └ <StreamReader exception=ConnectionResetError(10054, '远程主机强迫关闭了一个现有的连接。', None, 10054, None) transport=<_SelectorSocketTranspo...
  File "C:\Users\98214\AppData\Roaming\uv\python\cpython-3.11.13-windows-x86_64-none\Lib\asyncio\selector_events.py", line 999, in _read_ready__data_received
    data = self._sock.recv(self.max_size)
           │    │          │    └ 262144
           │    │          └ <_SelectorSocketTransport closed fd=2228>
           │    └ None
           └ <_SelectorSocketTransport closed fd=2228>

ConnectionResetError: [WinError 10054] 远程主机强迫关闭了一个现有的连接。


During handling of the above exception, another exception occurred:


Traceback (most recent call last):

  File "D:\yunxia\ai_langgraph\.venv\Lib\site-packages\sqlalchemy\engine\base.py", line 1967, in _exec_single_context
    self.dialect.do_execute(
    │    │       └ <function DefaultDialect.do_execute at 0x000001EFEF8A4400>
    │    └ <sqlalchemy.dialects.mysql.asyncmy.MySQLDialect_asyncmy object at 0x000001EFEFCB7610>
    └ <sqlalchemy.engine.base.Connection object at 0x000001EF9535B7D0>
  File "D:\yunxia\ai_langgraph\.venv\Lib\site-packages\sqlalchemy\engine\default.py", line 952, in do_execute
    cursor.execute(statement, parameters)
    │      │       │          └ ('0', '0', 1)
    │      │       └ 'SELECT DISTINCT sys_user.user_id, sys_user.dept_id, sys_user.user_name, sys_user.nick_name, sys_user.user_type, sys_user.ema...
    │      └ <function AsyncAdapt_dbapi_cursor.execute at 0x000001EFEFD4D760>
    └ <sqlalchemy.dialects.mysql.asyncmy.AsyncAdapt_asyncmy_cursor object at 0x000001EF9532FF10>
  File "D:\yunxia\ai_langgraph\.venv\Lib\site-packages\sqlalchemy\connectors\asyncio.py", line 230, in execute
    self._adapt_connection._handle_exception(error)
    │    └ <member '_adapt_connection' of 'AsyncAdapt_dbapi_cursor' objects>
    └ <sqlalchemy.dialects.mysql.asyncmy.AsyncAdapt_asyncmy_cursor object at 0x000001EF9532FF10>
  File "D:\yunxia\ai_langgraph\.venv\Lib\site-packages\sqlalchemy\dialects\mysql\asyncmy.py", line 91, in _handle_exception
    raise error
          └ OperationalError(2013, 'Lost connection to MySQL server during query ([WinError 10054] 远程主机强迫关闭了一个现有的连接。)')
  File "D:\yunxia\ai_langgraph\.venv\Lib\site-packages\sqlalchemy\connectors\asyncio.py", line 228, in execute
    return self.await_(self._execute_async(operation, parameters))
           │    │      │    │              │          └ ('0', '0', 1)
           │    │      │    │              └ 'SELECT DISTINCT sys_user.user_id, sys_user.dept_id, sys_user.user_name, sys_user.nick_name, sys_user.user_type, sys_user.ema...
           │    │      │    └ <function AsyncAdapt_dbapi_cursor._execute_async at 0x000001EFEFD4D8A0>
           │    │      └ <sqlalchemy.dialects.mysql.asyncmy.AsyncAdapt_asyncmy_cursor object at 0x000001EF9532FF10>
           │    └ <member 'await_' of 'AsyncAdapt_dbapi_cursor' objects>
           └ <sqlalchemy.dialects.mysql.asyncmy.AsyncAdapt_asyncmy_cursor object at 0x000001EF9532FF10>
  File "D:\yunxia\ai_langgraph\.venv\Lib\site-packages\sqlalchemy\util\_concurrency_py3k.py", line 132, in await_only
    return current.parent.switch(awaitable)  # type: ignore[no-any-return,attr-defined] # noqa: E501
           │       │             └ <coroutine object AsyncAdapt_dbapi_cursor._execute_async at 0x000001EF95299C40>
           │       └ <attribute 'parent' of 'greenlet.greenlet' objects>
           └ <_AsyncIoGreenlet object at 0x000001EF95359B40 (otid=0x000001EFEE268D20) dead>
  File "D:\yunxia\ai_langgraph\.venv\Lib\site-packages\sqlalchemy\util\_concurrency_py3k.py", line 196, in greenlet_spawn
    value = await result
                  └ <Future finished exception=ConnectionResetError(10054, '远程主机强迫关闭了一个现有的连接。', None, 10054, None)>
  File "D:\yunxia\ai_langgraph\.venv\Lib\site-packages\sqlalchemy\connectors\asyncio.py", line 251, in _execute_async
    result = await self._cursor.execute(operation, parameters)
                   │    │               │          └ ('0', '0', 1)
                   │    │               └ 'SELECT DISTINCT sys_user.user_id, sys_user.dept_id, sys_user.user_name, sys_user.nick_name, sys_user.user_type, sys_user.ema...
                   │    └ <member '_cursor' of 'AsyncAdapt_dbapi_cursor' objects>
                   └ <sqlalchemy.dialects.mysql.asyncmy.AsyncAdapt_asyncmy_cursor object at 0x000001EF9532FF10>
  File "asyncmy\\cursors.pyx", line 179, in execute
    result = await self._query(query)
  File "asyncmy\\cursors.pyx", line 364, in _query
    await conn.query(q)
  File "asyncmy\\connection.pyx", line 496, in query
    await self._read_query_result(unbuffered=unbuffered)
  File "asyncmy\\connection.pyx", line 684, in _read_query_result
    await result.read()
  File "asyncmy\\connection.pyx", line 1071, in read
    first_packet = await self.connection.read_packet()
  File "asyncmy\\connection.pyx", line 619, in read_packet
    packet_header = await self._read_bytes(4)
  File "asyncmy\\connection.pyx", line 660, in _read_bytes
    raise errors.OperationalError(
          │      └ <class 'asyncmy.errors.OperationalError'>
          └ <module 'asyncmy.errors' from 'D:\\yunxia\\ai_langgraph\\.venv\\Lib\\site-packages\\asyncmy\\errors.cp311-win_amd64.pyd'>

asyncmy.errors.OperationalError: (2013, 'Lost connection to MySQL server during query ([WinError 10054] 远程主机强迫关闭了一个现有的连接。)')


The above exception was the direct cause of the following exception:


Traceback (most recent call last):

  File "<string>", line 1, in <module>
  File "C:\Users\98214\AppData\Roaming\uv\python\cpython-3.11.13-windows-x86_64-none\Lib\multiprocessing\spawn.py", line 122, in spawn_main
    exitcode = _main(fd, parent_sentinel)
               │     │   └ 344
               │     └ 3
               └ <function _main at 0x000001EFEAD8A0C0>
  File "C:\Users\98214\AppData\Roaming\uv\python\cpython-3.11.13-windows-x86_64-none\Lib\multiprocessing\spawn.py", line 135, in _main
    return self._bootstrap(parent_sentinel)
           │    │          └ 344
           │    └ <function BaseProcess._bootstrap at 0x000001EFEAAD0D60>
           └ <SpawnProcess name='SpawnProcess-2' parent=73032 started>
  File "C:\Users\98214\AppData\Roaming\uv\python\cpython-3.11.13-windows-x86_64-none\Lib\multiprocessing\process.py", line 314, in _bootstrap
    self.run()
    │    └ <function BaseProcess.run at 0x000001EFEAAD02C0>
    └ <SpawnProcess name='SpawnProcess-2' parent=73032 started>
  File "C:\Users\98214\AppData\Roaming\uv\python\cpython-3.11.13-windows-x86_64-none\Lib\multiprocessing\process.py", line 108, in run
    self._target(*self._args, **self._kwargs)
    │    │        │    │        │    └ {'config': <uvicorn.config.Config object at 0x000001EFEAD64510>, 'target': <bound method Server.run of <uvicorn.server.Server...
    │    │        │    │        └ <SpawnProcess name='SpawnProcess-2' parent=73032 started>
    │    │        │    └ ()
    │    │        └ <SpawnProcess name='SpawnProcess-2' parent=73032 started>
    │    └ <function subprocess_started at 0x000001EFECED1760>
    └ <SpawnProcess name='SpawnProcess-2' parent=73032 started>
  File "D:\yunxia\ai_langgraph\.venv\Lib\site-packages\uvicorn\_subprocess.py", line 80, in subprocess_started
    target(sockets=sockets)
    │              └ [<socket.socket fd=892, family=2, type=1, proto=6, laddr=('0.0.0.0', 9199)>]
    └ <bound method Server.run of <uvicorn.server.Server object at 0x000001EFED0621D0>>
  File "D:\yunxia\ai_langgraph\.venv\Lib\site-packages\uvicorn\server.py", line 67, in run
    return asyncio_run(self.serve(sockets=sockets), loop_factory=self.config.get_loop_factory())
           │           │    │             │                      │    │      └ <function Config.get_loop_factory at 0x000001EFECE71800>
           │           │    │             │                      │    └ <uvicorn.config.Config object at 0x000001EFEAD64510>
           │           │    │             │                      └ <uvicorn.server.Server object at 0x000001EFED0621D0>
           │           │    │             └ [<socket.socket fd=892, family=2, type=1, proto=6, laddr=('0.0.0.0', 9199)>]
           │           │    └ <function Server.serve at 0x000001EFECED0400>
           │           └ <uvicorn.server.Server object at 0x000001EFED0621D0>
           └ <function asyncio_run at 0x000001EFECE35B20>
  File "D:\yunxia\ai_langgraph\.venv\Lib\site-packages\uvicorn\_compat.py", line 30, in asyncio_run
    return runner.run(main)
           │      │   └ <coroutine object Server.serve at 0x000001EFED03C9A0>
           │      └ <function Runner.run at 0x000001EFEC7DE2A0>
           └ <asyncio.runners.Runner object at 0x000001EFED0618D0>
  File "C:\Users\98214\AppData\Roaming\uv\python\cpython-3.11.13-windows-x86_64-none\Lib\asyncio\runners.py", line 118, in run
    return self._loop.run_until_complete(task)
           │    │     │                  └ <Task pending name='Task-1' coro=<Server.serve() running at D:\yunxia\ai_langgraph\.venv\Lib\site-packages\uvicorn\server.py:...
           │    │     └ <function BaseEventLoop.run_until_complete at 0x000001EFEC7CFD80>
           │    └ <_WindowsSelectorEventLoop running=True closed=False debug=False>
           └ <asyncio.runners.Runner object at 0x000001EFED0618D0>
  File "C:\Users\98214\AppData\Roaming\uv\python\cpython-3.11.13-windows-x86_64-none\Lib\asyncio\base_events.py", line 641, in run_until_complete
    self.run_forever()
    │    └ <function BaseEventLoop.run_forever at 0x000001EFEC7CFCE0>
    └ <_WindowsSelectorEventLoop running=True closed=False debug=False>
  File "C:\Users\98214\AppData\Roaming\uv\python\cpython-3.11.13-windows-x86_64-none\Lib\asyncio\base_events.py", line 608, in run_forever
    self._run_once()
    │    └ <function BaseEventLoop._run_once at 0x000001EFEC7DDB20>
    └ <_WindowsSelectorEventLoop running=True closed=False debug=False>
  File "C:\Users\98214\AppData\Roaming\uv\python\cpython-3.11.13-windows-x86_64-none\Lib\asyncio\base_events.py", line 1936, in _run_once
    handle._run()
    │      └ <function Handle._run at 0x000001EFEC6F7060>
    └ <Handle Task.task_wakeup(<Future finished result=None>)>
  File "C:\Users\98214\AppData\Roaming\uv\python\cpython-3.11.13-windows-x86_64-none\Lib\asyncio\events.py", line 84, in _run
    self._context.run(self._callback, *self._args)
    │    │            │    │           │    └ <member '_args' of 'Handle' objects>
    │    │            │    │           └ <Handle Task.task_wakeup(<Future finished result=None>)>
    │    │            │    └ <member '_callback' of 'Handle' objects>
    │    │            └ <Handle Task.task_wakeup(<Future finished result=None>)>
    │    └ <member '_context' of 'Handle' objects>
    └ <Handle Task.task_wakeup(<Future finished result=None>)>
  File "D:\yunxia\ai_langgraph\.venv\Lib\site-packages\uvicorn\protocols\http\httptools_impl.py", line 416, in run_asgi
    result = await app(  # type: ignore[func-returns-value]
                   └ <uvicorn.middleware.proxy_headers.ProxyHeadersMiddleware object at 0x000001EF93C33D50>
  File "D:\yunxia\ai_langgraph\.venv\Lib\site-packages\uvicorn\middleware\proxy_headers.py", line 60, in __call__
    return await self.app(scope, receive, send)
                 │    │   │      │        └ <bound method RequestResponseCycle.send of <uvicorn.protocols.http.httptools_impl.RequestResponseCycle object at 0x000001EF95...
                 │    │   │      └ <bound method RequestResponseCycle.receive of <uvicorn.protocols.http.httptools_impl.RequestResponseCycle object at 0x000001E...
                 │    │   └ {'type': 'http', 'asgi': {'version': '3.0', 'spec_version': '2.3'}, 'http_version': '1.1', 'server': ('127.0.0.1', 9199), 'cl...
                 │    └ <fastapi.applications.FastAPI object at 0x000001EFED229290>
                 └ <uvicorn.middleware.proxy_headers.ProxyHeadersMiddleware object at 0x000001EF93C33D50>
  File "D:\yunxia\ai_langgraph\.venv\Lib\site-packages\fastapi\applications.py", line 1135, in __call__
    await super().__call__(scope, receive, send)
                           │      │        └ <bound method RequestResponseCycle.send of <uvicorn.protocols.http.httptools_impl.RequestResponseCycle object at 0x000001EF95...
                           │      └ <bound method RequestResponseCycle.receive of <uvicorn.protocols.http.httptools_impl.RequestResponseCycle object at 0x000001E...
                           └ {'type': 'http', 'asgi': {'version': '3.0', 'spec_version': '2.3'}, 'http_version': '1.1', 'server': ('127.0.0.1', 9199), 'cl...
  File "D:\yunxia\ai_langgraph\.venv\Lib\site-packages\starlette\applications.py", line 107, in __call__
    await self.middleware_stack(scope, receive, send)
          │    │                │      │        └ <bound method RequestResponseCycle.send of <uvicorn.protocols.http.httptools_impl.RequestResponseCycle object at 0x000001EF95...
          │    │                │      └ <bound method RequestResponseCycle.receive of <uvicorn.protocols.http.httptools_impl.RequestResponseCycle object at 0x000001E...
          │    │                └ {'type': 'http', 'asgi': {'version': '3.0', 'spec_version': '2.3'}, 'http_version': '1.1', 'server': ('127.0.0.1', 9199), 'cl...
          │    └ <starlette.middleware.errors.ServerErrorMiddleware object at 0x000001EF93BF5210>
          └ <fastapi.applications.FastAPI object at 0x000001EFED229290>
> File "D:\yunxia\ai_langgraph\.venv\Lib\site-packages\starlette\middleware\errors.py", line 164, in __call__
    await self.app(scope, receive, _send)
          │    │   │      │        └ <function ServerErrorMiddleware.__call__.<locals>._send at 0x000001EF952FF380>
          │    │   │      └ <bound method RequestResponseCycle.receive of <uvicorn.protocols.http.httptools_impl.RequestResponseCycle object at 0x000001E...
          │    │   └ {'type': 'http', 'asgi': {'version': '3.0', 'spec_version': '2.3'}, 'http_version': '1.1', 'server': ('127.0.0.1', 9199), 'cl...
          │    └ <middlewares.trace_middleware.middle.TraceASGIMiddleware object at 0x000001EF93888150>
          └ <starlette.middleware.errors.ServerErrorMiddleware object at 0x000001EF93BF5210>

  File "D:\yunxia\ai_langgraph\RuoYi-Vue3-FastAPI\ruoyi-fastapi-backend\middlewares\trace_middleware\middle.py", line 42, in __call__
    await self.app(scope, handle_outgoing_receive, handle_outgoing_request)
          │    │   │      │                        └ <function TraceASGIMiddleware.__call__.<locals>.handle_outgoing_request at 0x000001EF952FEFC0>
          │    │   │      └ <function RequestResponseCycle.receive at 0x000001EF952FF420>
          │    │   └ {'type': 'http', 'asgi': {'version': '3.0', 'spec_version': '2.3'}, 'http_version': '1.1', 'server': ('127.0.0.1', 9199), 'cl...
          │    └ <starlette.middleware.gzip.GZipMiddleware object at 0x000001EF93C102D0>
          └ <middlewares.trace_middleware.middle.TraceASGIMiddleware object at 0x000001EF93888150>

  File "D:\yunxia\ai_langgraph\.venv\Lib\site-packages\starlette\middleware\gzip.py", line 29, in __call__
    await responder(scope, receive, send)
          │         │      │        └ <function TraceASGIMiddleware.__call__.<locals>.handle_outgoing_request at 0x000001EF952FEFC0>
          │         │      └ <function RequestResponseCycle.receive at 0x000001EF952FF420>
          │         └ {'type': 'http', 'asgi': {'version': '3.0', 'spec_version': '2.3'}, 'http_version': '1.1', 'server': ('127.0.0.1', 9199), 'cl...
          └ <starlette.middleware.gzip.GZipResponder object at 0x000001EF953589D0>
  File "D:\yunxia\ai_langgraph\.venv\Lib\site-packages\starlette\middleware\gzip.py", line 130, in __call__
    await super().__call__(scope, receive, send)
                           │      │        └ <function TraceASGIMiddleware.__call__.<locals>.handle_outgoing_request at 0x000001EF952FEFC0>
                           │      └ <function RequestResponseCycle.receive at 0x000001EF952FF420>
                           └ {'type': 'http', 'asgi': {'version': '3.0', 'spec_version': '2.3'}, 'http_version': '1.1', 'server': ('127.0.0.1', 9199), 'cl...
  File "D:\yunxia\ai_langgraph\.venv\Lib\site-packages\starlette\middleware\gzip.py", line 46, in __call__
    await self.app(scope, receive, self.send_with_compression)
          │    │   │      │        │    └ <function IdentityResponder.send_with_compression at 0x000001EFFFE4CCC0>
          │    │   │      │        └ <starlette.middleware.gzip.GZipResponder object at 0x000001EF953589D0>
          │    │   │      └ <function RequestResponseCycle.receive at 0x000001EF952FF420>
          │    │   └ {'type': 'http', 'asgi': {'version': '3.0', 'spec_version': '2.3'}, 'http_version': '1.1', 'server': ('127.0.0.1', 9199), 'cl...
          │    └ <starlette.middleware.cors.CORSMiddleware object at 0x000001EF93AAA7D0>
          └ <starlette.middleware.gzip.GZipResponder object at 0x000001EF953589D0>
  File "D:\yunxia\ai_langgraph\.venv\Lib\site-packages\starlette\middleware\cors.py", line 85, in __call__
    await self.app(scope, receive, send)
          │    │   │      │        └ <bound method IdentityResponder.send_with_compression of <starlette.middleware.gzip.GZipResponder object at 0x000001EF953589D0>>
          │    │   │      └ <function RequestResponseCycle.receive at 0x000001EF952FF420>
          │    │   └ {'type': 'http', 'asgi': {'version': '3.0', 'spec_version': '2.3'}, 'http_version': '1.1', 'server': ('127.0.0.1', 9199), 'cl...
          │    └ <middlewares.context_middleware.ContextCleanupMiddleware object at 0x000001EF93BCBD10>
          └ <starlette.middleware.cors.CORSMiddleware object at 0x000001EF93AAA7D0>
  File "D:\yunxia\ai_langgraph\.venv\Lib\site-packages\starlette\middleware\base.py", line 191, in __call__
    with recv_stream, send_stream, collapse_excgroups():
         │            │            └ <function collapse_excgroups at 0x000001EFEE0B1A80>
         │            └ MemoryObjectSendStream(_state=_MemoryObjectStreamState(max_buffer_size=0, buffer=deque([]), open_send_channels=0, open_receiv...
         └ MemoryObjectReceiveStream(_state=_MemoryObjectStreamState(max_buffer_size=0, buffer=deque([]), open_send_channels=0, open_rec...
  File "C:\Users\98214\AppData\Roaming\uv\python\cpython-3.11.13-windows-x86_64-none\Lib\contextlib.py", line 158, in __exit__
    self.gen.throw(typ, value, traceback)
    │    │   │     │    │      └ <traceback object at 0x000001EF93C9AEC0>
    │    │   │     │    └ ExceptionGroup('unhandled errors in a TaskGroup', [OperationalError("(asyncmy.errors.OperationalError) (2013, 'Lost connectio...
    │    │   │     └ <class 'ExceptionGroup'>
    │    │   └ <method 'throw' of 'generator' objects>
    │    └ <generator object collapse_excgroups at 0x000001EF95357060>
    └ <contextlib._GeneratorContextManager object at 0x000001EF9535BB50>
  File "D:\yunxia\ai_langgraph\.venv\Lib\site-packages\starlette\_utils.py", line 85, in collapse_excgroups
    raise exc
  File "D:\yunxia\ai_langgraph\.venv\Lib\site-packages\starlette\middleware\base.py", line 193, in __call__
    response = await self.dispatch_func(request, call_next)
                     │    │             │        └ <function BaseHTTPMiddleware.__call__.<locals>.call_next at 0x000001EF952FD9E0>
                     │    │             └ <starlette.middleware.base._CachedRequest object at 0x000001EF9535BDD0>
                     │    └ <bound method ContextCleanupMiddleware.dispatch of <middlewares.context_middleware.ContextCleanupMiddleware object at 0x00000...
                     └ <middlewares.context_middleware.ContextCleanupMiddleware object at 0x000001EF93BCBD10>

  File "D:\yunxia\ai_langgraph\RuoYi-Vue3-FastAPI\ruoyi-fastapi-backend\middlewares\context_middleware.py", line 17, in dispatch
    response = await call_next(request)
                     │         └ <starlette.middleware.base._CachedRequest object at 0x000001EF9535BDD0>
                     └ <function BaseHTTPMiddleware.__call__.<locals>.call_next at 0x000001EF952FD9E0>

  File "D:\yunxia\ai_langgraph\.venv\Lib\site-packages\starlette\middleware\base.py", line 168, in call_next
    raise app_exc from app_exc.__cause__ or app_exc.__context__
          │            │       │            │       └ <attribute '__context__' of 'BaseException' objects>
          │            │       │            └ OperationalError("(asyncmy.errors.OperationalError) (2013, 'Lost connection to MySQL server during query ([WinError 10054] 远程...
          │            │       └ <attribute '__cause__' of 'BaseException' objects>
          │            └ OperationalError("(asyncmy.errors.OperationalError) (2013, 'Lost connection to MySQL server during query ([WinError 10054] 远程...
          └ OperationalError("(asyncmy.errors.OperationalError) (2013, 'Lost connection to MySQL server during query ([WinError 10054] 远程...
  File "D:\yunxia\ai_langgraph\.venv\Lib\site-packages\starlette\middleware\base.py", line 144, in coro
    await self.app(scope, receive_or_disconnect, send_no_error)
          │    │   │      │                      └ <function BaseHTTPMiddleware.__call__.<locals>.call_next.<locals>.send_no_error at 0x000001EF952FEF20>
          │    │   │      └ <function BaseHTTPMiddleware.__call__.<locals>.call_next.<locals>.receive_or_disconnect at 0x000001EF952FF2E0>
          │    │   └ {'type': 'http', 'asgi': {'version': '3.0', 'spec_version': '2.3'}, 'http_version': '1.1', 'server': ('127.0.0.1', 9199), 'cl...
          │    └ <starlette.middleware.exceptions.ExceptionMiddleware object at 0x000001EF93BE75D0>
          └ <middlewares.context_middleware.ContextCleanupMiddleware object at 0x000001EF93BCBD10>
  File "D:\yunxia\ai_langgraph\.venv\Lib\site-packages\starlette\middleware\exceptions.py", line 63, in __call__
    await wrap_app_handling_exceptions(self.app, conn)(scope, receive, send)
          │                            │    │    │     │      │        └ <function BaseHTTPMiddleware.__call__.<locals>.call_next.<locals>.send_no_error at 0x000001EF952FEF20>
          │                            │    │    │     │      └ <function BaseHTTPMiddleware.__call__.<locals>.call_next.<locals>.receive_or_disconnect at 0x000001EF952FF2E0>
          │                            │    │    │     └ {'type': 'http', 'asgi': {'version': '3.0', 'spec_version': '2.3'}, 'http_version': '1.1', 'server': ('127.0.0.1', 9199), 'cl...
          │                            │    │    └ <starlette.requests.Request object at 0x000001EF95358C50>
          │                            │    └ <fastapi.middleware.asyncexitstack.AsyncExitStackMiddleware object at 0x000001EF93A75410>
          │                            └ <starlette.middleware.exceptions.ExceptionMiddleware object at 0x000001EF93BE75D0>
          └ <function wrap_app_handling_exceptions at 0x000001EFEE13D8A0>
  File "D:\yunxia\ai_langgraph\.venv\Lib\site-packages\starlette\_exception_handler.py", line 53, in wrapped_app
    raise exc
  File "D:\yunxia\ai_langgraph\.venv\Lib\site-packages\starlette\_exception_handler.py", line 42, in wrapped_app
    await app(scope, receive, sender)
          │   │      │        └ <function wrap_app_handling_exceptions.<locals>.wrapped_app.<locals>.sender at 0x000001EF952FE160>
          │   │      └ <function BaseHTTPMiddleware.__call__.<locals>.call_next.<locals>.receive_or_disconnect at 0x000001EF952FF2E0>
          │   └ {'type': 'http', 'asgi': {'version': '3.0', 'spec_version': '2.3'}, 'http_version': '1.1', 'server': ('127.0.0.1', 9199), 'cl...
          └ <fastapi.middleware.asyncexitstack.AsyncExitStackMiddleware object at 0x000001EF93A75410>
  File "D:\yunxia\ai_langgraph\.venv\Lib\site-packages\fastapi\middleware\asyncexitstack.py", line 18, in __call__
    await self.app(scope, receive, send)
          │    │   │      │        └ <function wrap_app_handling_exceptions.<locals>.wrapped_app.<locals>.sender at 0x000001EF952FE160>
          │    │   │      └ <function BaseHTTPMiddleware.__call__.<locals>.call_next.<locals>.receive_or_disconnect at 0x000001EF952FF2E0>
          │    │   └ {'type': 'http', 'asgi': {'version': '3.0', 'spec_version': '2.3'}, 'http_version': '1.1', 'server': ('127.0.0.1', 9199), 'cl...
          │    └ <fastapi.routing.APIRouter object at 0x000001EFFF73CE50>
          └ <fastapi.middleware.asyncexitstack.AsyncExitStackMiddleware object at 0x000001EF93A75410>
  File "D:\yunxia\ai_langgraph\.venv\Lib\site-packages\starlette\routing.py", line 716, in __call__
    await self.middleware_stack(scope, receive, send)
          │    │                │      │        └ <function wrap_app_handling_exceptions.<locals>.wrapped_app.<locals>.sender at 0x000001EF952FE160>
          │    │                │      └ <function BaseHTTPMiddleware.__call__.<locals>.call_next.<locals>.receive_or_disconnect at 0x000001EF952FF2E0>
          │    │                └ {'type': 'http', 'asgi': {'version': '3.0', 'spec_version': '2.3'}, 'http_version': '1.1', 'server': ('127.0.0.1', 9199), 'cl...
          │    └ <bound method Router.app of <fastapi.routing.APIRouter object at 0x000001EFFF73CE50>>
          └ <fastapi.routing.APIRouter object at 0x000001EFFF73CE50>
  File "D:\yunxia\ai_langgraph\.venv\Lib\site-packages\starlette\routing.py", line 736, in app
    await route.handle(scope, receive, send)
          │     │      │      │        └ <function wrap_app_handling_exceptions.<locals>.wrapped_app.<locals>.sender at 0x000001EF952FE160>
          │     │      │      └ <function BaseHTTPMiddleware.__call__.<locals>.call_next.<locals>.receive_or_disconnect at 0x000001EF952FF2E0>
          │     │      └ {'type': 'http', 'asgi': {'version': '3.0', 'spec_version': '2.3'}, 'http_version': '1.1', 'server': ('127.0.0.1', 9199), 'cl...
          │     └ <function Route.handle at 0x000001EFEE13EF20>
          └ APIRoute(path='/testing/project/list', name='get_project_list', methods=['GET'])
  File "D:\yunxia\ai_langgraph\.venv\Lib\site-packages\starlette\routing.py", line 290, in handle
    await self.app(scope, receive, send)
          │    │   │      │        └ <function wrap_app_handling_exceptions.<locals>.wrapped_app.<locals>.sender at 0x000001EF952FE160>
          │    │   │      └ <function BaseHTTPMiddleware.__call__.<locals>.call_next.<locals>.receive_or_disconnect at 0x000001EF952FF2E0>
          │    │   └ {'type': 'http', 'asgi': {'version': '3.0', 'spec_version': '2.3'}, 'http_version': '1.1', 'server': ('127.0.0.1', 9199), 'cl...
          │    └ <function request_response.<locals>.app at 0x000001EF93D51580>
          └ APIRoute(path='/testing/project/list', name='get_project_list', methods=['GET'])
  File "D:\yunxia\ai_langgraph\.venv\Lib\site-packages\fastapi\routing.py", line 115, in app
    await wrap_app_handling_exceptions(app, request)(scope, receive, send)
          │                            │    │        │      │        └ <function wrap_app_handling_exceptions.<locals>.wrapped_app.<locals>.sender at 0x000001EF952FE160>
          │                            │    │        │      └ <function BaseHTTPMiddleware.__call__.<locals>.call_next.<locals>.receive_or_disconnect at 0x000001EF952FF2E0>
          │                            │    │        └ {'type': 'http', 'asgi': {'version': '3.0', 'spec_version': '2.3'}, 'http_version': '1.1', 'server': ('127.0.0.1', 9199), 'cl...
          │                            │    └ <starlette.requests.Request object at 0x000001EF95358910>
          │                            └ <function request_response.<locals>.app.<locals>.app at 0x000001EF952FF6A0>
          └ <function wrap_app_handling_exceptions at 0x000001EFEE13D8A0>
  File "D:\yunxia\ai_langgraph\.venv\Lib\site-packages\starlette\_exception_handler.py", line 53, in wrapped_app
    raise exc
  File "D:\yunxia\ai_langgraph\.venv\Lib\site-packages\starlette\_exception_handler.py", line 42, in wrapped_app
    await app(scope, receive, sender)
          │   │      │        └ <function wrap_app_handling_exceptions.<locals>.wrapped_app.<locals>.sender at 0x000001EF952FFCE0>
          │   │      └ <function BaseHTTPMiddleware.__call__.<locals>.call_next.<locals>.receive_or_disconnect at 0x000001EF952FF2E0>
          │   └ {'type': 'http', 'asgi': {'version': '3.0', 'spec_version': '2.3'}, 'http_version': '1.1', 'server': ('127.0.0.1', 9199), 'cl...
          └ <function request_response.<locals>.app.<locals>.app at 0x000001EF952FF6A0>
  File "D:\yunxia\ai_langgraph\.venv\Lib\site-packages\fastapi\routing.py", line 101, in app
    response = await f(request)
                     │ └ <starlette.requests.Request object at 0x000001EF95358910>
                     └ <function get_request_handler.<locals>.app at 0x000001EF93D514E0>
  File "D:\yunxia\ai_langgraph\.venv\Lib\site-packages\fastapi\routing.py", line 345, in app
    solved_result = await solve_dependencies(
                          └ <function solve_dependencies at 0x000001EFEE11ECA0>
  File "D:\yunxia\ai_langgraph\.venv\Lib\site-packages\fastapi\dependencies\utils.py", line 643, in solve_dependencies
    solved = await call(**solved_result.values)
                   │      │             └ {'db': <sqlalchemy.ext.asyncio.session.AsyncSession object at 0x000001EF95358A10>, 'request': <starlette.requests.Request obj...
                   │      └ SolvedDependency(values={'db': <sqlalchemy.ext.asyncio.session.AsyncSession object at 0x000001EF95358A10>, 'request': <starle...
                   └ <common.aspect.pre_auth.PreAuth object at 0x000001EF9376E850>

  File "D:\yunxia\ai_langgraph\RuoYi-Vue3-FastAPI\ruoyi-fastapi-backend\common\aspect\pre_auth.py", line 124, in __call__
    current_user = await LoginService.get_current_user(request, token, db)
                         │            │                │        │      └ <sqlalchemy.ext.asyncio.session.AsyncSession object at 0x000001EF95358A10>
                         │            │                │        └ 'Bearer eyJhbGciOiJIUzI1NiIsInR5cCI6IkpXVCJ9.eyJ1c2VyX2lkIjoiMSIsInVzZXJfbmFtZSI6ImFkbWluIiwiZGVwdF9uYW1lIjoiXHU3ODE0XHU1M2Qx...
                         │            │                └ <starlette.requests.Request object at 0x000001EF95358910>
                         │            └ <classmethod(<function LoginService.get_current_user at 0x000001EF90FD9440>)>
                         └ <class 'module_admin.service.login_service.LoginService'>

  File "D:\yunxia\ai_langgraph\RuoYi-Vue3-FastAPI\ruoyi-fastapi-backend\module_admin\service\login_service.py", line 220, in get_current_user
    query_user = await UserDao.get_user_by_id(query_db, user_id=token_data.user_id)
                       │       │              │                 │          └ 1
                       │       │              │                 └ TokenData(user_id=1)
                       │       │              └ <sqlalchemy.ext.asyncio.session.AsyncSession object at 0x000001EF95358A10>
                       │       └ <classmethod(<function UserDao.get_user_by_id at 0x000001EFFFF26200>)>
                       └ <class 'module_admin.dao.user_dao.UserDao'>

  File "D:\yunxia\ai_langgraph\RuoYi-Vue3-FastAPI\ruoyi-fastapi-backend\module_admin\dao\user_dao.py", line 94, in get_user_by_id
    await db.execute(
          │  └ <function AsyncSession.execute at 0x000001EFEFCA76A0>
          └ <sqlalchemy.ext.asyncio.session.AsyncSession object at 0x000001EF95358A10>

  File "D:\yunxia\ai_langgraph\.venv\Lib\site-packages\sqlalchemy\ext\asyncio\session.py", line 449, in execute
    result = await greenlet_spawn(
                   └ <function greenlet_spawn at 0x000001EFEE267BA0>
  File "D:\yunxia\ai_langgraph\.venv\Lib\site-packages\sqlalchemy\util\_concurrency_py3k.py", line 201, in greenlet_spawn
    result = context.throw(*sys.exc_info())
             │       │      │   └ <built-in function exc_info>
             │       │      └ <module 'sys' (built-in)>
             │       └ <method 'throw' of 'greenlet.greenlet' objects>
             └ <_AsyncIoGreenlet object at 0x000001EF95359B40 (otid=0x000001EFEE268D20) dead>
  File "D:\yunxia\ai_langgraph\.venv\Lib\site-packages\sqlalchemy\orm\session.py", line 2351, in execute
    return self._execute_internal(
           │    └ <function Session._execute_internal at 0x000001EFEFBE5A80>
           └ <sqlalchemy.orm.session.Session object at 0x000001EF9535B190>
  File "D:\yunxia\ai_langgraph\.venv\Lib\site-packages\sqlalchemy\orm\session.py", line 2249, in _execute_internal
    result: Result[Any] = compile_state_cls.orm_execute_statement(
                   │      │                 └ <classmethod(<function AbstractORMCompileState.orm_execute_statement at 0x000001EFEFA60040>)>
                   │      └ <class 'sqlalchemy.orm.context.ORMSelectCompileState'>
                   └ typing.Any
  File "D:\yunxia\ai_langgraph\.venv\Lib\site-packages\sqlalchemy\orm\context.py", line 306, in orm_execute_statement
    result = conn.execute(
             │    └ <function Connection.execute at 0x000001EFEF7DBE20>
             └ <sqlalchemy.engine.base.Connection object at 0x000001EF9535B7D0>
  File "D:\yunxia\ai_langgraph\.venv\Lib\site-packages\sqlalchemy\engine\base.py", line 1419, in execute
    return meth(
           └ <bound method ClauseElement._execute_on_connection of <sqlalchemy.sql.selectable.Select object at 0x000001EF95359190>>
  File "D:\yunxia\ai_langgraph\.venv\Lib\site-packages\sqlalchemy\sql\elements.py", line 527, in _execute_on_connection
    return connection._execute_clauseelement(
           │          └ <function Connection._execute_clauseelement at 0x000001EFEF7E4180>
           └ <sqlalchemy.engine.base.Connection object at 0x000001EF9535B7D0>
  File "D:\yunxia\ai_langgraph\.venv\Lib\site-packages\sqlalchemy\engine\base.py", line 1641, in _execute_clauseelement
    ret = self._execute_context(
          │    └ <function Connection._execute_context at 0x000001EFEF7E4360>
          └ <sqlalchemy.engine.base.Connection object at 0x000001EF9535B7D0>
  File "D:\yunxia\ai_langgraph\.venv\Lib\site-packages\sqlalchemy\engine\base.py", line 1846, in _execute_context
    return self._exec_single_context(
           │    └ <function Connection._exec_single_context at 0x000001EFEF7E4400>
           └ <sqlalchemy.engine.base.Connection object at 0x000001EF9535B7D0>
  File "D:\yunxia\ai_langgraph\.venv\Lib\site-packages\sqlalchemy\engine\base.py", line 1986, in _exec_single_context
    self._handle_dbapi_exception(
    │    └ <function Connection._handle_dbapi_exception at 0x000001EFEF7E4680>
    └ <sqlalchemy.engine.base.Connection object at 0x000001EF9535B7D0>
  File "D:\yunxia\ai_langgraph\.venv\Lib\site-packages\sqlalchemy\engine\base.py", line 2363, in _handle_dbapi_exception
    raise sqlalchemy_exception.with_traceback(exc_info[2]) from e
          │                    │              │                 └ OperationalError(2013, 'Lost connection to MySQL server during query ([WinError 10054] 远程主机强迫关闭了一个现有的连接。)')
          │                    │              └ (<class 'asyncmy.errors.OperationalError'>, OperationalError(2013, 'Lost connection to MySQL server during query ([WinError 1...
          │                    └ <method 'with_traceback' of 'BaseException' objects>
          └ OperationalError("(asyncmy.errors.OperationalError) (2013, 'Lost connection to MySQL server during query ([WinError 10054] 远程...
  File "D:\yunxia\ai_langgraph\.venv\Lib\site-packages\sqlalchemy\engine\base.py", line 1967, in _exec_single_context
    self.dialect.do_execute(
    │    │       └ <function DefaultDialect.do_execute at 0x000001EFEF8A4400>
    │    └ <sqlalchemy.dialects.mysql.asyncmy.MySQLDialect_asyncmy object at 0x000001EFEFCB7610>
    └ <sqlalchemy.engine.base.Connection object at 0x000001EF9535B7D0>
  File "D:\yunxia\ai_langgraph\.venv\Lib\site-packages\sqlalchemy\engine\default.py", line 952, in do_execute
    cursor.execute(statement, parameters)
    │      │       │          └ ('0', '0', 1)
    │      │       └ 'SELECT DISTINCT sys_user.user_id, sys_user.dept_id, sys_user.user_name, sys_user.nick_name, sys_user.user_type, sys_user.ema...
    │      └ <function AsyncAdapt_dbapi_cursor.execute at 0x000001EFEFD4D760>
    └ <sqlalchemy.dialects.mysql.asyncmy.AsyncAdapt_asyncmy_cursor object at 0x000001EF9532FF10>
  File "D:\yunxia\ai_langgraph\.venv\Lib\site-packages\sqlalchemy\connectors\asyncio.py", line 230, in execute
    self._adapt_connection._handle_exception(error)
    │    └ <member '_adapt_connection' of 'AsyncAdapt_dbapi_cursor' objects>
    └ <sqlalchemy.dialects.mysql.asyncmy.AsyncAdapt_asyncmy_cursor object at 0x000001EF9532FF10>
  File "D:\yunxia\ai_langgraph\.venv\Lib\site-packages\sqlalchemy\dialects\mysql\asyncmy.py", line 91, in _handle_exception
    raise error
          └ OperationalError(2013, 'Lost connection to MySQL server during query ([WinError 10054] 远程主机强迫关闭了一个现有的连接。)')
  File "D:\yunxia\ai_langgraph\.venv\Lib\site-packages\sqlalchemy\connectors\asyncio.py", line 228, in execute
    return self.await_(self._execute_async(operation, parameters))
           │    │      │    │              │          └ ('0', '0', 1)
           │    │      │    │              └ 'SELECT DISTINCT sys_user.user_id, sys_user.dept_id, sys_user.user_name, sys_user.nick_name, sys_user.user_type, sys_user.ema...
           │    │      │    └ <function AsyncAdapt_dbapi_cursor._execute_async at 0x000001EFEFD4D8A0>
           │    │      └ <sqlalchemy.dialects.mysql.asyncmy.AsyncAdapt_asyncmy_cursor object at 0x000001EF9532FF10>
           │    └ <member 'await_' of 'AsyncAdapt_dbapi_cursor' objects>
           └ <sqlalchemy.dialects.mysql.asyncmy.AsyncAdapt_asyncmy_cursor object at 0x000001EF9532FF10>
  File "D:\yunxia\ai_langgraph\.venv\Lib\site-packages\sqlalchemy\util\_concurrency_py3k.py", line 132, in await_only
    return current.parent.switch(awaitable)  # type: ignore[no-any-return,attr-defined] # noqa: E501
           │       │             └ <coroutine object AsyncAdapt_dbapi_cursor._execute_async at 0x000001EF95299C40>
           │       └ <attribute 'parent' of 'greenlet.greenlet' objects>
           └ <_AsyncIoGreenlet object at 0x000001EF95359B40 (otid=0x000001EFEE268D20) dead>
  File "D:\yunxia\ai_langgraph\.venv\Lib\site-packages\sqlalchemy\util\_concurrency_py3k.py", line 196, in greenlet_spawn
    value = await result
                  └ <Future finished exception=ConnectionResetError(10054, '远程主机强迫关闭了一个现有的连接。', None, 10054, None)>
  File "D:\yunxia\ai_langgraph\.venv\Lib\site-packages\sqlalchemy\connectors\asyncio.py", line 251, in _execute_async
    result = await self._cursor.execute(operation, parameters)
                   │    │               │          └ ('0', '0', 1)
                   │    │               └ 'SELECT DISTINCT sys_user.user_id, sys_user.dept_id, sys_user.user_name, sys_user.nick_name, sys_user.user_type, sys_user.ema...
                   │    └ <member '_cursor' of 'AsyncAdapt_dbapi_cursor' objects>
                   └ <sqlalchemy.dialects.mysql.asyncmy.AsyncAdapt_asyncmy_cursor object at 0x000001EF9532FF10>
  File "asyncmy\\cursors.pyx", line 179, in execute
    result = await self._query(query)
  File "asyncmy\\cursors.pyx", line 364, in _query
    await conn.query(q)
  File "asyncmy\\connection.pyx", line 496, in query
    await self._read_query_result(unbuffered=unbuffered)
  File "asyncmy\\connection.pyx", line 684, in _read_query_result
    await result.read()
  File "asyncmy\\connection.pyx", line 1071, in read
    first_packet = await self.connection.read_packet()
  File "asyncmy\\connection.pyx", line 619, in read_packet
    packet_header = await self._read_bytes(4)
  File "asyncmy\\connection.pyx", line 660, in _read_bytes
    raise errors.OperationalError(
          │      └ <class 'asyncmy.errors.OperationalError'>
          └ <module 'asyncmy.errors' from 'D:\\yunxia\\ai_langgraph\\.venv\\Lib\\site-packages\\asyncmy\\errors.cp311-win_amd64.pyd'>

sqlalchemy.exc.OperationalError: (asyncmy.errors.OperationalError) (2013, 'Lost connection to MySQL server during query ([WinError 10054] 远程主机强迫关闭了一个现有的连接。)')
[SQL: SELECT DISTINCT sys_user.user_id, sys_user.dept_id, sys_user.user_name, sys_user.nick_name, sys_user.user_type, sys_user.email, sys_user.phonenumber, sys_user.sex, sys_user.avatar, sys_user.password, sys_user.status, sys_user.del_flag, sys_user.login_ip, sys_user.login_date, sys_user.pwd_update_date, sys_user.create_by, sys_user.create_time, sys_user.update_by, sys_user.update_time, sys_user.remark 
FROM sys_user 
WHERE sys_user.status = %s AND sys_user.del_flag = %s AND sys_user.user_id = %s]
[parameters: ('0', '0', 1)]
(Background on this error at: https://sqlalche.me/e/20/e3q8)
ERROR:    Exception in ASGI application
Traceback (most recent call last):
  File "D:\yunxia\ai_langgraph\.venv\Lib\site-packages\sqlalchemy\connectors\asyncio.py", line 402, in terminate
    self.await_(asyncio.shield(self._terminate_graceful_close()))  # type: ignore[attr-defined] # noqa: E501
    ^^^^^^^^^^^^^^^^^^^^^^^^^^^^^^^^^^^^^^^^^^^^^^^^^^^^^^^^^^^^^
  File "D:\yunxia\ai_langgraph\.venv\Lib\site-packages\sqlalchemy\util\_concurrency_py3k.py", line 132, in await_only
    return current.parent.switch(awaitable)  # type: ignore[no-any-return,attr-defined] # noqa: E501
           ^^^^^^^^^^^^^^^^^^^^^^^^^^^^^^^^
  File "D:\yunxia\ai_langgraph\.venv\Lib\site-packages\sqlalchemy\util\_concurrency_py3k.py", line 196, in greenlet_spawn
    value = await result
            ^^^^^^^^^^^^
  File "D:\yunxia\ai_langgraph\.venv\Lib\site-packages\sqlalchemy\dialects\mysql\asyncmy.py", line 117, in _terminate_graceful_close
    await self._connection.ensure_closed()
  File "asyncmy\\connection.pyx", line 361, in ensure_closed
    await self._writer.drain()
  File "C:\Users\98214\AppData\Roaming\uv\python\cpython-3.11.13-windows-x86_64-none\Lib\asyncio\streams.py", line 380, in drain
    raise exc
  File "asyncmy\\connection.pyx", line 658, in asyncmy.connection.Connection._read_bytes
    data = await self._reader.readexactly(num_bytes)
  File "C:\Users\98214\AppData\Roaming\uv\python\cpython-3.11.13-windows-x86_64-none\Lib\asyncio\streams.py", line 750, in readexactly
    await self._wait_for_data('readexactly')
  File "C:\Users\98214\AppData\Roaming\uv\python\cpython-3.11.13-windows-x86_64-none\Lib\asyncio\streams.py", line 543, in _wait_for_data
    await self._waiter
  File "C:\Users\98214\AppData\Roaming\uv\python\cpython-3.11.13-windows-x86_64-none\Lib\asyncio\selector_events.py", line 999, in _read_ready__data_received
    data = self._sock.recv(self.max_size)
           ^^^^^^^^^^^^^^^^^^^^^^^^^^^^^^
ConnectionResetError: [WinError 10054] 远程主机强迫关闭了一个现有的连接。

During handling of the above exception, another exception occurred:

Traceback (most recent call last):
  File "D:\yunxia\ai_langgraph\.venv\Lib\site-packages\sqlalchemy\engine\base.py", line 1967, in _exec_single_context
    self.dialect.do_execute(
  File "D:\yunxia\ai_langgraph\.venv\Lib\site-packages\sqlalchemy\engine\default.py", line 952, in do_execute
    cursor.execute(statement, parameters)
  File "D:\yunxia\ai_langgraph\.venv\Lib\site-packages\sqlalchemy\connectors\asyncio.py", line 230, in execute
    self._adapt_connection._handle_exception(error)
  File "D:\yunxia\ai_langgraph\.venv\Lib\site-packages\sqlalchemy\dialects\mysql\asyncmy.py", line 91, in _handle_exception
    raise error
  File "D:\yunxia\ai_langgraph\.venv\Lib\site-packages\sqlalchemy\connectors\asyncio.py", line 228, in execute
    return self.await_(self._execute_async(operation, parameters))
           ^^^^^^^^^^^^^^^^^^^^^^^^^^^^^^^^^^^^^^^^^^^^^^^^^^^^^^^
  File "D:\yunxia\ai_langgraph\.venv\Lib\site-packages\sqlalchemy\util\_concurrency_py3k.py", line 132, in await_only
    return current.parent.switch(awaitable)  # type: ignore[no-any-return,attr-defined] # noqa: E501
           ^^^^^^^^^^^^^^^^^^^^^^^^^^^^^^^^
  File "D:\yunxia\ai_langgraph\.venv\Lib\site-packages\sqlalchemy\util\_concurrency_py3k.py", line 196, in greenlet_spawn
    value = await result
            ^^^^^^^^^^^^
  File "D:\yunxia\ai_langgraph\.venv\Lib\site-packages\sqlalchemy\connectors\asyncio.py", line 251, in _execute_async
    result = await self._cursor.execute(operation, parameters)
             ^^^^^^^^^^^^^^^^^^^^^^^^^^^^^^^^^^^^^^^^^^^^^^^^^
  File "asyncmy\\cursors.pyx", line 179, in execute
    result = await self._query(query)
  File "asyncmy\\cursors.pyx", line 364, in _query
    await conn.query(q)
  File "asyncmy\\connection.pyx", line 496, in query
    await self._read_query_result(unbuffered=unbuffered)
  File "asyncmy\\connection.pyx", line 684, in _read_query_result
    await result.read()
  File "asyncmy\\connection.pyx", line 1071, in read
    first_packet = await self.connection.read_packet()
  File "asyncmy\\connection.pyx", line 619, in read_packet
    packet_header = await self._read_bytes(4)
  File "asyncmy\\connection.pyx", line 660, in _read_bytes
    raise errors.OperationalError(
asyncmy.errors.OperationalError: (2013, 'Lost connection to MySQL server during query ([WinError 10054] 远程主机强迫关闭了一个现有的连接。)')

The above exception was the direct cause of the following exception:

Traceback (most recent call last):
  File "D:\yunxia\ai_langgraph\.venv\Lib\site-packages\uvicorn\protocols\http\httptools_impl.py", line 416, in run_asgi
    result = await app(  # type: ignore[func-returns-value]
             ^^^^^^^^^^^^^^^^^^^^^^^^^^^^^^^^^^^^^^^^^^^^^^
  File "D:\yunxia\ai_langgraph\.venv\Lib\site-packages\uvicorn\middleware\proxy_headers.py", line 60, in __call__
    return await self.app(scope, receive, send)
           ^^^^^^^^^^^^^^^^^^^^^^^^^^^^^^^^^^^^
  File "D:\yunxia\ai_langgraph\.venv\Lib\site-packages\fastapi\applications.py", line 1135, in __call__
    await super().__call__(scope, receive, send)
  File "D:\yunxia\ai_langgraph\.venv\Lib\site-packages\starlette\applications.py", line 107, in __call__
    await self.middleware_stack(scope, receive, send)
  File "D:\yunxia\ai_langgraph\.venv\Lib\site-packages\starlette\middleware\errors.py", line 186, in __call__
    raise exc
  File "D:\yunxia\ai_langgraph\.venv\Lib\site-packages\starlette\middleware\errors.py", line 164, in __call__
    await self.app(scope, receive, _send)
  File "D:\yunxia\ai_langgraph\RuoYi-Vue3-FastAPI\ruoyi-fastapi-backend\middlewares\trace_middleware\middle.py", line 42, in __call__
    await self.app(scope, handle_outgoing_receive, handle_outgoing_request)
  File "D:\yunxia\ai_langgraph\.venv\Lib\site-packages\starlette\middleware\gzip.py", line 29, in __call__
    await responder(scope, receive, send)
  File "D:\yunxia\ai_langgraph\.venv\Lib\site-packages\starlette\middleware\gzip.py", line 130, in __call__
    await super().__call__(scope, receive, send)
  File "D:\yunxia\ai_langgraph\.venv\Lib\site-packages\starlette\middleware\gzip.py", line 46, in __call__
    await self.app(scope, receive, self.send_with_compression)
  File "D:\yunxia\ai_langgraph\.venv\Lib\site-packages\starlette\middleware\cors.py", line 85, in __call__
    await self.app(scope, receive, send)
  File "D:\yunxia\ai_langgraph\.venv\Lib\site-packages\starlette\middleware\base.py", line 191, in __call__
    with recv_stream, send_stream, collapse_excgroups():
  File "C:\Users\98214\AppData\Roaming\uv\python\cpython-3.11.13-windows-x86_64-none\Lib\contextlib.py", line 158, in __exit__
    self.gen.throw(typ, value, traceback)
  File "D:\yunxia\ai_langgraph\.venv\Lib\site-packages\starlette\_utils.py", line 85, in collapse_excgroups
    raise exc
  File "D:\yunxia\ai_langgraph\.venv\Lib\site-packages\starlette\middleware\base.py", line 193, in __call__
    response = await self.dispatch_func(request, call_next)
               ^^^^^^^^^^^^^^^^^^^^^^^^^^^^^^^^^^^^^^^^^^^^
  File "D:\yunxia\ai_langgraph\RuoYi-Vue3-FastAPI\ruoyi-fastapi-backend\middlewares\context_middleware.py", line 17, in dispatch
    response = await call_next(request)
               ^^^^^^^^^^^^^^^^^^^^^^^^
  File "D:\yunxia\ai_langgraph\.venv\Lib\site-packages\starlette\middleware\base.py", line 168, in call_next
    raise app_exc from app_exc.__cause__ or app_exc.__context__
  File "D:\yunxia\ai_langgraph\.venv\Lib\site-packages\starlette\middleware\base.py", line 144, in coro
    await self.app(scope, receive_or_disconnect, send_no_error)
  File "D:\yunxia\ai_langgraph\.venv\Lib\site-packages\starlette\middleware\exceptions.py", line 63, in __call__
    await wrap_app_handling_exceptions(self.app, conn)(scope, receive, send)
  File "D:\yunxia\ai_langgraph\.venv\Lib\site-packages\starlette\_exception_handler.py", line 53, in wrapped_app
    raise exc
  File "D:\yunxia\ai_langgraph\.venv\Lib\site-packages\starlette\_exception_handler.py", line 42, in wrapped_app
    await app(scope, receive, sender)
  File "D:\yunxia\ai_langgraph\.venv\Lib\site-packages\fastapi\middleware\asyncexitstack.py", line 18, in __call__
    await self.app(scope, receive, send)
  File "D:\yunxia\ai_langgraph\.venv\Lib\site-packages\starlette\routing.py", line 716, in __call__
    await self.middleware_stack(scope, receive, send)
  File "D:\yunxia\ai_langgraph\.venv\Lib\site-packages\starlette\routing.py", line 736, in app
    await route.handle(scope, receive, send)
  File "D:\yunxia\ai_langgraph\.venv\Lib\site-packages\starlette\routing.py", line 290, in handle
    await self.app(scope, receive, send)
  File "D:\yunxia\ai_langgraph\.venv\Lib\site-packages\fastapi\routing.py", line 115, in app
    await wrap_app_handling_exceptions(app, request)(scope, receive, send)
  File "D:\yunxia\ai_langgraph\.venv\Lib\site-packages\starlette\_exception_handler.py", line 53, in wrapped_app
    raise exc
  File "D:\yunxia\ai_langgraph\.venv\Lib\site-packages\starlette\_exception_handler.py", line 42, in wrapped_app
    await app(scope, receive, sender)
  File "D:\yunxia\ai_langgraph\.venv\Lib\site-packages\fastapi\routing.py", line 101, in app
    response = await f(request)
               ^^^^^^^^^^^^^^^^
  File "D:\yunxia\ai_langgraph\.venv\Lib\site-packages\fastapi\routing.py", line 345, in app
    solved_result = await solve_dependencies(
                    ^^^^^^^^^^^^^^^^^^^^^^^^^
  File "D:\yunxia\ai_langgraph\.venv\Lib\site-packages\fastapi\dependencies\utils.py", line 643, in solve_dependencies
    solved = await call(**solved_result.values)
             ^^^^^^^^^^^^^^^^^^^^^^^^^^^^^^^^^^
  File "D:\yunxia\ai_langgraph\RuoYi-Vue3-FastAPI\ruoyi-fastapi-backend\common\aspect\pre_auth.py", line 124, in __call__
    current_user = await LoginService.get_current_user(request, token, db)
                   ^^^^^^^^^^^^^^^^^^^^^^^^^^^^^^^^^^^^^^^^^^^^^^^^^^^^^^^
  File "D:\yunxia\ai_langgraph\RuoYi-Vue3-FastAPI\ruoyi-fastapi-backend\module_admin\service\login_service.py", line 220, in get_current_user
    query_user = await UserDao.get_user_by_id(query_db, user_id=token_data.user_id)
                 ^^^^^^^^^^^^^^^^^^^^^^^^^^^^^^^^^^^^^^^^^^^^^^^^^^^^^^^^^^^^^^^^^^
  File "D:\yunxia\ai_langgraph\RuoYi-Vue3-FastAPI\ruoyi-fastapi-backend\module_admin\dao\user_dao.py", line 94, in get_user_by_id
    await db.execute(
  File "D:\yunxia\ai_langgraph\.venv\Lib\site-packages\sqlalchemy\ext\asyncio\session.py", line 449, in execute
    result = await greenlet_spawn(
             ^^^^^^^^^^^^^^^^^^^^^
  File "D:\yunxia\ai_langgraph\.venv\Lib\site-packages\sqlalchemy\util\_concurrency_py3k.py", line 201, in greenlet_spawn
    result = context.throw(*sys.exc_info())
             ^^^^^^^^^^^^^^^^^^^^^^^^^^^^^^
  File "D:\yunxia\ai_langgraph\.venv\Lib\site-packages\sqlalchemy\orm\session.py", line 2351, in execute
    return self._execute_internal(
           ^^^^^^^^^^^^^^^^^^^^^^^
  File "D:\yunxia\ai_langgraph\.venv\Lib\site-packages\sqlalchemy\orm\session.py", line 2249, in _execute_internal
    result: Result[Any] = compile_state_cls.orm_execute_statement(
                          ^^^^^^^^^^^^^^^^^^^^^^^^^^^^^^^^^^^^^^^^
  File "D:\yunxia\ai_langgraph\.venv\Lib\site-packages\sqlalchemy\orm\context.py", line 306, in orm_execute_statement
    result = conn.execute(
             ^^^^^^^^^^^^^
  File "D:\yunxia\ai_langgraph\.venv\Lib\site-packages\sqlalchemy\engine\base.py", line 1419, in execute
    return meth(
           ^^^^^
  File "D:\yunxia\ai_langgraph\.venv\Lib\site-packages\sqlalchemy\sql\elements.py", line 527, in _execute_on_connection
    return connection._execute_clauseelement(
           ^^^^^^^^^^^^^^^^^^^^^^^^^^^^^^^^^^
  File "D:\yunxia\ai_langgraph\.venv\Lib\site-packages\sqlalchemy\engine\base.py", line 1641, in _execute_clauseelement
    ret = self._execute_context(
          ^^^^^^^^^^^^^^^^^^^^^^
  File "D:\yunxia\ai_langgraph\.venv\Lib\site-packages\sqlalchemy\engine\base.py", line 1846, in _execute_context
    return self._exec_single_context(
           ^^^^^^^^^^^^^^^^^^^^^^^^^^
  File "D:\yunxia\ai_langgraph\.venv\Lib\site-packages\sqlalchemy\engine\base.py", line 1986, in _exec_single_context
    self._handle_dbapi_exception(
  File "D:\yunxia\ai_langgraph\.venv\Lib\site-packages\sqlalchemy\engine\base.py", line 2363, in _handle_dbapi_exception
    raise sqlalchemy_exception.with_traceback(exc_info[2]) from e
  File "D:\yunxia\ai_langgraph\.venv\Lib\site-packages\sqlalchemy\engine\base.py", line 1967, in _exec_single_context
    self.dialect.do_execute(
  File "D:\yunxia\ai_langgraph\.venv\Lib\site-packages\sqlalchemy\engine\default.py", line 952, in do_execute
    cursor.execute(statement, parameters)
  File "D:\yunxia\ai_langgraph\.venv\Lib\site-packages\sqlalchemy\connectors\asyncio.py", line 230, in execute
    self._adapt_connection._handle_exception(error)
  File "D:\yunxia\ai_langgraph\.venv\Lib\site-packages\sqlalchemy\dialects\mysql\asyncmy.py", line 91, in _handle_exception
    raise error
  File "D:\yunxia\ai_langgraph\.venv\Lib\site-packages\sqlalchemy\connectors\asyncio.py", line 228, in execute
    return self.await_(self._execute_async(operation, parameters))
           ^^^^^^^^^^^^^^^^^^^^^^^^^^^^^^^^^^^^^^^^^^^^^^^^^^^^^^^
  File "D:\yunxia\ai_langgraph\.venv\Lib\site-packages\sqlalchemy\util\_concurrency_py3k.py", line 132, in await_only
    return current.parent.switch(awaitable)  # type: ignore[no-any-return,attr-defined] # noqa: E501
           ^^^^^^^^^^^^^^^^^^^^^^^^^^^^^^^^
  File "D:\yunxia\ai_langgraph\.venv\Lib\site-packages\sqlalchemy\util\_concurrency_py3k.py", line 196, in greenlet_spawn
    value = await result
            ^^^^^^^^^^^^
  File "D:\yunxia\ai_langgraph\.venv\Lib\site-packages\sqlalchemy\connectors\asyncio.py", line 251, in _execute_async
    result = await self._cursor.execute(operation, parameters)
             ^^^^^^^^^^^^^^^^^^^^^^^^^^^^^^^^^^^^^^^^^^^^^^^^^
  File "asyncmy\\cursors.pyx", line 179, in execute
    result = await self._query(query)
  File "asyncmy\\cursors.pyx", line 364, in _query
    await conn.query(q)
  File "asyncmy\\connection.pyx", line 496, in query
    await self._read_query_result(unbuffered=unbuffered)
  File "asyncmy\\connection.pyx", line 684, in _read_query_result
    await result.read()
  File "asyncmy\\connection.pyx", line 1071, in read
    first_packet = await self.connection.read_packet()
  File "asyncmy\\connection.pyx", line 619, in read_packet
    packet_header = await self._read_bytes(4)
  File "asyncmy\\connection.pyx", line 660, in _read_bytes
    raise errors.OperationalError(
sqlalchemy.exc.OperationalError: (asyncmy.errors.OperationalError) (2013, 'Lost connection to MySQL server during query ([WinError 10054] 远程主机强迫关闭了一个现有的连接。)')
[SQL: SELECT DISTINCT sys_user.user_id, sys_user.dept_id, sys_user.user_name, sys_user.nick_name, sys_user.user_type, sys_user.email, sys_user.phonenumber, sys_user.sex, sys_user.avatar, sys_user.password, sys_user.status, sys_user.del_flag, sys_user.login_ip, sys_user.login_date, sys_user.pwd_update_date, sys_user.create_by, sys_user.create_time, sys_user.update_by, sys_user.update_time, sys_user.remark 
FROM sys_user 
WHERE sys_user.status = %s AND sys_user.del_flag = %s AND sys_user.user_id = %s]
[parameters: ('0', '0', 1)]
(Background on this error at: https://sqlalche.me/e/20/e3q8)
2025-12-31 20:30:24.640 | 19b86daf630147459b0e9301f96db6e0 | ERROR    | exceptions.handle:exception_handler:71 - (asyncmy.errors.OperationalError) (2013, 'Lost connection to MySQL server during query ([WinError 10054] 远程主机强迫关闭了一个现有的连接。)')
[SQL: SELECT DISTINCT sys_user.user_id, sys_user.dept_id, sys_user.user_name, sys_user.nick_name, sys_user.user_type, sys_user.email, sys_user.phonenumber, sys_user.sex, sys_user.avatar, sys_user.password, sys_user.status, sys_user.del_flag, sys_user.login_ip, sys_user.login_date, sys_user.pwd_update_date, sys_user.create_by, sys_user.create_time, sys_user.update_by, sys_user.update_time, sys_user.remark 
FROM sys_user 
WHERE sys_user.status = %s AND sys_user.del_flag = %s AND sys_user.user_id = %s]
[parameters: ('0', '0', 1)]
(Background on this error at: https://sqlalche.me/e/20/e3q8)
Traceback (most recent call last):

  File "D:\yunxia\ai_langgraph\.venv\Lib\site-packages\sqlalchemy\connectors\asyncio.py", line 402, in terminate
    self.await_(asyncio.shield(self._terminate_graceful_close()))  # type: ignore[attr-defined] # noqa: E501
    │    │      │       │      │    └ <function AsyncAdapt_asyncmy_connection._terminate_graceful_close at 0x000001EFEFD4FF60>
    │    │      │       │      └ <AdaptedConnection <asyncmy.connection.Connection object at 0x000001EFFFE4BAD0>>
    │    │      │       └ <function shield at 0x000001EFEC79F100>
    │    │      └ <module 'asyncio' from 'C:\\Users\\98214\\AppData\\Roaming\\uv\\python\\cpython-3.11.13-windows-x86_64-none\\Lib\\asyncio\\__...
    │    └ <staticmethod(<function await_only at 0x000001EFEE274F40>)>
    └ <AdaptedConnection <asyncmy.connection.Connection object at 0x000001EFFFE4BAD0>>
  File "D:\yunxia\ai_langgraph\.venv\Lib\site-packages\sqlalchemy\util\_concurrency_py3k.py", line 132, in await_only
    return current.parent.switch(awaitable)  # type: ignore[no-any-return,attr-defined] # noqa: E501
           │       │             └ <Future finished exception=ConnectionResetError(10054, '远程主机强迫关闭了一个现有的连接。', None, 10054, None)>
           │       └ <attribute 'parent' of 'greenlet.greenlet' objects>
           └ <_AsyncIoGreenlet object at 0x000001EF95277180 (otid=0x000001EFEE268D20) dead>
  File "D:\yunxia\ai_langgraph\.venv\Lib\site-packages\sqlalchemy\util\_concurrency_py3k.py", line 196, in greenlet_spawn
    value = await result
                  └ <Future finished exception=ConnectionResetError(10054, '远程主机强迫关闭了一个现有的连接。', None, 10054, None)>
  File "D:\yunxia\ai_langgraph\.venv\Lib\site-packages\sqlalchemy\dialects\mysql\asyncmy.py", line 117, in _terminate_graceful_close
    await self._connection.ensure_closed()
          │    └ <member '_connection' of 'AdaptedConnection' objects>
          └ <AdaptedConnection <asyncmy.connection.Connection object at 0x000001EFFFE4BAD0>>
  File "asyncmy\\connection.pyx", line 361, in ensure_closed
    await self._writer.drain()
  File "C:\Users\98214\AppData\Roaming\uv\python\cpython-3.11.13-windows-x86_64-none\Lib\asyncio\streams.py", line 380, in drain
    raise exc
          └ ConnectionResetError(10054, '远程主机强迫关闭了一个现有的连接。', None, 10054, None)
  File "asyncmy\\connection.pyx", line 658, in asyncmy.connection.Connection._read_bytes
    data = await self._reader.readexactly(num_bytes)
  File "C:\Users\98214\AppData\Roaming\uv\python\cpython-3.11.13-windows-x86_64-none\Lib\asyncio\streams.py", line 750, in readexactly
    await self._wait_for_data('readexactly')
          │    └ <function StreamReader._wait_for_data at 0x000001EFEC7F94E0>
          └ <StreamReader exception=ConnectionResetError(10054, '远程主机强迫关闭了一个现有的连接。', None, 10054, None) transport=<_SelectorSocketTranspo...
  File "C:\Users\98214\AppData\Roaming\uv\python\cpython-3.11.13-windows-x86_64-none\Lib\asyncio\streams.py", line 543, in _wait_for_data
    await self._waiter
          │    └ None
          └ <StreamReader exception=ConnectionResetError(10054, '远程主机强迫关闭了一个现有的连接。', None, 10054, None) transport=<_SelectorSocketTranspo...
  File "C:\Users\98214\AppData\Roaming\uv\python\cpython-3.11.13-windows-x86_64-none\Lib\asyncio\selector_events.py", line 999, in _read_ready__data_received
    data = self._sock.recv(self.max_size)
           │    │          │    └ 262144
           │    │          └ <_SelectorSocketTransport closed fd=2664>
           │    └ None
           └ <_SelectorSocketTransport closed fd=2664>

ConnectionResetError: [WinError 10054] 远程主机强迫关闭了一个现有的连接。


During handling of the above exception, another exception occurred:


Traceback (most recent call last):

  File "D:\yunxia\ai_langgraph\.venv\Lib\site-packages\sqlalchemy\engine\base.py", line 1967, in _exec_single_context
    self.dialect.do_execute(
    │    │       └ <function DefaultDialect.do_execute at 0x000001EFEF8A4400>
    │    └ <sqlalchemy.dialects.mysql.asyncmy.MySQLDialect_asyncmy object at 0x000001EFEFCB7610>
    └ <sqlalchemy.engine.base.Connection object at 0x000001EF94257990>
  File "D:\yunxia\ai_langgraph\.venv\Lib\site-packages\sqlalchemy\engine\default.py", line 952, in do_execute
    cursor.execute(statement, parameters)
    │      │       │          └ ('0', '0', 1)
    │      │       └ 'SELECT DISTINCT sys_user.user_id, sys_user.dept_id, sys_user.user_name, sys_user.nick_name, sys_user.user_type, sys_user.ema...
    │      └ <function AsyncAdapt_dbapi_cursor.execute at 0x000001EFEFD4D760>
    └ <sqlalchemy.dialects.mysql.asyncmy.AsyncAdapt_asyncmy_cursor object at 0x000001EF9532EED0>
  File "D:\yunxia\ai_langgraph\.venv\Lib\site-packages\sqlalchemy\connectors\asyncio.py", line 230, in execute
    self._adapt_connection._handle_exception(error)
    │    └ <member '_adapt_connection' of 'AsyncAdapt_dbapi_cursor' objects>
    └ <sqlalchemy.dialects.mysql.asyncmy.AsyncAdapt_asyncmy_cursor object at 0x000001EF9532EED0>
  File "D:\yunxia\ai_langgraph\.venv\Lib\site-packages\sqlalchemy\dialects\mysql\asyncmy.py", line 91, in _handle_exception
    raise error
          └ OperationalError(2013, 'Lost connection to MySQL server during query ([WinError 10054] 远程主机强迫关闭了一个现有的连接。)')
  File "D:\yunxia\ai_langgraph\.venv\Lib\site-packages\sqlalchemy\connectors\asyncio.py", line 228, in execute
    return self.await_(self._execute_async(operation, parameters))
           │    │      │    │              │          └ ('0', '0', 1)
           │    │      │    │              └ 'SELECT DISTINCT sys_user.user_id, sys_user.dept_id, sys_user.user_name, sys_user.nick_name, sys_user.user_type, sys_user.ema...
           │    │      │    └ <function AsyncAdapt_dbapi_cursor._execute_async at 0x000001EFEFD4D8A0>
           │    │      └ <sqlalchemy.dialects.mysql.asyncmy.AsyncAdapt_asyncmy_cursor object at 0x000001EF9532EED0>
           │    └ <member 'await_' of 'AsyncAdapt_dbapi_cursor' objects>
           └ <sqlalchemy.dialects.mysql.asyncmy.AsyncAdapt_asyncmy_cursor object at 0x000001EF9532EED0>
  File "D:\yunxia\ai_langgraph\.venv\Lib\site-packages\sqlalchemy\util\_concurrency_py3k.py", line 132, in await_only
    return current.parent.switch(awaitable)  # type: ignore[no-any-return,attr-defined] # noqa: E501
           │       │             └ <coroutine object AsyncAdapt_dbapi_cursor._execute_async at 0x000001EF9423A640>
           │       └ <attribute 'parent' of 'greenlet.greenlet' objects>
           └ <_AsyncIoGreenlet object at 0x000001EF95277180 (otid=0x000001EFEE268D20) dead>
  File "D:\yunxia\ai_langgraph\.venv\Lib\site-packages\sqlalchemy\util\_concurrency_py3k.py", line 196, in greenlet_spawn
    value = await result
                  └ <Future finished exception=ConnectionResetError(10054, '远程主机强迫关闭了一个现有的连接。', None, 10054, None)>
  File "D:\yunxia\ai_langgraph\.venv\Lib\site-packages\sqlalchemy\connectors\asyncio.py", line 251, in _execute_async
    result = await self._cursor.execute(operation, parameters)
                   │    │               │          └ ('0', '0', 1)
                   │    │               └ 'SELECT DISTINCT sys_user.user_id, sys_user.dept_id, sys_user.user_name, sys_user.nick_name, sys_user.user_type, sys_user.ema...
                   │    └ <member '_cursor' of 'AsyncAdapt_dbapi_cursor' objects>
                   └ <sqlalchemy.dialects.mysql.asyncmy.AsyncAdapt_asyncmy_cursor object at 0x000001EF9532EED0>
  File "asyncmy\\cursors.pyx", line 179, in execute
    result = await self._query(query)
  File "asyncmy\\cursors.pyx", line 364, in _query
    await conn.query(q)
  File "asyncmy\\connection.pyx", line 496, in query
    await self._read_query_result(unbuffered=unbuffered)
  File "asyncmy\\connection.pyx", line 684, in _read_query_result
    await result.read()
  File "asyncmy\\connection.pyx", line 1071, in read
    first_packet = await self.connection.read_packet()
  File "asyncmy\\connection.pyx", line 619, in read_packet
    packet_header = await self._read_bytes(4)
  File "asyncmy\\connection.pyx", line 660, in _read_bytes
    raise errors.OperationalError(
          │      └ <class 'asyncmy.errors.OperationalError'>
          └ <module 'asyncmy.errors' from 'D:\\yunxia\\ai_langgraph\\.venv\\Lib\\site-packages\\asyncmy\\errors.cp311-win_amd64.pyd'>

asyncmy.errors.OperationalError: (2013, 'Lost connection to MySQL server during query ([WinError 10054] 远程主机强迫关闭了一个现有的连接。)')


The above exception was the direct cause of the following exception:


Traceback (most recent call last):

  File "<string>", line 1, in <module>
  File "C:\Users\98214\AppData\Roaming\uv\python\cpython-3.11.13-windows-x86_64-none\Lib\multiprocessing\spawn.py", line 122, in spawn_main
    exitcode = _main(fd, parent_sentinel)
               │     │   └ 344
               │     └ 3
               └ <function _main at 0x000001EFEAD8A0C0>
  File "C:\Users\98214\AppData\Roaming\uv\python\cpython-3.11.13-windows-x86_64-none\Lib\multiprocessing\spawn.py", line 135, in _main
    return self._bootstrap(parent_sentinel)
           │    │          └ 344
           │    └ <function BaseProcess._bootstrap at 0x000001EFEAAD0D60>
           └ <SpawnProcess name='SpawnProcess-2' parent=73032 started>
  File "C:\Users\98214\AppData\Roaming\uv\python\cpython-3.11.13-windows-x86_64-none\Lib\multiprocessing\process.py", line 314, in _bootstrap
    self.run()
    │    └ <function BaseProcess.run at 0x000001EFEAAD02C0>
    └ <SpawnProcess name='SpawnProcess-2' parent=73032 started>
  File "C:\Users\98214\AppData\Roaming\uv\python\cpython-3.11.13-windows-x86_64-none\Lib\multiprocessing\process.py", line 108, in run
    self._target(*self._args, **self._kwargs)
    │    │        │    │        │    └ {'config': <uvicorn.config.Config object at 0x000001EFEAD64510>, 'target': <bound method Server.run of <uvicorn.server.Server...
    │    │        │    │        └ <SpawnProcess name='SpawnProcess-2' parent=73032 started>
    │    │        │    └ ()
    │    │        └ <SpawnProcess name='SpawnProcess-2' parent=73032 started>
    │    └ <function subprocess_started at 0x000001EFECED1760>
    └ <SpawnProcess name='SpawnProcess-2' parent=73032 started>
  File "D:\yunxia\ai_langgraph\.venv\Lib\site-packages\uvicorn\_subprocess.py", line 80, in subprocess_started
    target(sockets=sockets)
    │              └ [<socket.socket fd=892, family=2, type=1, proto=6, laddr=('0.0.0.0', 9199)>]
    └ <bound method Server.run of <uvicorn.server.Server object at 0x000001EFED0621D0>>
  File "D:\yunxia\ai_langgraph\.venv\Lib\site-packages\uvicorn\server.py", line 67, in run
    return asyncio_run(self.serve(sockets=sockets), loop_factory=self.config.get_loop_factory())
           │           │    │             │                      │    │      └ <function Config.get_loop_factory at 0x000001EFECE71800>
           │           │    │             │                      │    └ <uvicorn.config.Config object at 0x000001EFEAD64510>
           │           │    │             │                      └ <uvicorn.server.Server object at 0x000001EFED0621D0>
           │           │    │             └ [<socket.socket fd=892, family=2, type=1, proto=6, laddr=('0.0.0.0', 9199)>]
           │           │    └ <function Server.serve at 0x000001EFECED0400>
           │           └ <uvicorn.server.Server object at 0x000001EFED0621D0>
           └ <function asyncio_run at 0x000001EFECE35B20>
  File "D:\yunxia\ai_langgraph\.venv\Lib\site-packages\uvicorn\_compat.py", line 30, in asyncio_run
    return runner.run(main)
           │      │   └ <coroutine object Server.serve at 0x000001EFED03C9A0>
           │      └ <function Runner.run at 0x000001EFEC7DE2A0>
           └ <asyncio.runners.Runner object at 0x000001EFED0618D0>
  File "C:\Users\98214\AppData\Roaming\uv\python\cpython-3.11.13-windows-x86_64-none\Lib\asyncio\runners.py", line 118, in run
    return self._loop.run_until_complete(task)
           │    │     │                  └ <Task pending name='Task-1' coro=<Server.serve() running at D:\yunxia\ai_langgraph\.venv\Lib\site-packages\uvicorn\server.py:...
           │    │     └ <function BaseEventLoop.run_until_complete at 0x000001EFEC7CFD80>
           │    └ <_WindowsSelectorEventLoop running=True closed=False debug=False>
           └ <asyncio.runners.Runner object at 0x000001EFED0618D0>
  File "C:\Users\98214\AppData\Roaming\uv\python\cpython-3.11.13-windows-x86_64-none\Lib\asyncio\base_events.py", line 641, in run_until_complete
    self.run_forever()
    │    └ <function BaseEventLoop.run_forever at 0x000001EFEC7CFCE0>
    └ <_WindowsSelectorEventLoop running=True closed=False debug=False>
  File "C:\Users\98214\AppData\Roaming\uv\python\cpython-3.11.13-windows-x86_64-none\Lib\asyncio\base_events.py", line 608, in run_forever
    self._run_once()
    │    └ <function BaseEventLoop._run_once at 0x000001EFEC7DDB20>
    └ <_WindowsSelectorEventLoop running=True closed=False debug=False>
  File "C:\Users\98214\AppData\Roaming\uv\python\cpython-3.11.13-windows-x86_64-none\Lib\asyncio\base_events.py", line 1936, in _run_once
    handle._run()
    │      └ <function Handle._run at 0x000001EFEC6F7060>
    └ <Handle Task.task_wakeup(<Future finished result=None>)>
  File "C:\Users\98214\AppData\Roaming\uv\python\cpython-3.11.13-windows-x86_64-none\Lib\asyncio\events.py", line 84, in _run
    self._context.run(self._callback, *self._args)
    │    │            │    │           │    └ <member '_args' of 'Handle' objects>
    │    │            │    │           └ <Handle Task.task_wakeup(<Future finished result=None>)>
    │    │            │    └ <member '_callback' of 'Handle' objects>
    │    │            └ <Handle Task.task_wakeup(<Future finished result=None>)>
    │    └ <member '_context' of 'Handle' objects>
    └ <Handle Task.task_wakeup(<Future finished result=None>)>
  File "D:\yunxia\ai_langgraph\.venv\Lib\site-packages\uvicorn\protocols\http\httptools_impl.py", line 416, in run_asgi
    result = await app(  # type: ignore[func-returns-value]
                   └ <uvicorn.middleware.proxy_headers.ProxyHeadersMiddleware object at 0x000001EF93C33D50>
  File "D:\yunxia\ai_langgraph\.venv\Lib\site-packages\uvicorn\middleware\proxy_headers.py", line 60, in __call__
    return await self.app(scope, receive, send)
                 │    │   │      │        └ <bound method RequestResponseCycle.send of <uvicorn.protocols.http.httptools_impl.RequestResponseCycle object at 0x000001EF95...
                 │    │   │      └ <bound method RequestResponseCycle.receive of <uvicorn.protocols.http.httptools_impl.RequestResponseCycle object at 0x000001E...
                 │    │   └ {'type': 'http', 'asgi': {'version': '3.0', 'spec_version': '2.3'}, 'http_version': '1.1', 'server': ('127.0.0.1', 9199), 'cl...
                 │    └ <fastapi.applications.FastAPI object at 0x000001EFED229290>
                 └ <uvicorn.middleware.proxy_headers.ProxyHeadersMiddleware object at 0x000001EF93C33D50>
  File "D:\yunxia\ai_langgraph\.venv\Lib\site-packages\fastapi\applications.py", line 1135, in __call__
    await super().__call__(scope, receive, send)
                           │      │        └ <bound method RequestResponseCycle.send of <uvicorn.protocols.http.httptools_impl.RequestResponseCycle object at 0x000001EF95...
                           │      └ <bound method RequestResponseCycle.receive of <uvicorn.protocols.http.httptools_impl.RequestResponseCycle object at 0x000001E...
                           └ {'type': 'http', 'asgi': {'version': '3.0', 'spec_version': '2.3'}, 'http_version': '1.1', 'server': ('127.0.0.1', 9199), 'cl...
  File "D:\yunxia\ai_langgraph\.venv\Lib\site-packages\starlette\applications.py", line 107, in __call__
    await self.middleware_stack(scope, receive, send)
          │    │                │      │        └ <bound method RequestResponseCycle.send of <uvicorn.protocols.http.httptools_impl.RequestResponseCycle object at 0x000001EF95...
          │    │                │      └ <bound method RequestResponseCycle.receive of <uvicorn.protocols.http.httptools_impl.RequestResponseCycle object at 0x000001E...
          │    │                └ {'type': 'http', 'asgi': {'version': '3.0', 'spec_version': '2.3'}, 'http_version': '1.1', 'server': ('127.0.0.1', 9199), 'cl...
          │    └ <starlette.middleware.errors.ServerErrorMiddleware object at 0x000001EF93BF5210>
          └ <fastapi.applications.FastAPI object at 0x000001EFED229290>
> File "D:\yunxia\ai_langgraph\.venv\Lib\site-packages\starlette\middleware\errors.py", line 164, in __call__
    await self.app(scope, receive, _send)
          │    │   │      │        └ <function ServerErrorMiddleware.__call__.<locals>._send at 0x000001EF9528FC40>
          │    │   │      └ <bound method RequestResponseCycle.receive of <uvicorn.protocols.http.httptools_impl.RequestResponseCycle object at 0x000001E...
          │    │   └ {'type': 'http', 'asgi': {'version': '3.0', 'spec_version': '2.3'}, 'http_version': '1.1', 'server': ('127.0.0.1', 9199), 'cl...
          │    └ <middlewares.trace_middleware.middle.TraceASGIMiddleware object at 0x000001EF93888150>
          └ <starlette.middleware.errors.ServerErrorMiddleware object at 0x000001EF93BF5210>

  File "D:\yunxia\ai_langgraph\RuoYi-Vue3-FastAPI\ruoyi-fastapi-backend\middlewares\trace_middleware\middle.py", line 42, in __call__
    await self.app(scope, handle_outgoing_receive, handle_outgoing_request)
          │    │   │      │                        └ <function TraceASGIMiddleware.__call__.<locals>.handle_outgoing_request at 0x000001EF95317B00>
          │    │   │      └ <function RequestResponseCycle.receive at 0x000001EF953172E0>
          │    │   └ {'type': 'http', 'asgi': {'version': '3.0', 'spec_version': '2.3'}, 'http_version': '1.1', 'server': ('127.0.0.1', 9199), 'cl...
          │    └ <starlette.middleware.gzip.GZipMiddleware object at 0x000001EF93C102D0>
          └ <middlewares.trace_middleware.middle.TraceASGIMiddleware object at 0x000001EF93888150>

  File "D:\yunxia\ai_langgraph\.venv\Lib\site-packages\starlette\middleware\gzip.py", line 29, in __call__
    await responder(scope, receive, send)
          │         │      │        └ <function TraceASGIMiddleware.__call__.<locals>.handle_outgoing_request at 0x000001EF95317B00>
          │         │      └ <function RequestResponseCycle.receive at 0x000001EF953172E0>
          │         └ {'type': 'http', 'asgi': {'version': '3.0', 'spec_version': '2.3'}, 'http_version': '1.1', 'server': ('127.0.0.1', 9199), 'cl...
          └ <starlette.middleware.gzip.GZipResponder object at 0x000001EF952AB1D0>
  File "D:\yunxia\ai_langgraph\.venv\Lib\site-packages\starlette\middleware\gzip.py", line 130, in __call__
    await super().__call__(scope, receive, send)
                           │      │        └ <function TraceASGIMiddleware.__call__.<locals>.handle_outgoing_request at 0x000001EF95317B00>
                           │      └ <function RequestResponseCycle.receive at 0x000001EF953172E0>
                           └ {'type': 'http', 'asgi': {'version': '3.0', 'spec_version': '2.3'}, 'http_version': '1.1', 'server': ('127.0.0.1', 9199), 'cl...
  File "D:\yunxia\ai_langgraph\.venv\Lib\site-packages\starlette\middleware\gzip.py", line 46, in __call__
    await self.app(scope, receive, self.send_with_compression)
          │    │   │      │        │    └ <function IdentityResponder.send_with_compression at 0x000001EFFFE4CCC0>
          │    │   │      │        └ <starlette.middleware.gzip.GZipResponder object at 0x000001EF952AB1D0>
          │    │   │      └ <function RequestResponseCycle.receive at 0x000001EF953172E0>
          │    │   └ {'type': 'http', 'asgi': {'version': '3.0', 'spec_version': '2.3'}, 'http_version': '1.1', 'server': ('127.0.0.1', 9199), 'cl...
          │    └ <starlette.middleware.cors.CORSMiddleware object at 0x000001EF93AAA7D0>
          └ <starlette.middleware.gzip.GZipResponder object at 0x000001EF952AB1D0>
  File "D:\yunxia\ai_langgraph\.venv\Lib\site-packages\starlette\middleware\cors.py", line 85, in __call__
    await self.app(scope, receive, send)
          │    │   │      │        └ <bound method IdentityResponder.send_with_compression of <starlette.middleware.gzip.GZipResponder object at 0x000001EF952AB1D0>>
          │    │   │      └ <function RequestResponseCycle.receive at 0x000001EF953172E0>
          │    │   └ {'type': 'http', 'asgi': {'version': '3.0', 'spec_version': '2.3'}, 'http_version': '1.1', 'server': ('127.0.0.1', 9199), 'cl...
          │    └ <middlewares.context_middleware.ContextCleanupMiddleware object at 0x000001EF93BCBD10>
          └ <starlette.middleware.cors.CORSMiddleware object at 0x000001EF93AAA7D0>
  File "D:\yunxia\ai_langgraph\.venv\Lib\site-packages\starlette\middleware\base.py", line 191, in __call__
    with recv_stream, send_stream, collapse_excgroups():
         │            │            └ <function collapse_excgroups at 0x000001EFEE0B1A80>
         │            └ MemoryObjectSendStream(_state=_MemoryObjectStreamState(max_buffer_size=0, buffer=deque([]), open_send_channels=0, open_receiv...
         └ MemoryObjectReceiveStream(_state=_MemoryObjectStreamState(max_buffer_size=0, buffer=deque([]), open_send_channels=0, open_rec...
  File "C:\Users\98214\AppData\Roaming\uv\python\cpython-3.11.13-windows-x86_64-none\Lib\contextlib.py", line 158, in __exit__
    self.gen.throw(typ, value, traceback)
    │    │   │     │    │      └ <traceback object at 0x000001EF95359680>
    │    │   │     │    └ ExceptionGroup('unhandled errors in a TaskGroup', [OperationalError("(asyncmy.errors.OperationalError) (2013, 'Lost connectio...
    │    │   │     └ <class 'ExceptionGroup'>
    │    │   └ <method 'throw' of 'generator' objects>
    │    └ <generator object collapse_excgroups at 0x000001EF952FA0A0>
    └ <contextlib._GeneratorContextManager object at 0x000001EF952A9E10>
  File "D:\yunxia\ai_langgraph\.venv\Lib\site-packages\starlette\_utils.py", line 85, in collapse_excgroups
    raise exc
  File "D:\yunxia\ai_langgraph\.venv\Lib\site-packages\starlette\middleware\base.py", line 193, in __call__
    response = await self.dispatch_func(request, call_next)
                     │    │             │        └ <function BaseHTTPMiddleware.__call__.<locals>.call_next at 0x000001EF953176A0>
                     │    │             └ <starlette.middleware.base._CachedRequest object at 0x000001EF952AA650>
                     │    └ <bound method ContextCleanupMiddleware.dispatch of <middlewares.context_middleware.ContextCleanupMiddleware object at 0x00000...
                     └ <middlewares.context_middleware.ContextCleanupMiddleware object at 0x000001EF93BCBD10>

  File "D:\yunxia\ai_langgraph\RuoYi-Vue3-FastAPI\ruoyi-fastapi-backend\middlewares\context_middleware.py", line 17, in dispatch
    response = await call_next(request)
                     │         └ <starlette.middleware.base._CachedRequest object at 0x000001EF952AA650>
                     └ <function BaseHTTPMiddleware.__call__.<locals>.call_next at 0x000001EF953176A0>

  File "D:\yunxia\ai_langgraph\.venv\Lib\site-packages\starlette\middleware\base.py", line 168, in call_next
    raise app_exc from app_exc.__cause__ or app_exc.__context__
          │            │       │            │       └ <attribute '__context__' of 'BaseException' objects>
          │            │       │            └ OperationalError("(asyncmy.errors.OperationalError) (2013, 'Lost connection to MySQL server during query ([WinError 10054] 远程...
          │            │       └ <attribute '__cause__' of 'BaseException' objects>
          │            └ OperationalError("(asyncmy.errors.OperationalError) (2013, 'Lost connection to MySQL server during query ([WinError 10054] 远程...
          └ OperationalError("(asyncmy.errors.OperationalError) (2013, 'Lost connection to MySQL server during query ([WinError 10054] 远程...
  File "D:\yunxia\ai_langgraph\.venv\Lib\site-packages\starlette\middleware\base.py", line 144, in coro
    await self.app(scope, receive_or_disconnect, send_no_error)
          │    │   │      │                      └ <function BaseHTTPMiddleware.__call__.<locals>.call_next.<locals>.send_no_error at 0x000001EF95263560>
          │    │   │      └ <function BaseHTTPMiddleware.__call__.<locals>.call_next.<locals>.receive_or_disconnect at 0x000001EF95260860>
          │    │   └ {'type': 'http', 'asgi': {'version': '3.0', 'spec_version': '2.3'}, 'http_version': '1.1', 'server': ('127.0.0.1', 9199), 'cl...
          │    └ <starlette.middleware.exceptions.ExceptionMiddleware object at 0x000001EF93BE75D0>
          └ <middlewares.context_middleware.ContextCleanupMiddleware object at 0x000001EF93BCBD10>
  File "D:\yunxia\ai_langgraph\.venv\Lib\site-packages\starlette\middleware\exceptions.py", line 63, in __call__
    await wrap_app_handling_exceptions(self.app, conn)(scope, receive, send)
          │                            │    │    │     │      │        └ <function BaseHTTPMiddleware.__call__.<locals>.call_next.<locals>.send_no_error at 0x000001EF95263560>
          │                            │    │    │     │      └ <function BaseHTTPMiddleware.__call__.<locals>.call_next.<locals>.receive_or_disconnect at 0x000001EF95260860>
          │                            │    │    │     └ {'type': 'http', 'asgi': {'version': '3.0', 'spec_version': '2.3'}, 'http_version': '1.1', 'server': ('127.0.0.1', 9199), 'cl...
          │                            │    │    └ <starlette.requests.Request object at 0x000001EF952A8850>
          │                            │    └ <fastapi.middleware.asyncexitstack.AsyncExitStackMiddleware object at 0x000001EF93A75410>
          │                            └ <starlette.middleware.exceptions.ExceptionMiddleware object at 0x000001EF93BE75D0>
          └ <function wrap_app_handling_exceptions at 0x000001EFEE13D8A0>
  File "D:\yunxia\ai_langgraph\.venv\Lib\site-packages\starlette\_exception_handler.py", line 53, in wrapped_app
    raise exc
  File "D:\yunxia\ai_langgraph\.venv\Lib\site-packages\starlette\_exception_handler.py", line 42, in wrapped_app
    await app(scope, receive, sender)
          │   │      │        └ <function wrap_app_handling_exceptions.<locals>.wrapped_app.<locals>.sender at 0x000001EF952FECA0>
          │   │      └ <function BaseHTTPMiddleware.__call__.<locals>.call_next.<locals>.receive_or_disconnect at 0x000001EF95260860>
          │   └ {'type': 'http', 'asgi': {'version': '3.0', 'spec_version': '2.3'}, 'http_version': '1.1', 'server': ('127.0.0.1', 9199), 'cl...
          └ <fastapi.middleware.asyncexitstack.AsyncExitStackMiddleware object at 0x000001EF93A75410>
  File "D:\yunxia\ai_langgraph\.venv\Lib\site-packages\fastapi\middleware\asyncexitstack.py", line 18, in __call__
    await self.app(scope, receive, send)
          │    │   │      │        └ <function wrap_app_handling_exceptions.<locals>.wrapped_app.<locals>.sender at 0x000001EF952FECA0>
          │    │   │      └ <function BaseHTTPMiddleware.__call__.<locals>.call_next.<locals>.receive_or_disconnect at 0x000001EF95260860>
          │    │   └ {'type': 'http', 'asgi': {'version': '3.0', 'spec_version': '2.3'}, 'http_version': '1.1', 'server': ('127.0.0.1', 9199), 'cl...
          │    └ <fastapi.routing.APIRouter object at 0x000001EFFF73CE50>
          └ <fastapi.middleware.asyncexitstack.AsyncExitStackMiddleware object at 0x000001EF93A75410>
  File "D:\yunxia\ai_langgraph\.venv\Lib\site-packages\starlette\routing.py", line 716, in __call__
    await self.middleware_stack(scope, receive, send)
          │    │                │      │        └ <function wrap_app_handling_exceptions.<locals>.wrapped_app.<locals>.sender at 0x000001EF952FECA0>
          │    │                │      └ <function BaseHTTPMiddleware.__call__.<locals>.call_next.<locals>.receive_or_disconnect at 0x000001EF95260860>
          │    │                └ {'type': 'http', 'asgi': {'version': '3.0', 'spec_version': '2.3'}, 'http_version': '1.1', 'server': ('127.0.0.1', 9199), 'cl...
          │    └ <bound method Router.app of <fastapi.routing.APIRouter object at 0x000001EFFF73CE50>>
          └ <fastapi.routing.APIRouter object at 0x000001EFFF73CE50>
  File "D:\yunxia\ai_langgraph\.venv\Lib\site-packages\starlette\routing.py", line 736, in app
    await route.handle(scope, receive, send)
          │     │      │      │        └ <function wrap_app_handling_exceptions.<locals>.wrapped_app.<locals>.sender at 0x000001EF952FECA0>
          │     │      │      └ <function BaseHTTPMiddleware.__call__.<locals>.call_next.<locals>.receive_or_disconnect at 0x000001EF95260860>
          │     │      └ {'type': 'http', 'asgi': {'version': '3.0', 'spec_version': '2.3'}, 'http_version': '1.1', 'server': ('127.0.0.1', 9199), 'cl...
          │     └ <function Route.handle at 0x000001EFEE13EF20>
          └ APIRoute(path='/testing/requirement/list', name='get_requirement_list', methods=['GET'])
  File "D:\yunxia\ai_langgraph\.venv\Lib\site-packages\starlette\routing.py", line 290, in handle
    await self.app(scope, receive, send)
          │    │   │      │        └ <function wrap_app_handling_exceptions.<locals>.wrapped_app.<locals>.sender at 0x000001EF952FECA0>
          │    │   │      └ <function BaseHTTPMiddleware.__call__.<locals>.call_next.<locals>.receive_or_disconnect at 0x000001EF95260860>
          │    │   └ {'type': 'http', 'asgi': {'version': '3.0', 'spec_version': '2.3'}, 'http_version': '1.1', 'server': ('127.0.0.1', 9199), 'cl...
          │    └ <function request_response.<locals>.app at 0x000001EF93CB6660>
          └ APIRoute(path='/testing/requirement/list', name='get_requirement_list', methods=['GET'])
  File "D:\yunxia\ai_langgraph\.venv\Lib\site-packages\fastapi\routing.py", line 115, in app
    await wrap_app_handling_exceptions(app, request)(scope, receive, send)
          │                            │    │        │      │        └ <function wrap_app_handling_exceptions.<locals>.wrapped_app.<locals>.sender at 0x000001EF952FECA0>
          │                            │    │        │      └ <function BaseHTTPMiddleware.__call__.<locals>.call_next.<locals>.receive_or_disconnect at 0x000001EF95260860>
          │                            │    │        └ {'type': 'http', 'asgi': {'version': '3.0', 'spec_version': '2.3'}, 'http_version': '1.1', 'server': ('127.0.0.1', 9199), 'cl...
          │                            │    └ <starlette.requests.Request object at 0x000001EF952AB990>
          │                            └ <function request_response.<locals>.app.<locals>.app at 0x000001EF952FE2A0>
          └ <function wrap_app_handling_exceptions at 0x000001EFEE13D8A0>
  File "D:\yunxia\ai_langgraph\.venv\Lib\site-packages\starlette\_exception_handler.py", line 53, in wrapped_app
    raise exc
  File "D:\yunxia\ai_langgraph\.venv\Lib\site-packages\starlette\_exception_handler.py", line 42, in wrapped_app
    await app(scope, receive, sender)
          │   │      │        └ <function wrap_app_handling_exceptions.<locals>.wrapped_app.<locals>.sender at 0x000001EF952FE200>
          │   │      └ <function BaseHTTPMiddleware.__call__.<locals>.call_next.<locals>.receive_or_disconnect at 0x000001EF95260860>
          │   └ {'type': 'http', 'asgi': {'version': '3.0', 'spec_version': '2.3'}, 'http_version': '1.1', 'server': ('127.0.0.1', 9199), 'cl...
          └ <function request_response.<locals>.app.<locals>.app at 0x000001EF952FE2A0>
  File "D:\yunxia\ai_langgraph\.venv\Lib\site-packages\fastapi\routing.py", line 101, in app
    response = await f(request)
                     │ └ <starlette.requests.Request object at 0x000001EF952AB990>
                     └ <function get_request_handler.<locals>.app at 0x000001EF93CB65C0>
  File "D:\yunxia\ai_langgraph\.venv\Lib\site-packages\fastapi\routing.py", line 345, in app
    solved_result = await solve_dependencies(
                          └ <function solve_dependencies at 0x000001EFEE11ECA0>
  File "D:\yunxia\ai_langgraph\.venv\Lib\site-packages\fastapi\dependencies\utils.py", line 643, in solve_dependencies
    solved = await call(**solved_result.values)
                   │      │             └ {'db': <sqlalchemy.ext.asyncio.session.AsyncSession object at 0x000001EF9527D650>, 'request': <starlette.requests.Request obj...
                   │      └ SolvedDependency(values={'db': <sqlalchemy.ext.asyncio.session.AsyncSession object at 0x000001EF9527D650>, 'request': <starle...
                   └ <common.aspect.pre_auth.PreAuth object at 0x000001EF9399E8D0>

  File "D:\yunxia\ai_langgraph\RuoYi-Vue3-FastAPI\ruoyi-fastapi-backend\common\aspect\pre_auth.py", line 124, in __call__
    current_user = await LoginService.get_current_user(request, token, db)
                         │            │                │        │      └ <sqlalchemy.ext.asyncio.session.AsyncSession object at 0x000001EF9527D650>
                         │            │                │        └ 'Bearer eyJhbGciOiJIUzI1NiIsInR5cCI6IkpXVCJ9.eyJ1c2VyX2lkIjoiMSIsInVzZXJfbmFtZSI6ImFkbWluIiwiZGVwdF9uYW1lIjoiXHU3ODE0XHU1M2Qx...
                         │            │                └ <starlette.requests.Request object at 0x000001EF952AB990>
                         │            └ <classmethod(<function LoginService.get_current_user at 0x000001EF90FD9440>)>
                         └ <class 'module_admin.service.login_service.LoginService'>

  File "D:\yunxia\ai_langgraph\RuoYi-Vue3-FastAPI\ruoyi-fastapi-backend\module_admin\service\login_service.py", line 220, in get_current_user
    query_user = await UserDao.get_user_by_id(query_db, user_id=token_data.user_id)
                       │       │              │                 │          └ 1
                       │       │              │                 └ TokenData(user_id=1)
                       │       │              └ <sqlalchemy.ext.asyncio.session.AsyncSession object at 0x000001EF9527D650>
                       │       └ <classmethod(<function UserDao.get_user_by_id at 0x000001EFFFF26200>)>
                       └ <class 'module_admin.dao.user_dao.UserDao'>

  File "D:\yunxia\ai_langgraph\RuoYi-Vue3-FastAPI\ruoyi-fastapi-backend\module_admin\dao\user_dao.py", line 94, in get_user_by_id
    await db.execute(
          │  └ <function AsyncSession.execute at 0x000001EFEFCA76A0>
          └ <sqlalchemy.ext.asyncio.session.AsyncSession object at 0x000001EF9527D650>

  File "D:\yunxia\ai_langgraph\.venv\Lib\site-packages\sqlalchemy\ext\asyncio\session.py", line 449, in execute
    result = await greenlet_spawn(
                   └ <function greenlet_spawn at 0x000001EFEE267BA0>
  File "D:\yunxia\ai_langgraph\.venv\Lib\site-packages\sqlalchemy\util\_concurrency_py3k.py", line 201, in greenlet_spawn
    result = context.throw(*sys.exc_info())
             │       │      │   └ <built-in function exc_info>
             │       │      └ <module 'sys' (built-in)>
             │       └ <method 'throw' of 'greenlet.greenlet' objects>
             └ <_AsyncIoGreenlet object at 0x000001EF95277180 (otid=0x000001EFEE268D20) dead>
  File "D:\yunxia\ai_langgraph\.venv\Lib\site-packages\sqlalchemy\orm\session.py", line 2351, in execute
    return self._execute_internal(
           │    └ <function Session._execute_internal at 0x000001EFEFBE5A80>
           └ <sqlalchemy.orm.session.Session object at 0x000001EF9527E950>
  File "D:\yunxia\ai_langgraph\.venv\Lib\site-packages\sqlalchemy\orm\session.py", line 2249, in _execute_internal
    result: Result[Any] = compile_state_cls.orm_execute_statement(
                   │      │                 └ <classmethod(<function AbstractORMCompileState.orm_execute_statement at 0x000001EFEFA60040>)>
                   │      └ <class 'sqlalchemy.orm.context.ORMSelectCompileState'>
                   └ typing.Any
  File "D:\yunxia\ai_langgraph\.venv\Lib\site-packages\sqlalchemy\orm\context.py", line 306, in orm_execute_statement
    result = conn.execute(
             │    └ <function Connection.execute at 0x000001EFEF7DBE20>
             └ <sqlalchemy.engine.base.Connection object at 0x000001EF94257990>
  File "D:\yunxia\ai_langgraph\.venv\Lib\site-packages\sqlalchemy\engine\base.py", line 1419, in execute
    return meth(
           └ <bound method ClauseElement._execute_on_connection of <sqlalchemy.sql.selectable.Select object at 0x000001EF952E9C50>>
  File "D:\yunxia\ai_langgraph\.venv\Lib\site-packages\sqlalchemy\sql\elements.py", line 527, in _execute_on_connection
    return connection._execute_clauseelement(
           │          └ <function Connection._execute_clauseelement at 0x000001EFEF7E4180>
           └ <sqlalchemy.engine.base.Connection object at 0x000001EF94257990>
  File "D:\yunxia\ai_langgraph\.venv\Lib\site-packages\sqlalchemy\engine\base.py", line 1641, in _execute_clauseelement
    ret = self._execute_context(
          │    └ <function Connection._execute_context at 0x000001EFEF7E4360>
          └ <sqlalchemy.engine.base.Connection object at 0x000001EF94257990>
  File "D:\yunxia\ai_langgraph\.venv\Lib\site-packages\sqlalchemy\engine\base.py", line 1846, in _execute_context
    return self._exec_single_context(
           │    └ <function Connection._exec_single_context at 0x000001EFEF7E4400>
           └ <sqlalchemy.engine.base.Connection object at 0x000001EF94257990>
  File "D:\yunxia\ai_langgraph\.venv\Lib\site-packages\sqlalchemy\engine\base.py", line 1986, in _exec_single_context
    self._handle_dbapi_exception(
    │    └ <function Connection._handle_dbapi_exception at 0x000001EFEF7E4680>
    └ <sqlalchemy.engine.base.Connection object at 0x000001EF94257990>
  File "D:\yunxia\ai_langgraph\.venv\Lib\site-packages\sqlalchemy\engine\base.py", line 2363, in _handle_dbapi_exception
    raise sqlalchemy_exception.with_traceback(exc_info[2]) from e
          │                    │              │                 └ OperationalError(2013, 'Lost connection to MySQL server during query ([WinError 10054] 远程主机强迫关闭了一个现有的连接。)')
          │                    │              └ (<class 'asyncmy.errors.OperationalError'>, OperationalError(2013, 'Lost connection to MySQL server during query ([WinError 1...
          │                    └ <method 'with_traceback' of 'BaseException' objects>
          └ OperationalError("(asyncmy.errors.OperationalError) (2013, 'Lost connection to MySQL server during query ([WinError 10054] 远程...
  File "D:\yunxia\ai_langgraph\.venv\Lib\site-packages\sqlalchemy\engine\base.py", line 1967, in _exec_single_context
    self.dialect.do_execute(
    │    │       └ <function DefaultDialect.do_execute at 0x000001EFEF8A4400>
    │    └ <sqlalchemy.dialects.mysql.asyncmy.MySQLDialect_asyncmy object at 0x000001EFEFCB7610>
    └ <sqlalchemy.engine.base.Connection object at 0x000001EF94257990>
  File "D:\yunxia\ai_langgraph\.venv\Lib\site-packages\sqlalchemy\engine\default.py", line 952, in do_execute
    cursor.execute(statement, parameters)
    │      │       │          └ ('0', '0', 1)
    │      │       └ 'SELECT DISTINCT sys_user.user_id, sys_user.dept_id, sys_user.user_name, sys_user.nick_name, sys_user.user_type, sys_user.ema...
    │      └ <function AsyncAdapt_dbapi_cursor.execute at 0x000001EFEFD4D760>
    └ <sqlalchemy.dialects.mysql.asyncmy.AsyncAdapt_asyncmy_cursor object at 0x000001EF9532EED0>
  File "D:\yunxia\ai_langgraph\.venv\Lib\site-packages\sqlalchemy\connectors\asyncio.py", line 230, in execute
    self._adapt_connection._handle_exception(error)
    │    └ <member '_adapt_connection' of 'AsyncAdapt_dbapi_cursor' objects>
    └ <sqlalchemy.dialects.mysql.asyncmy.AsyncAdapt_asyncmy_cursor object at 0x000001EF9532EED0>
  File "D:\yunxia\ai_langgraph\.venv\Lib\site-packages\sqlalchemy\dialects\mysql\asyncmy.py", line 91, in _handle_exception
    raise error
          └ OperationalError(2013, 'Lost connection to MySQL server during query ([WinError 10054] 远程主机强迫关闭了一个现有的连接。)')
  File "D:\yunxia\ai_langgraph\.venv\Lib\site-packages\sqlalchemy\connectors\asyncio.py", line 228, in execute
    return self.await_(self._execute_async(operation, parameters))
           │    │      │    │              │          └ ('0', '0', 1)
           │    │      │    │              └ 'SELECT DISTINCT sys_user.user_id, sys_user.dept_id, sys_user.user_name, sys_user.nick_name, sys_user.user_type, sys_user.ema...
           │    │      │    └ <function AsyncAdapt_dbapi_cursor._execute_async at 0x000001EFEFD4D8A0>
           │    │      └ <sqlalchemy.dialects.mysql.asyncmy.AsyncAdapt_asyncmy_cursor object at 0x000001EF9532EED0>
           │    └ <member 'await_' of 'AsyncAdapt_dbapi_cursor' objects>
           └ <sqlalchemy.dialects.mysql.asyncmy.AsyncAdapt_asyncmy_cursor object at 0x000001EF9532EED0>
  File "D:\yunxia\ai_langgraph\.venv\Lib\site-packages\sqlalchemy\util\_concurrency_py3k.py", line 132, in await_only
    return current.parent.switch(awaitable)  # type: ignore[no-any-return,attr-defined] # noqa: E501
           │       │             └ <coroutine object AsyncAdapt_dbapi_cursor._execute_async at 0x000001EF9423A640>
           │       └ <attribute 'parent' of 'greenlet.greenlet' objects>
           └ <_AsyncIoGreenlet object at 0x000001EF95277180 (otid=0x000001EFEE268D20) dead>
  File "D:\yunxia\ai_langgraph\.venv\Lib\site-packages\sqlalchemy\util\_concurrency_py3k.py", line 196, in greenlet_spawn
    value = await result
                  └ <Future finished exception=ConnectionResetError(10054, '远程主机强迫关闭了一个现有的连接。', None, 10054, None)>
  File "D:\yunxia\ai_langgraph\.venv\Lib\site-packages\sqlalchemy\connectors\asyncio.py", line 251, in _execute_async
    result = await self._cursor.execute(operation, parameters)
                   │    │               │          └ ('0', '0', 1)
                   │    │               └ 'SELECT DISTINCT sys_user.user_id, sys_user.dept_id, sys_user.user_name, sys_user.nick_name, sys_user.user_type, sys_user.ema...
                   │    └ <member '_cursor' of 'AsyncAdapt_dbapi_cursor' objects>
                   └ <sqlalchemy.dialects.mysql.asyncmy.AsyncAdapt_asyncmy_cursor object at 0x000001EF9532EED0>
  File "asyncmy\\cursors.pyx", line 179, in execute
    result = await self._query(query)
  File "asyncmy\\cursors.pyx", line 364, in _query
    await conn.query(q)
  File "asyncmy\\connection.pyx", line 496, in query
    await self._read_query_result(unbuffered=unbuffered)
  File "asyncmy\\connection.pyx", line 684, in _read_query_result
    await result.read()
  File "asyncmy\\connection.pyx", line 1071, in read
    first_packet = await self.connection.read_packet()
  File "asyncmy\\connection.pyx", line 619, in read_packet
    packet_header = await self._read_bytes(4)
  File "asyncmy\\connection.pyx", line 660, in _read_bytes
    raise errors.OperationalError(
          │      └ <class 'asyncmy.errors.OperationalError'>
          └ <module 'asyncmy.errors' from 'D:\\yunxia\\ai_langgraph\\.venv\\Lib\\site-packages\\asyncmy\\errors.cp311-win_amd64.pyd'>

sqlalchemy.exc.OperationalError: (asyncmy.errors.OperationalError) (2013, 'Lost connection to MySQL server during query ([WinError 10054] 远程主机强迫关闭了一个现有的连接。)')
[SQL: SELECT DISTINCT sys_user.user_id, sys_user.dept_id, sys_user.user_name, sys_user.nick_name, sys_user.user_type, sys_user.email, sys_user.phonenumber, sys_user.sex, sys_user.avatar, sys_user.password, sys_user.status, sys_user.del_flag, sys_user.login_ip, sys_user.login_date, sys_user.pwd_update_date, sys_user.create_by, sys_user.create_time, sys_user.update_by, sys_user.update_time, sys_user.remark 
FROM sys_user 
WHERE sys_user.status = %s AND sys_user.del_flag = %s AND sys_user.user_id = %s]
[parameters: ('0', '0', 1)]
(Background on this error at: https://sqlalche.me/e/20/e3q8)
ERROR:    Exception in ASGI application
Traceback (most recent call last):
  File "D:\yunxia\ai_langgraph\.venv\Lib\site-packages\sqlalchemy\connectors\asyncio.py", line 402, in terminate
    self.await_(asyncio.shield(self._terminate_graceful_close()))  # type: ignore[attr-defined] # noqa: E501
    ^^^^^^^^^^^^^^^^^^^^^^^^^^^^^^^^^^^^^^^^^^^^^^^^^^^^^^^^^^^^^
  File "D:\yunxia\ai_langgraph\.venv\Lib\site-packages\sqlalchemy\util\_concurrency_py3k.py", line 132, in await_only
    return current.parent.switch(awaitable)  # type: ignore[no-any-return,attr-defined] # noqa: E501
           ^^^^^^^^^^^^^^^^^^^^^^^^^^^^^^^^
  File "D:\yunxia\ai_langgraph\.venv\Lib\site-packages\sqlalchemy\util\_concurrency_py3k.py", line 196, in greenlet_spawn
    value = await result
            ^^^^^^^^^^^^
  File "D:\yunxia\ai_langgraph\.venv\Lib\site-packages\sqlalchemy\dialects\mysql\asyncmy.py", line 117, in _terminate_graceful_close
    await self._connection.ensure_closed()
  File "asyncmy\\connection.pyx", line 361, in ensure_closed
    await self._writer.drain()
  File "C:\Users\98214\AppData\Roaming\uv\python\cpython-3.11.13-windows-x86_64-none\Lib\asyncio\streams.py", line 380, in drain
    raise exc
  File "asyncmy\\connection.pyx", line 658, in asyncmy.connection.Connection._read_bytes
    data = await self._reader.readexactly(num_bytes)
  File "C:\Users\98214\AppData\Roaming\uv\python\cpython-3.11.13-windows-x86_64-none\Lib\asyncio\streams.py", line 750, in readexactly
    await self._wait_for_data('readexactly')
  File "C:\Users\98214\AppData\Roaming\uv\python\cpython-3.11.13-windows-x86_64-none\Lib\asyncio\streams.py", line 543, in _wait_for_data
    await self._waiter
  File "C:\Users\98214\AppData\Roaming\uv\python\cpython-3.11.13-windows-x86_64-none\Lib\asyncio\selector_events.py", line 999, in _read_ready__data_received
    data = self._sock.recv(self.max_size)
           ^^^^^^^^^^^^^^^^^^^^^^^^^^^^^^
ConnectionResetError: [WinError 10054] 远程主机强迫关闭了一个现有的连接。

During handling of the above exception, another exception occurred:

Traceback (most recent call last):
  File "D:\yunxia\ai_langgraph\.venv\Lib\site-packages\sqlalchemy\engine\base.py", line 1967, in _exec_single_context
    self.dialect.do_execute(
  File "D:\yunxia\ai_langgraph\.venv\Lib\site-packages\sqlalchemy\engine\default.py", line 952, in do_execute
    cursor.execute(statement, parameters)
  File "D:\yunxia\ai_langgraph\.venv\Lib\site-packages\sqlalchemy\connectors\asyncio.py", line 230, in execute
    self._adapt_connection._handle_exception(error)
  File "D:\yunxia\ai_langgraph\.venv\Lib\site-packages\sqlalchemy\dialects\mysql\asyncmy.py", line 91, in _handle_exception
    raise error
  File "D:\yunxia\ai_langgraph\.venv\Lib\site-packages\sqlalchemy\connectors\asyncio.py", line 228, in execute
    return self.await_(self._execute_async(operation, parameters))
           ^^^^^^^^^^^^^^^^^^^^^^^^^^^^^^^^^^^^^^^^^^^^^^^^^^^^^^^
  File "D:\yunxia\ai_langgraph\.venv\Lib\site-packages\sqlalchemy\util\_concurrency_py3k.py", line 132, in await_only
    return current.parent.switch(awaitable)  # type: ignore[no-any-return,attr-defined] # noqa: E501
           ^^^^^^^^^^^^^^^^^^^^^^^^^^^^^^^^
  File "D:\yunxia\ai_langgraph\.venv\Lib\site-packages\sqlalchemy\util\_concurrency_py3k.py", line 196, in greenlet_spawn
    value = await result
            ^^^^^^^^^^^^
  File "D:\yunxia\ai_langgraph\.venv\Lib\site-packages\sqlalchemy\connectors\asyncio.py", line 251, in _execute_async
    result = await self._cursor.execute(operation, parameters)
             ^^^^^^^^^^^^^^^^^^^^^^^^^^^^^^^^^^^^^^^^^^^^^^^^^
  File "asyncmy\\cursors.pyx", line 179, in execute
    result = await self._query(query)
  File "asyncmy\\cursors.pyx", line 364, in _query
    await conn.query(q)
  File "asyncmy\\connection.pyx", line 496, in query
    await self._read_query_result(unbuffered=unbuffered)
  File "asyncmy\\connection.pyx", line 684, in _read_query_result
    await result.read()
  File "asyncmy\\connection.pyx", line 1071, in read
    first_packet = await self.connection.read_packet()
  File "asyncmy\\connection.pyx", line 619, in read_packet
    packet_header = await self._read_bytes(4)
  File "asyncmy\\connection.pyx", line 660, in _read_bytes
    raise errors.OperationalError(
asyncmy.errors.OperationalError: (2013, 'Lost connection to MySQL server during query ([WinError 10054] 远程主机强迫关闭了一个现有的连接。)')

The above exception was the direct cause of the following exception:

Traceback (most recent call last):
  File "D:\yunxia\ai_langgraph\.venv\Lib\site-packages\uvicorn\protocols\http\httptools_impl.py", line 416, in run_asgi
    result = await app(  # type: ignore[func-returns-value]
             ^^^^^^^^^^^^^^^^^^^^^^^^^^^^^^^^^^^^^^^^^^^^^^
  File "D:\yunxia\ai_langgraph\.venv\Lib\site-packages\uvicorn\middleware\proxy_headers.py", line 60, in __call__
    return await self.app(scope, receive, send)
           ^^^^^^^^^^^^^^^^^^^^^^^^^^^^^^^^^^^^
  File "D:\yunxia\ai_langgraph\.venv\Lib\site-packages\fastapi\applications.py", line 1135, in __call__
    await super().__call__(scope, receive, send)
  File "D:\yunxia\ai_langgraph\.venv\Lib\site-packages\starlette\applications.py", line 107, in __call__
    await self.middleware_stack(scope, receive, send)
  File "D:\yunxia\ai_langgraph\.venv\Lib\site-packages\starlette\middleware\errors.py", line 186, in __call__
    raise exc
  File "D:\yunxia\ai_langgraph\.venv\Lib\site-packages\starlette\middleware\errors.py", line 164, in __call__
    await self.app(scope, receive, _send)
  File "D:\yunxia\ai_langgraph\RuoYi-Vue3-FastAPI\ruoyi-fastapi-backend\middlewares\trace_middleware\middle.py", line 42, in __call__
    await self.app(scope, handle_outgoing_receive, handle_outgoing_request)
  File "D:\yunxia\ai_langgraph\.venv\Lib\site-packages\starlette\middleware\gzip.py", line 29, in __call__
    await responder(scope, receive, send)
  File "D:\yunxia\ai_langgraph\.venv\Lib\site-packages\starlette\middleware\gzip.py", line 130, in __call__
    await super().__call__(scope, receive, send)
  File "D:\yunxia\ai_langgraph\.venv\Lib\site-packages\starlette\middleware\gzip.py", line 46, in __call__
    await self.app(scope, receive, self.send_with_compression)
  File "D:\yunxia\ai_langgraph\.venv\Lib\site-packages\starlette\middleware\cors.py", line 85, in __call__
    await self.app(scope, receive, send)
  File "D:\yunxia\ai_langgraph\.venv\Lib\site-packages\starlette\middleware\base.py", line 191, in __call__
    with recv_stream, send_stream, collapse_excgroups():
  File "C:\Users\98214\AppData\Roaming\uv\python\cpython-3.11.13-windows-x86_64-none\Lib\contextlib.py", line 158, in __exit__
    self.gen.throw(typ, value, traceback)
  File "D:\yunxia\ai_langgraph\.venv\Lib\site-packages\starlette\_utils.py", line 85, in collapse_excgroups
    raise exc
  File "D:\yunxia\ai_langgraph\.venv\Lib\site-packages\starlette\middleware\base.py", line 193, in __call__
    response = await self.dispatch_func(request, call_next)
               ^^^^^^^^^^^^^^^^^^^^^^^^^^^^^^^^^^^^^^^^^^^^
  File "D:\yunxia\ai_langgraph\RuoYi-Vue3-FastAPI\ruoyi-fastapi-backend\middlewares\context_middleware.py", line 17, in dispatch
    response = await call_next(request)
               ^^^^^^^^^^^^^^^^^^^^^^^^
  File "D:\yunxia\ai_langgraph\.venv\Lib\site-packages\starlette\middleware\base.py", line 168, in call_next
    raise app_exc from app_exc.__cause__ or app_exc.__context__
  File "D:\yunxia\ai_langgraph\.venv\Lib\site-packages\starlette\middleware\base.py", line 144, in coro
    await self.app(scope, receive_or_disconnect, send_no_error)
  File "D:\yunxia\ai_langgraph\.venv\Lib\site-packages\starlette\middleware\exceptions.py", line 63, in __call__
    await wrap_app_handling_exceptions(self.app, conn)(scope, receive, send)
  File "D:\yunxia\ai_langgraph\.venv\Lib\site-packages\starlette\_exception_handler.py", line 53, in wrapped_app
    raise exc
  File "D:\yunxia\ai_langgraph\.venv\Lib\site-packages\starlette\_exception_handler.py", line 42, in wrapped_app
    await app(scope, receive, sender)
  File "D:\yunxia\ai_langgraph\.venv\Lib\site-packages\fastapi\middleware\asyncexitstack.py", line 18, in __call__
    await self.app(scope, receive, send)
  File "D:\yunxia\ai_langgraph\.venv\Lib\site-packages\starlette\routing.py", line 716, in __call__
    await self.middleware_stack(scope, receive, send)
  File "D:\yunxia\ai_langgraph\.venv\Lib\site-packages\starlette\routing.py", line 736, in app
    await route.handle(scope, receive, send)
  File "D:\yunxia\ai_langgraph\.venv\Lib\site-packages\starlette\routing.py", line 290, in handle
    await self.app(scope, receive, send)
  File "D:\yunxia\ai_langgraph\.venv\Lib\site-packages\fastapi\routing.py", line 115, in app
    await wrap_app_handling_exceptions(app, request)(scope, receive, send)
  File "D:\yunxia\ai_langgraph\.venv\Lib\site-packages\starlette\_exception_handler.py", line 53, in wrapped_app
    raise exc
  File "D:\yunxia\ai_langgraph\.venv\Lib\site-packages\starlette\_exception_handler.py", line 42, in wrapped_app
    await app(scope, receive, sender)
  File "D:\yunxia\ai_langgraph\.venv\Lib\site-packages\fastapi\routing.py", line 101, in app
    response = await f(request)
               ^^^^^^^^^^^^^^^^
  File "D:\yunxia\ai_langgraph\.venv\Lib\site-packages\fastapi\routing.py", line 345, in app
    solved_result = await solve_dependencies(
                    ^^^^^^^^^^^^^^^^^^^^^^^^^
  File "D:\yunxia\ai_langgraph\.venv\Lib\site-packages\fastapi\dependencies\utils.py", line 643, in solve_dependencies
    solved = await call(**solved_result.values)
             ^^^^^^^^^^^^^^^^^^^^^^^^^^^^^^^^^^
  File "D:\yunxia\ai_langgraph\RuoYi-Vue3-FastAPI\ruoyi-fastapi-backend\common\aspect\pre_auth.py", line 124, in __call__
    current_user = await LoginService.get_current_user(request, token, db)
                   ^^^^^^^^^^^^^^^^^^^^^^^^^^^^^^^^^^^^^^^^^^^^^^^^^^^^^^^
  File "D:\yunxia\ai_langgraph\RuoYi-Vue3-FastAPI\ruoyi-fastapi-backend\module_admin\service\login_service.py", line 220, in get_current_user
    query_user = await UserDao.get_user_by_id(query_db, user_id=token_data.user_id)
                 ^^^^^^^^^^^^^^^^^^^^^^^^^^^^^^^^^^^^^^^^^^^^^^^^^^^^^^^^^^^^^^^^^^
  File "D:\yunxia\ai_langgraph\RuoYi-Vue3-FastAPI\ruoyi-fastapi-backend\module_admin\dao\user_dao.py", line 94, in get_user_by_id
    await db.execute(
  File "D:\yunxia\ai_langgraph\.venv\Lib\site-packages\sqlalchemy\ext\asyncio\session.py", line 449, in execute
    result = await greenlet_spawn(
             ^^^^^^^^^^^^^^^^^^^^^
  File "D:\yunxia\ai_langgraph\.venv\Lib\site-packages\sqlalchemy\util\_concurrency_py3k.py", line 201, in greenlet_spawn
    result = context.throw(*sys.exc_info())
             ^^^^^^^^^^^^^^^^^^^^^^^^^^^^^^
  File "D:\yunxia\ai_langgraph\.venv\Lib\site-packages\sqlalchemy\orm\session.py", line 2351, in execute
    return self._execute_internal(
           ^^^^^^^^^^^^^^^^^^^^^^^
  File "D:\yunxia\ai_langgraph\.venv\Lib\site-packages\sqlalchemy\orm\session.py", line 2249, in _execute_internal
    result: Result[Any] = compile_state_cls.orm_execute_statement(
                          ^^^^^^^^^^^^^^^^^^^^^^^^^^^^^^^^^^^^^^^^
  File "D:\yunxia\ai_langgraph\.venv\Lib\site-packages\sqlalchemy\orm\context.py", line 306, in orm_execute_statement
    result = conn.execute(
             ^^^^^^^^^^^^^
  File "D:\yunxia\ai_langgraph\.venv\Lib\site-packages\sqlalchemy\engine\base.py", line 1419, in execute
    return meth(
           ^^^^^
  File "D:\yunxia\ai_langgraph\.venv\Lib\site-packages\sqlalchemy\sql\elements.py", line 527, in _execute_on_connection
    return connection._execute_clauseelement(
           ^^^^^^^^^^^^^^^^^^^^^^^^^^^^^^^^^^
  File "D:\yunxia\ai_langgraph\.venv\Lib\site-packages\sqlalchemy\engine\base.py", line 1641, in _execute_clauseelement
    ret = self._execute_context(
          ^^^^^^^^^^^^^^^^^^^^^^
  File "D:\yunxia\ai_langgraph\.venv\Lib\site-packages\sqlalchemy\engine\base.py", line 1846, in _execute_context
    return self._exec_single_context(
           ^^^^^^^^^^^^^^^^^^^^^^^^^^
  File "D:\yunxia\ai_langgraph\.venv\Lib\site-packages\sqlalchemy\engine\base.py", line 1986, in _exec_single_context
    self._handle_dbapi_exception(
  File "D:\yunxia\ai_langgraph\.venv\Lib\site-packages\sqlalchemy\engine\base.py", line 2363, in _handle_dbapi_exception
    raise sqlalchemy_exception.with_traceback(exc_info[2]) from e
  File "D:\yunxia\ai_langgraph\.venv\Lib\site-packages\sqlalchemy\engine\base.py", line 1967, in _exec_single_context
    self.dialect.do_execute(
  File "D:\yunxia\ai_langgraph\.venv\Lib\site-packages\sqlalchemy\engine\default.py", line 952, in do_execute
    cursor.execute(statement, parameters)
  File "D:\yunxia\ai_langgraph\.venv\Lib\site-packages\sqlalchemy\connectors\asyncio.py", line 230, in execute
    self._adapt_connection._handle_exception(error)
  File "D:\yunxia\ai_langgraph\.venv\Lib\site-packages\sqlalchemy\dialects\mysql\asyncmy.py", line 91, in _handle_exception
    raise error
  File "D:\yunxia\ai_langgraph\.venv\Lib\site-packages\sqlalchemy\connectors\asyncio.py", line 228, in execute
    return self.await_(self._execute_async(operation, parameters))
           ^^^^^^^^^^^^^^^^^^^^^^^^^^^^^^^^^^^^^^^^^^^^^^^^^^^^^^^
  File "D:\yunxia\ai_langgraph\.venv\Lib\site-packages\sqlalchemy\util\_concurrency_py3k.py", line 132, in await_only
    return current.parent.switch(awaitable)  # type: ignore[no-any-return,attr-defined] # noqa: E501
           ^^^^^^^^^^^^^^^^^^^^^^^^^^^^^^^^
  File "D:\yunxia\ai_langgraph\.venv\Lib\site-packages\sqlalchemy\util\_concurrency_py3k.py", line 196, in greenlet_spawn
    value = await result
            ^^^^^^^^^^^^
  File "D:\yunxia\ai_langgraph\.venv\Lib\site-packages\sqlalchemy\connectors\asyncio.py", line 251, in _execute_async
    result = await self._cursor.execute(operation, parameters)
             ^^^^^^^^^^^^^^^^^^^^^^^^^^^^^^^^^^^^^^^^^^^^^^^^^
  File "asyncmy\\cursors.pyx", line 179, in execute
    result = await self._query(query)
  File "asyncmy\\cursors.pyx", line 364, in _query
    await conn.query(q)
  File "asyncmy\\connection.pyx", line 496, in query
    await self._read_query_result(unbuffered=unbuffered)
  File "asyncmy\\connection.pyx", line 684, in _read_query_result
    await result.read()
  File "asyncmy\\connection.pyx", line 1071, in read
    first_packet = await self.connection.read_packet()
  File "asyncmy\\connection.pyx", line 619, in read_packet
    packet_header = await self._read_bytes(4)
  File "asyncmy\\connection.pyx", line 660, in _read_bytes
    raise errors.OperationalError(
sqlalchemy.exc.OperationalError: (asyncmy.errors.OperationalError) (2013, 'Lost connection to MySQL server during query ([WinError 10054] 远程主机强迫关闭了一个现有的连接。)')
[SQL: SELECT DISTINCT sys_user.user_id, sys_user.dept_id, sys_user.user_name, sys_user.nick_name, sys_user.user_type, sys_user.email, sys_user.phonenumber, sys_user.sex, sys_user.avatar, sys_user.password, sys_user.status, sys_user.del_flag, sys_user.login_ip, sys_user.login_date, sys_user.pwd_update_date, sys_user.create_by, sys_user.create_time, sys_user.update_by, sys_user.update_time, sys_user.remark 
FROM sys_user 
WHERE sys_user.status = %s AND sys_user.del_flag = %s AND sys_user.user_id = %s]
[parameters: ('0', '0', 1)]
(Background on this error at: https://sqlalche.me/e/20/e3q8)
2025-12-31 20:30:41.912 | ef78ada63c2b4997892494e8b8e3d8a7 | ERROR    | exceptions.handle:exception_handler:71 - Error while reading from 47.110.95.246:6379 : (10054, '远程主机强迫关闭了一个现有的连接。', None, 10054, None)
Traceback (most recent call last):

  File "D:\yunxia\ai_langgraph\.venv\Lib\site-packages\redis\asyncio\connection.py", line 607, in read_response
    response = await self._parser.read_response(
                     │    └ <member '_parser' of 'AbstractConnection' objects>
                     └ <redis.asyncio.connection.Connection(host=47.110.95.246,port=6379,db=2)>
  File "D:\yunxia\ai_langgraph\.venv\Lib\site-packages\redis\_parsers\resp2.py", line 82, in read_response
    response = await self._read_response(disable_decoding=disable_decoding)
                     │    │                               └ False
                     │    └ <function _AsyncRESP2Parser._read_response at 0x000001EFEFFFE3E0>
                     └ <redis._parsers.resp2._AsyncRESP2Parser object at 0x000001EF93FE32D0>
  File "D:\yunxia\ai_langgraph\.venv\Lib\site-packages\redis\_parsers\resp2.py", line 90, in _read_response
    raw = await self._readline()
                │    └ <function _AsyncRESPBase._readline at 0x000001EFEFFFC540>
                └ <redis._parsers.resp2._AsyncRESP2Parser object at 0x000001EF93FE32D0>
  File "D:\yunxia\ai_langgraph\.venv\Lib\site-packages\redis\_parsers\base.py", line 468, in _readline
    data = await self._stream.readline()
                 │    └ <member '_stream' of '_AsyncRESPBase' objects>
                 └ <redis._parsers.resp2._AsyncRESP2Parser object at 0x000001EF93FE32D0>
  File "C:\Users\98214\AppData\Roaming\uv\python\cpython-3.11.13-windows-x86_64-none\Lib\asyncio\streams.py", line 566, in readline
    line = await self.readuntil(sep)
                 │    │         └ b'\n'
                 │    └ <function StreamReader.readuntil at 0x000001EFEC7F9620>
                 └ <StreamReader exception=ConnectionResetError(10054, '远程主机强迫关闭了一个现有的连接。', None, 10054, None) transport=<_SelectorSocketTranspo...
  File "C:\Users\98214\AppData\Roaming\uv\python\cpython-3.11.13-windows-x86_64-none\Lib\asyncio\streams.py", line 658, in readuntil
    await self._wait_for_data('readuntil')
          │    └ <function StreamReader._wait_for_data at 0x000001EFEC7F94E0>
          └ <StreamReader exception=ConnectionResetError(10054, '远程主机强迫关闭了一个现有的连接。', None, 10054, None) transport=<_SelectorSocketTranspo...
  File "C:\Users\98214\AppData\Roaming\uv\python\cpython-3.11.13-windows-x86_64-none\Lib\asyncio\streams.py", line 543, in _wait_for_data
    await self._waiter
          │    └ None
          └ <StreamReader exception=ConnectionResetError(10054, '远程主机强迫关闭了一个现有的连接。', None, 10054, None) transport=<_SelectorSocketTranspo...
  File "C:\Users\98214\AppData\Roaming\uv\python\cpython-3.11.13-windows-x86_64-none\Lib\asyncio\selector_events.py", line 999, in _read_ready__data_received
    data = self._sock.recv(self.max_size)
           │    │          │    └ 262144
           │    │          └ <_SelectorSocketTransport closed fd=1888>
           │    └ None
           └ <_SelectorSocketTransport closed fd=1888>

ConnectionResetError: [WinError 10054] 远程主机强迫关闭了一个现有的连接。


The above exception was the direct cause of the following exception:


Traceback (most recent call last):

  File "<string>", line 1, in <module>
  File "C:\Users\98214\AppData\Roaming\uv\python\cpython-3.11.13-windows-x86_64-none\Lib\multiprocessing\spawn.py", line 122, in spawn_main
    exitcode = _main(fd, parent_sentinel)
               │     │   └ 344
               │     └ 3
               └ <function _main at 0x000001EFEAD8A0C0>
  File "C:\Users\98214\AppData\Roaming\uv\python\cpython-3.11.13-windows-x86_64-none\Lib\multiprocessing\spawn.py", line 135, in _main
    return self._bootstrap(parent_sentinel)
           │    │          └ 344
           │    └ <function BaseProcess._bootstrap at 0x000001EFEAAD0D60>
           └ <SpawnProcess name='SpawnProcess-2' parent=73032 started>
  File "C:\Users\98214\AppData\Roaming\uv\python\cpython-3.11.13-windows-x86_64-none\Lib\multiprocessing\process.py", line 314, in _bootstrap
    self.run()
    │    └ <function BaseProcess.run at 0x000001EFEAAD02C0>
    └ <SpawnProcess name='SpawnProcess-2' parent=73032 started>
  File "C:\Users\98214\AppData\Roaming\uv\python\cpython-3.11.13-windows-x86_64-none\Lib\multiprocessing\process.py", line 108, in run
    self._target(*self._args, **self._kwargs)
    │    │        │    │        │    └ {'config': <uvicorn.config.Config object at 0x000001EFEAD64510>, 'target': <bound method Server.run of <uvicorn.server.Server...
    │    │        │    │        └ <SpawnProcess name='SpawnProcess-2' parent=73032 started>
    │    │        │    └ ()
    │    │        └ <SpawnProcess name='SpawnProcess-2' parent=73032 started>
    │    └ <function subprocess_started at 0x000001EFECED1760>
    └ <SpawnProcess name='SpawnProcess-2' parent=73032 started>
  File "D:\yunxia\ai_langgraph\.venv\Lib\site-packages\uvicorn\_subprocess.py", line 80, in subprocess_started
    target(sockets=sockets)
    │              └ [<socket.socket fd=892, family=2, type=1, proto=6, laddr=('0.0.0.0', 9199)>]
    └ <bound method Server.run of <uvicorn.server.Server object at 0x000001EFED0621D0>>
  File "D:\yunxia\ai_langgraph\.venv\Lib\site-packages\uvicorn\server.py", line 67, in run
    return asyncio_run(self.serve(sockets=sockets), loop_factory=self.config.get_loop_factory())
           │           │    │             │                      │    │      └ <function Config.get_loop_factory at 0x000001EFECE71800>
           │           │    │             │                      │    └ <uvicorn.config.Config object at 0x000001EFEAD64510>
           │           │    │             │                      └ <uvicorn.server.Server object at 0x000001EFED0621D0>
           │           │    │             └ [<socket.socket fd=892, family=2, type=1, proto=6, laddr=('0.0.0.0', 9199)>]
           │           │    └ <function Server.serve at 0x000001EFECED0400>
           │           └ <uvicorn.server.Server object at 0x000001EFED0621D0>
           └ <function asyncio_run at 0x000001EFECE35B20>
  File "D:\yunxia\ai_langgraph\.venv\Lib\site-packages\uvicorn\_compat.py", line 30, in asyncio_run
    return runner.run(main)
           │      │   └ <coroutine object Server.serve at 0x000001EFED03C9A0>
           │      └ <function Runner.run at 0x000001EFEC7DE2A0>
           └ <asyncio.runners.Runner object at 0x000001EFED0618D0>
  File "C:\Users\98214\AppData\Roaming\uv\python\cpython-3.11.13-windows-x86_64-none\Lib\asyncio\runners.py", line 118, in run
    return self._loop.run_until_complete(task)
           │    │     │                  └ <Task pending name='Task-1' coro=<Server.serve() running at D:\yunxia\ai_langgraph\.venv\Lib\site-packages\uvicorn\server.py:...
           │    │     └ <function BaseEventLoop.run_until_complete at 0x000001EFEC7CFD80>
           │    └ <_WindowsSelectorEventLoop running=True closed=False debug=False>
           └ <asyncio.runners.Runner object at 0x000001EFED0618D0>
  File "C:\Users\98214\AppData\Roaming\uv\python\cpython-3.11.13-windows-x86_64-none\Lib\asyncio\base_events.py", line 641, in run_until_complete
    self.run_forever()
    │    └ <function BaseEventLoop.run_forever at 0x000001EFEC7CFCE0>
    └ <_WindowsSelectorEventLoop running=True closed=False debug=False>
  File "C:\Users\98214\AppData\Roaming\uv\python\cpython-3.11.13-windows-x86_64-none\Lib\asyncio\base_events.py", line 608, in run_forever
    self._run_once()
    │    └ <function BaseEventLoop._run_once at 0x000001EFEC7DDB20>
    └ <_WindowsSelectorEventLoop running=True closed=False debug=False>
  File "C:\Users\98214\AppData\Roaming\uv\python\cpython-3.11.13-windows-x86_64-none\Lib\asyncio\base_events.py", line 1936, in _run_once
    handle._run()
    │      └ <function Handle._run at 0x000001EFEC6F7060>
    └ <Handle Task.task_wakeup(<Future finished result=None>)>
  File "C:\Users\98214\AppData\Roaming\uv\python\cpython-3.11.13-windows-x86_64-none\Lib\asyncio\events.py", line 84, in _run
    self._context.run(self._callback, *self._args)
    │    │            │    │           │    └ <member '_args' of 'Handle' objects>
    │    │            │    │           └ <Handle Task.task_wakeup(<Future finished result=None>)>
    │    │            │    └ <member '_callback' of 'Handle' objects>
    │    │            └ <Handle Task.task_wakeup(<Future finished result=None>)>
    │    └ <member '_context' of 'Handle' objects>
    └ <Handle Task.task_wakeup(<Future finished result=None>)>
  File "D:\yunxia\ai_langgraph\.venv\Lib\site-packages\uvicorn\protocols\http\httptools_impl.py", line 416, in run_asgi
    result = await app(  # type: ignore[func-returns-value]
                   └ <uvicorn.middleware.proxy_headers.ProxyHeadersMiddleware object at 0x000001EF93C33D50>
  File "D:\yunxia\ai_langgraph\.venv\Lib\site-packages\uvicorn\middleware\proxy_headers.py", line 60, in __call__
    return await self.app(scope, receive, send)
                 │    │   │      │        └ <bound method RequestResponseCycle.send of <uvicorn.protocols.http.httptools_impl.RequestResponseCycle object at 0x000001EF95...
                 │    │   │      └ <bound method RequestResponseCycle.receive of <uvicorn.protocols.http.httptools_impl.RequestResponseCycle object at 0x000001E...
                 │    │   └ {'type': 'http', 'asgi': {'version': '3.0', 'spec_version': '2.3'}, 'http_version': '1.1', 'server': ('127.0.0.1', 9199), 'cl...
                 │    └ <fastapi.applications.FastAPI object at 0x000001EFED229290>
                 └ <uvicorn.middleware.proxy_headers.ProxyHeadersMiddleware object at 0x000001EF93C33D50>
  File "D:\yunxia\ai_langgraph\.venv\Lib\site-packages\fastapi\applications.py", line 1135, in __call__
    await super().__call__(scope, receive, send)
                           │      │        └ <bound method RequestResponseCycle.send of <uvicorn.protocols.http.httptools_impl.RequestResponseCycle object at 0x000001EF95...
                           │      └ <bound method RequestResponseCycle.receive of <uvicorn.protocols.http.httptools_impl.RequestResponseCycle object at 0x000001E...
                           └ {'type': 'http', 'asgi': {'version': '3.0', 'spec_version': '2.3'}, 'http_version': '1.1', 'server': ('127.0.0.1', 9199), 'cl...
  File "D:\yunxia\ai_langgraph\.venv\Lib\site-packages\starlette\applications.py", line 107, in __call__
    await self.middleware_stack(scope, receive, send)
          │    │                │      │        └ <bound method RequestResponseCycle.send of <uvicorn.protocols.http.httptools_impl.RequestResponseCycle object at 0x000001EF95...
          │    │                │      └ <bound method RequestResponseCycle.receive of <uvicorn.protocols.http.httptools_impl.RequestResponseCycle object at 0x000001E...
          │    │                └ {'type': 'http', 'asgi': {'version': '3.0', 'spec_version': '2.3'}, 'http_version': '1.1', 'server': ('127.0.0.1', 9199), 'cl...
          │    └ <starlette.middleware.errors.ServerErrorMiddleware object at 0x000001EF93BF5210>
          └ <fastapi.applications.FastAPI object at 0x000001EFED229290>
> File "D:\yunxia\ai_langgraph\.venv\Lib\site-packages\starlette\middleware\errors.py", line 164, in __call__
    await self.app(scope, receive, _send)
          │    │   │      │        └ <function ServerErrorMiddleware.__call__.<locals>._send at 0x000001EF95290EA0>
          │    │   │      └ <bound method RequestResponseCycle.receive of <uvicorn.protocols.http.httptools_impl.RequestResponseCycle object at 0x000001E...
          │    │   └ {'type': 'http', 'asgi': {'version': '3.0', 'spec_version': '2.3'}, 'http_version': '1.1', 'server': ('127.0.0.1', 9199), 'cl...
          │    └ <middlewares.trace_middleware.middle.TraceASGIMiddleware object at 0x000001EF93888150>
          └ <starlette.middleware.errors.ServerErrorMiddleware object at 0x000001EF93BF5210>

  File "D:\yunxia\ai_langgraph\RuoYi-Vue3-FastAPI\ruoyi-fastapi-backend\middlewares\trace_middleware\middle.py", line 42, in __call__
    await self.app(scope, handle_outgoing_receive, handle_outgoing_request)
          │    │   │      │                        └ <function TraceASGIMiddleware.__call__.<locals>.handle_outgoing_request at 0x000001EF95290FE0>
          │    │   │      └ <function RequestResponseCycle.receive at 0x000001EF95290F40>
          │    │   └ {'type': 'http', 'asgi': {'version': '3.0', 'spec_version': '2.3'}, 'http_version': '1.1', 'server': ('127.0.0.1', 9199), 'cl...
          │    └ <starlette.middleware.gzip.GZipMiddleware object at 0x000001EF93C102D0>
          └ <middlewares.trace_middleware.middle.TraceASGIMiddleware object at 0x000001EF93888150>

  File "D:\yunxia\ai_langgraph\.venv\Lib\site-packages\starlette\middleware\gzip.py", line 29, in __call__
    await responder(scope, receive, send)
          │         │      │        └ <function TraceASGIMiddleware.__call__.<locals>.handle_outgoing_request at 0x000001EF95290FE0>
          │         │      └ <function RequestResponseCycle.receive at 0x000001EF95290F40>
          │         └ {'type': 'http', 'asgi': {'version': '3.0', 'spec_version': '2.3'}, 'http_version': '1.1', 'server': ('127.0.0.1', 9199), 'cl...
          └ <starlette.middleware.gzip.GZipResponder object at 0x000001EF95360C50>
  File "D:\yunxia\ai_langgraph\.venv\Lib\site-packages\starlette\middleware\gzip.py", line 130, in __call__
    await super().__call__(scope, receive, send)
                           │      │        └ <function TraceASGIMiddleware.__call__.<locals>.handle_outgoing_request at 0x000001EF95290FE0>
                           │      └ <function RequestResponseCycle.receive at 0x000001EF95290F40>
                           └ {'type': 'http', 'asgi': {'version': '3.0', 'spec_version': '2.3'}, 'http_version': '1.1', 'server': ('127.0.0.1', 9199), 'cl...
  File "D:\yunxia\ai_langgraph\.venv\Lib\site-packages\starlette\middleware\gzip.py", line 46, in __call__
    await self.app(scope, receive, self.send_with_compression)
          │    │   │      │        │    └ <function IdentityResponder.send_with_compression at 0x000001EFFFE4CCC0>
          │    │   │      │        └ <starlette.middleware.gzip.GZipResponder object at 0x000001EF95360C50>
          │    │   │      └ <function RequestResponseCycle.receive at 0x000001EF95290F40>
          │    │   └ {'type': 'http', 'asgi': {'version': '3.0', 'spec_version': '2.3'}, 'http_version': '1.1', 'server': ('127.0.0.1', 9199), 'cl...
          │    └ <starlette.middleware.cors.CORSMiddleware object at 0x000001EF93AAA7D0>
          └ <starlette.middleware.gzip.GZipResponder object at 0x000001EF95360C50>
  File "D:\yunxia\ai_langgraph\.venv\Lib\site-packages\starlette\middleware\cors.py", line 85, in __call__
    await self.app(scope, receive, send)
          │    │   │      │        └ <bound method IdentityResponder.send_with_compression of <starlette.middleware.gzip.GZipResponder object at 0x000001EF95360C50>>
          │    │   │      └ <function RequestResponseCycle.receive at 0x000001EF95290F40>
          │    │   └ {'type': 'http', 'asgi': {'version': '3.0', 'spec_version': '2.3'}, 'http_version': '1.1', 'server': ('127.0.0.1', 9199), 'cl...
          │    └ <middlewares.context_middleware.ContextCleanupMiddleware object at 0x000001EF93BCBD10>
          └ <starlette.middleware.cors.CORSMiddleware object at 0x000001EF93AAA7D0>
  File "D:\yunxia\ai_langgraph\.venv\Lib\site-packages\starlette\middleware\base.py", line 191, in __call__
    with recv_stream, send_stream, collapse_excgroups():
         │            │            └ <function collapse_excgroups at 0x000001EFEE0B1A80>
         │            └ MemoryObjectSendStream(_state=_MemoryObjectStreamState(max_buffer_size=0, buffer=deque([]), open_send_channels=0, open_receiv...
         └ MemoryObjectReceiveStream(_state=_MemoryObjectStreamState(max_buffer_size=0, buffer=deque([]), open_send_channels=0, open_rec...
  File "C:\Users\98214\AppData\Roaming\uv\python\cpython-3.11.13-windows-x86_64-none\Lib\contextlib.py", line 158, in __exit__
    self.gen.throw(typ, value, traceback)
    │    │   │     │    │      └ <traceback object at 0x000001EF9536A880>
    │    │   │     │    └ ExceptionGroup('unhandled errors in a TaskGroup', [ConnectionError("Error while reading from 47.110.95.246:6379 : (10054, '远程...
    │    │   │     └ <class 'ExceptionGroup'>
    │    │   └ <method 'throw' of 'generator' objects>
    │    └ <generator object collapse_excgroups at 0x000001EF95356CE0>
    └ <contextlib._GeneratorContextManager object at 0x000001EF95362AD0>
  File "D:\yunxia\ai_langgraph\.venv\Lib\site-packages\starlette\_utils.py", line 85, in collapse_excgroups
    raise exc
  File "D:\yunxia\ai_langgraph\.venv\Lib\site-packages\starlette\middleware\base.py", line 193, in __call__
    response = await self.dispatch_func(request, call_next)
                     │    │             │        └ <function BaseHTTPMiddleware.__call__.<locals>.call_next at 0x000001EF95291080>
                     │    │             └ <starlette.middleware.base._CachedRequest object at 0x000001EF95362F50>
                     │    └ <bound method ContextCleanupMiddleware.dispatch of <middlewares.context_middleware.ContextCleanupMiddleware object at 0x00000...
                     └ <middlewares.context_middleware.ContextCleanupMiddleware object at 0x000001EF93BCBD10>

  File "D:\yunxia\ai_langgraph\RuoYi-Vue3-FastAPI\ruoyi-fastapi-backend\middlewares\context_middleware.py", line 17, in dispatch
    response = await call_next(request)
                     │         └ <starlette.middleware.base._CachedRequest object at 0x000001EF95362F50>
                     └ <function BaseHTTPMiddleware.__call__.<locals>.call_next at 0x000001EF95291080>

  File "D:\yunxia\ai_langgraph\.venv\Lib\site-packages\starlette\middleware\base.py", line 168, in call_next
    raise app_exc from app_exc.__cause__ or app_exc.__context__
          │            │       │            │       └ <attribute '__context__' of 'BaseException' objects>
          │            │       │            └ ConnectionError("Error while reading from 47.110.95.246:6379 : (10054, '远程主机强迫关闭了一个现有的连接。', None, 10054, None)")
          │            │       └ <attribute '__cause__' of 'BaseException' objects>
          │            └ ConnectionError("Error while reading from 47.110.95.246:6379 : (10054, '远程主机强迫关闭了一个现有的连接。', None, 10054, None)")
          └ ConnectionError("Error while reading from 47.110.95.246:6379 : (10054, '远程主机强迫关闭了一个现有的连接。', None, 10054, None)")
  File "D:\yunxia\ai_langgraph\.venv\Lib\site-packages\starlette\middleware\base.py", line 144, in coro
    await self.app(scope, receive_or_disconnect, send_no_error)
          │    │   │      │                      └ <function BaseHTTPMiddleware.__call__.<locals>.call_next.<locals>.send_no_error at 0x000001EF952911C0>
          │    │   │      └ <function BaseHTTPMiddleware.__call__.<locals>.call_next.<locals>.receive_or_disconnect at 0x000001EF95291120>
          │    │   └ {'type': 'http', 'asgi': {'version': '3.0', 'spec_version': '2.3'}, 'http_version': '1.1', 'server': ('127.0.0.1', 9199), 'cl...
          │    └ <starlette.middleware.exceptions.ExceptionMiddleware object at 0x000001EF93BE75D0>
          └ <middlewares.context_middleware.ContextCleanupMiddleware object at 0x000001EF93BCBD10>
  File "D:\yunxia\ai_langgraph\.venv\Lib\site-packages\starlette\middleware\exceptions.py", line 63, in __call__
    await wrap_app_handling_exceptions(self.app, conn)(scope, receive, send)
          │                            │    │    │     │      │        └ <function BaseHTTPMiddleware.__call__.<locals>.call_next.<locals>.send_no_error at 0x000001EF952911C0>
          │                            │    │    │     │      └ <function BaseHTTPMiddleware.__call__.<locals>.call_next.<locals>.receive_or_disconnect at 0x000001EF95291120>
          │                            │    │    │     └ {'type': 'http', 'asgi': {'version': '3.0', 'spec_version': '2.3'}, 'http_version': '1.1', 'server': ('127.0.0.1', 9199), 'cl...
          │                            │    │    └ <starlette.requests.Request object at 0x000001EF953626D0>
          │                            │    └ <fastapi.middleware.asyncexitstack.AsyncExitStackMiddleware object at 0x000001EF93A75410>
          │                            └ <starlette.middleware.exceptions.ExceptionMiddleware object at 0x000001EF93BE75D0>
          └ <function wrap_app_handling_exceptions at 0x000001EFEE13D8A0>
  File "D:\yunxia\ai_langgraph\.venv\Lib\site-packages\starlette\_exception_handler.py", line 53, in wrapped_app
    raise exc
  File "D:\yunxia\ai_langgraph\.venv\Lib\site-packages\starlette\_exception_handler.py", line 42, in wrapped_app
    await app(scope, receive, sender)
          │   │      │        └ <function wrap_app_handling_exceptions.<locals>.wrapped_app.<locals>.sender at 0x000001EF95291440>
          │   │      └ <function BaseHTTPMiddleware.__call__.<locals>.call_next.<locals>.receive_or_disconnect at 0x000001EF95291120>
          │   └ {'type': 'http', 'asgi': {'version': '3.0', 'spec_version': '2.3'}, 'http_version': '1.1', 'server': ('127.0.0.1', 9199), 'cl...
          └ <fastapi.middleware.asyncexitstack.AsyncExitStackMiddleware object at 0x000001EF93A75410>
  File "D:\yunxia\ai_langgraph\.venv\Lib\site-packages\fastapi\middleware\asyncexitstack.py", line 18, in __call__
    await self.app(scope, receive, send)
          │    │   │      │        └ <function wrap_app_handling_exceptions.<locals>.wrapped_app.<locals>.sender at 0x000001EF95291440>
          │    │   │      └ <function BaseHTTPMiddleware.__call__.<locals>.call_next.<locals>.receive_or_disconnect at 0x000001EF95291120>
          │    │   └ {'type': 'http', 'asgi': {'version': '3.0', 'spec_version': '2.3'}, 'http_version': '1.1', 'server': ('127.0.0.1', 9199), 'cl...
          │    └ <fastapi.routing.APIRouter object at 0x000001EFFF73CE50>
          └ <fastapi.middleware.asyncexitstack.AsyncExitStackMiddleware object at 0x000001EF93A75410>
  File "D:\yunxia\ai_langgraph\.venv\Lib\site-packages\starlette\routing.py", line 716, in __call__
    await self.middleware_stack(scope, receive, send)
          │    │                │      │        └ <function wrap_app_handling_exceptions.<locals>.wrapped_app.<locals>.sender at 0x000001EF95291440>
          │    │                │      └ <function BaseHTTPMiddleware.__call__.<locals>.call_next.<locals>.receive_or_disconnect at 0x000001EF95291120>
          │    │                └ {'type': 'http', 'asgi': {'version': '3.0', 'spec_version': '2.3'}, 'http_version': '1.1', 'server': ('127.0.0.1', 9199), 'cl...
          │    └ <bound method Router.app of <fastapi.routing.APIRouter object at 0x000001EFFF73CE50>>
          └ <fastapi.routing.APIRouter object at 0x000001EFFF73CE50>
  File "D:\yunxia\ai_langgraph\.venv\Lib\site-packages\starlette\routing.py", line 736, in app
    await route.handle(scope, receive, send)
          │     │      │      │        └ <function wrap_app_handling_exceptions.<locals>.wrapped_app.<locals>.sender at 0x000001EF95291440>
          │     │      │      └ <function BaseHTTPMiddleware.__call__.<locals>.call_next.<locals>.receive_or_disconnect at 0x000001EF95291120>
          │     │      └ {'type': 'http', 'asgi': {'version': '3.0', 'spec_version': '2.3'}, 'http_version': '1.1', 'server': ('127.0.0.1', 9199), 'cl...
          │     └ <function Route.handle at 0x000001EFEE13EF20>
          └ APIRoute(path='/testing/project/list', name='get_project_list', methods=['GET'])
  File "D:\yunxia\ai_langgraph\.venv\Lib\site-packages\starlette\routing.py", line 290, in handle
    await self.app(scope, receive, send)
          │    │   │      │        └ <function wrap_app_handling_exceptions.<locals>.wrapped_app.<locals>.sender at 0x000001EF95291440>
          │    │   │      └ <function BaseHTTPMiddleware.__call__.<locals>.call_next.<locals>.receive_or_disconnect at 0x000001EF95291120>
          │    │   └ {'type': 'http', 'asgi': {'version': '3.0', 'spec_version': '2.3'}, 'http_version': '1.1', 'server': ('127.0.0.1', 9199), 'cl...
          │    └ <function request_response.<locals>.app at 0x000001EF93D51580>
          └ APIRoute(path='/testing/project/list', name='get_project_list', methods=['GET'])
  File "D:\yunxia\ai_langgraph\.venv\Lib\site-packages\fastapi\routing.py", line 115, in app
    await wrap_app_handling_exceptions(app, request)(scope, receive, send)
          │                            │    │        │      │        └ <function wrap_app_handling_exceptions.<locals>.wrapped_app.<locals>.sender at 0x000001EF95291440>
          │                            │    │        │      └ <function BaseHTTPMiddleware.__call__.<locals>.call_next.<locals>.receive_or_disconnect at 0x000001EF95291120>
          │                            │    │        └ {'type': 'http', 'asgi': {'version': '3.0', 'spec_version': '2.3'}, 'http_version': '1.1', 'server': ('127.0.0.1', 9199), 'cl...
          │                            │    └ <starlette.requests.Request object at 0x000001EF95360090>
          │                            └ <function request_response.<locals>.app.<locals>.app at 0x000001EF952914E0>
          └ <function wrap_app_handling_exceptions at 0x000001EFEE13D8A0>
  File "D:\yunxia\ai_langgraph\.venv\Lib\site-packages\starlette\_exception_handler.py", line 53, in wrapped_app
    raise exc
  File "D:\yunxia\ai_langgraph\.venv\Lib\site-packages\starlette\_exception_handler.py", line 42, in wrapped_app
    await app(scope, receive, sender)
          │   │      │        └ <function wrap_app_handling_exceptions.<locals>.wrapped_app.<locals>.sender at 0x000001EF95291620>
          │   │      └ <function BaseHTTPMiddleware.__call__.<locals>.call_next.<locals>.receive_or_disconnect at 0x000001EF95291120>
          │   └ {'type': 'http', 'asgi': {'version': '3.0', 'spec_version': '2.3'}, 'http_version': '1.1', 'server': ('127.0.0.1', 9199), 'cl...
          └ <function request_response.<locals>.app.<locals>.app at 0x000001EF952914E0>
  File "D:\yunxia\ai_langgraph\.venv\Lib\site-packages\fastapi\routing.py", line 101, in app
    response = await f(request)
                     │ └ <starlette.requests.Request object at 0x000001EF95360090>
                     └ <function get_request_handler.<locals>.app at 0x000001EF93D514E0>
  File "D:\yunxia\ai_langgraph\.venv\Lib\site-packages\fastapi\routing.py", line 345, in app
    solved_result = await solve_dependencies(
                          └ <function solve_dependencies at 0x000001EFEE11ECA0>
  File "D:\yunxia\ai_langgraph\.venv\Lib\site-packages\fastapi\dependencies\utils.py", line 643, in solve_dependencies
    solved = await call(**solved_result.values)
                   │      │             └ {'db': <sqlalchemy.ext.asyncio.session.AsyncSession object at 0x000001EF95363FD0>, 'request': <starlette.requests.Request obj...
                   │      └ SolvedDependency(values={'db': <sqlalchemy.ext.asyncio.session.AsyncSession object at 0x000001EF95363FD0>, 'request': <starle...
                   └ <common.aspect.pre_auth.PreAuth object at 0x000001EF9376E850>

  File "D:\yunxia\ai_langgraph\RuoYi-Vue3-FastAPI\ruoyi-fastapi-backend\common\aspect\pre_auth.py", line 124, in __call__
    current_user = await LoginService.get_current_user(request, token, db)
                         │            │                │        │      └ <sqlalchemy.ext.asyncio.session.AsyncSession object at 0x000001EF95363FD0>
                         │            │                │        └ 'Bearer eyJhbGciOiJIUzI1NiIsInR5cCI6IkpXVCJ9.eyJ1c2VyX2lkIjoiMSIsInVzZXJfbmFtZSI6ImFkbWluIiwiZGVwdF9uYW1lIjoiXHU3ODE0XHU1M2Qx...
                         │            │                └ <starlette.requests.Request object at 0x000001EF95360090>
                         │            └ <classmethod(<function LoginService.get_current_user at 0x000001EF90FD9440>)>
                         └ <class 'module_admin.service.login_service.LoginService'>

  File "D:\yunxia\ai_langgraph\RuoYi-Vue3-FastAPI\ruoyi-fastapi-backend\module_admin\service\login_service.py", line 225, in get_current_user
    redis_token = await request.app.state.redis.get(f'{RedisInitKeyConfig.ACCESS_TOKEN.key}:{session_id}')
                        │       └ <property object at 0x000001EFEE0AD030>
                        └ <starlette.requests.Request object at 0x000001EF95360090>

  File "D:\yunxia\ai_langgraph\.venv\Lib\site-packages\redis\asyncio\client.py", line 725, in execute_command
    return await conn.retry.call_with_retry(
                 │    │     └ <function Retry.call_with_retry at 0x000001EFF0086FC0>
                 │    └ <redis.asyncio.retry.Retry object at 0x000001EF93F371D0>
                 └ <redis.asyncio.connection.Connection(host=47.110.95.246,port=6379,db=2)>
  File "D:\yunxia\ai_langgraph\.venv\Lib\site-packages\redis\asyncio\retry.py", line 55, in call_with_retry
    raise error
  File "D:\yunxia\ai_langgraph\.venv\Lib\site-packages\redis\asyncio\retry.py", line 50, in call_with_retry
    return await do()
                 └ <function Redis.execute_command.<locals>.<lambda> at 0x000001EF95291E40>
  File "D:\yunxia\ai_langgraph\.venv\Lib\site-packages\redis\asyncio\client.py", line 700, in _send_command_parse_response
    return await self.parse_response(conn, command_name, **options)
                 │    │              │     │               └ {'keys': ['access_token:aeb63d0e-353c-4258-8bce-94e4382b2778']}
                 │    │              │     └ 'GET'
                 │    │              └ <redis.asyncio.connection.Connection(host=47.110.95.246,port=6379,db=2)>
                 │    └ <function Redis.parse_response at 0x000001EFF01C09A0>
                 └ <redis.asyncio.client.Redis(<redis.asyncio.connection.ConnectionPool(<redis.asyncio.connection.Connection(port=6379,username=...
  File "D:\yunxia\ai_langgraph\.venv\Lib\site-packages\redis\asyncio\client.py", line 746, in parse_response
    response = await connection.read_response()
                     │          └ <function AbstractConnection.read_response at 0x000001EFF00E8E00>
                     └ <redis.asyncio.connection.Connection(host=47.110.95.246,port=6379,db=2)>
  File "D:\yunxia\ai_langgraph\.venv\Lib\site-packages\redis\asyncio\connection.py", line 621, in read_response
    raise ConnectionError(f"Error while reading from {host_error} : {e.args}")
          └ <class 'redis.exceptions.ConnectionError'>

redis.exceptions.ConnectionError: Error while reading from 47.110.95.246:6379 : (10054, '远程主机强迫关闭了一个现有的连接。', None, 10054, None)
ERROR:    Exception in ASGI application
Traceback (most recent call last):
  File "D:\yunxia\ai_langgraph\.venv\Lib\site-packages\redis\asyncio\connection.py", line 607, in read_response
    response = await self._parser.read_response(
               ^^^^^^^^^^^^^^^^^^^^^^^^^^^^^^^^^
  File "D:\yunxia\ai_langgraph\.venv\Lib\site-packages\redis\_parsers\resp2.py", line 82, in read_response
    response = await self._read_response(disable_decoding=disable_decoding)
               ^^^^^^^^^^^^^^^^^^^^^^^^^^^^^^^^^^^^^^^^^^^^^^^^^^^^^^^^^^^^
  File "D:\yunxia\ai_langgraph\.venv\Lib\site-packages\redis\_parsers\resp2.py", line 90, in _read_response
    raw = await self._readline()
          ^^^^^^^^^^^^^^^^^^^^^^
  File "D:\yunxia\ai_langgraph\.venv\Lib\site-packages\redis\_parsers\base.py", line 468, in _readline
    data = await self._stream.readline()
           ^^^^^^^^^^^^^^^^^^^^^^^^^^^^^
  File "C:\Users\98214\AppData\Roaming\uv\python\cpython-3.11.13-windows-x86_64-none\Lib\asyncio\streams.py", line 566, in readline
    line = await self.readuntil(sep)
           ^^^^^^^^^^^^^^^^^^^^^^^^^
  File "C:\Users\98214\AppData\Roaming\uv\python\cpython-3.11.13-windows-x86_64-none\Lib\asyncio\streams.py", line 658, in readuntil
    await self._wait_for_data('readuntil')
  File "C:\Users\98214\AppData\Roaming\uv\python\cpython-3.11.13-windows-x86_64-none\Lib\asyncio\streams.py", line 543, in _wait_for_data
    await self._waiter
  File "C:\Users\98214\AppData\Roaming\uv\python\cpython-3.11.13-windows-x86_64-none\Lib\asyncio\selector_events.py", line 999, in _read_ready__data_received
    data = self._sock.recv(self.max_size)
           ^^^^^^^^^^^^^^^^^^^^^^^^^^^^^^
ConnectionResetError: [WinError 10054] 远程主机强迫关闭了一个现有的连接。

The above exception was the direct cause of the following exception:

Traceback (most recent call last):
  File "D:\yunxia\ai_langgraph\.venv\Lib\site-packages\uvicorn\protocols\http\httptools_impl.py", line 416, in run_asgi
    result = await app(  # type: ignore[func-returns-value]
             ^^^^^^^^^^^^^^^^^^^^^^^^^^^^^^^^^^^^^^^^^^^^^^
  File "D:\yunxia\ai_langgraph\.venv\Lib\site-packages\uvicorn\middleware\proxy_headers.py", line 60, in __call__
    return await self.app(scope, receive, send)
           ^^^^^^^^^^^^^^^^^^^^^^^^^^^^^^^^^^^^
  File "D:\yunxia\ai_langgraph\.venv\Lib\site-packages\fastapi\applications.py", line 1135, in __call__
    await super().__call__(scope, receive, send)
  File "D:\yunxia\ai_langgraph\.venv\Lib\site-packages\starlette\applications.py", line 107, in __call__
    await self.middleware_stack(scope, receive, send)
  File "D:\yunxia\ai_langgraph\.venv\Lib\site-packages\starlette\middleware\errors.py", line 186, in __call__
    raise exc
  File "D:\yunxia\ai_langgraph\.venv\Lib\site-packages\starlette\middleware\errors.py", line 164, in __call__
    await self.app(scope, receive, _send)
  File "D:\yunxia\ai_langgraph\RuoYi-Vue3-FastAPI\ruoyi-fastapi-backend\middlewares\trace_middleware\middle.py", line 42, in __call__
    await self.app(scope, handle_outgoing_receive, handle_outgoing_request)
  File "D:\yunxia\ai_langgraph\.venv\Lib\site-packages\starlette\middleware\gzip.py", line 29, in __call__
    await responder(scope, receive, send)
  File "D:\yunxia\ai_langgraph\.venv\Lib\site-packages\starlette\middleware\gzip.py", line 130, in __call__
    await super().__call__(scope, receive, send)
  File "D:\yunxia\ai_langgraph\.venv\Lib\site-packages\starlette\middleware\gzip.py", line 46, in __call__
    await self.app(scope, receive, self.send_with_compression)
  File "D:\yunxia\ai_langgraph\.venv\Lib\site-packages\starlette\middleware\cors.py", line 85, in __call__
    await self.app(scope, receive, send)
  File "D:\yunxia\ai_langgraph\.venv\Lib\site-packages\starlette\middleware\base.py", line 191, in __call__
    with recv_stream, send_stream, collapse_excgroups():
  File "C:\Users\98214\AppData\Roaming\uv\python\cpython-3.11.13-windows-x86_64-none\Lib\contextlib.py", line 158, in __exit__
    self.gen.throw(typ, value, traceback)
  File "D:\yunxia\ai_langgraph\.venv\Lib\site-packages\starlette\_utils.py", line 85, in collapse_excgroups
    raise exc
  File "D:\yunxia\ai_langgraph\.venv\Lib\site-packages\starlette\middleware\base.py", line 193, in __call__
    response = await self.dispatch_func(request, call_next)
               ^^^^^^^^^^^^^^^^^^^^^^^^^^^^^^^^^^^^^^^^^^^^
  File "D:\yunxia\ai_langgraph\RuoYi-Vue3-FastAPI\ruoyi-fastapi-backend\middlewares\context_middleware.py", line 17, in dispatch
    response = await call_next(request)
               ^^^^^^^^^^^^^^^^^^^^^^^^
  File "D:\yunxia\ai_langgraph\.venv\Lib\site-packages\starlette\middleware\base.py", line 168, in call_next
    raise app_exc from app_exc.__cause__ or app_exc.__context__
  File "D:\yunxia\ai_langgraph\.venv\Lib\site-packages\starlette\middleware\base.py", line 144, in coro
    await self.app(scope, receive_or_disconnect, send_no_error)
  File "D:\yunxia\ai_langgraph\.venv\Lib\site-packages\starlette\middleware\exceptions.py", line 63, in __call__
    await wrap_app_handling_exceptions(self.app, conn)(scope, receive, send)
  File "D:\yunxia\ai_langgraph\.venv\Lib\site-packages\starlette\_exception_handler.py", line 53, in wrapped_app
    raise exc
  File "D:\yunxia\ai_langgraph\.venv\Lib\site-packages\starlette\_exception_handler.py", line 42, in wrapped_app
    await app(scope, receive, sender)
  File "D:\yunxia\ai_langgraph\.venv\Lib\site-packages\fastapi\middleware\asyncexitstack.py", line 18, in __call__
    await self.app(scope, receive, send)
  File "D:\yunxia\ai_langgraph\.venv\Lib\site-packages\starlette\routing.py", line 716, in __call__
    await self.middleware_stack(scope, receive, send)
  File "D:\yunxia\ai_langgraph\.venv\Lib\site-packages\starlette\routing.py", line 736, in app
    await route.handle(scope, receive, send)
  File "D:\yunxia\ai_langgraph\.venv\Lib\site-packages\starlette\routing.py", line 290, in handle
    await self.app(scope, receive, send)
  File "D:\yunxia\ai_langgraph\.venv\Lib\site-packages\fastapi\routing.py", line 115, in app
    await wrap_app_handling_exceptions(app, request)(scope, receive, send)
  File "D:\yunxia\ai_langgraph\.venv\Lib\site-packages\starlette\_exception_handler.py", line 53, in wrapped_app
    raise exc
  File "D:\yunxia\ai_langgraph\.venv\Lib\site-packages\starlette\_exception_handler.py", line 42, in wrapped_app
    await app(scope, receive, sender)
  File "D:\yunxia\ai_langgraph\.venv\Lib\site-packages\fastapi\routing.py", line 101, in app
    response = await f(request)
               ^^^^^^^^^^^^^^^^
  File "D:\yunxia\ai_langgraph\.venv\Lib\site-packages\fastapi\routing.py", line 345, in app
    solved_result = await solve_dependencies(
                    ^^^^^^^^^^^^^^^^^^^^^^^^^
  File "D:\yunxia\ai_langgraph\.venv\Lib\site-packages\fastapi\dependencies\utils.py", line 643, in solve_dependencies
    solved = await call(**solved_result.values)
             ^^^^^^^^^^^^^^^^^^^^^^^^^^^^^^^^^^
  File "D:\yunxia\ai_langgraph\RuoYi-Vue3-FastAPI\ruoyi-fastapi-backend\common\aspect\pre_auth.py", line 124, in __call__
    current_user = await LoginService.get_current_user(request, token, db)
                   ^^^^^^^^^^^^^^^^^^^^^^^^^^^^^^^^^^^^^^^^^^^^^^^^^^^^^^^
  File "D:\yunxia\ai_langgraph\RuoYi-Vue3-FastAPI\ruoyi-fastapi-backend\module_admin\service\login_service.py", line 225, in get_current_user
    redis_token = await request.app.state.redis.get(f'{RedisInitKeyConfig.ACCESS_TOKEN.key}:{session_id}')
                  ^^^^^^^^^^^^^^^^^^^^^^^^^^^^^^^^^^^^^^^^^^^^^^^^^^^^^^^^^^^^^^^^^^^^^^^^^^^^^^^^^^^^^^^^
  File "D:\yunxia\ai_langgraph\.venv\Lib\site-packages\redis\asyncio\client.py", line 725, in execute_command
    return await conn.retry.call_with_retry(
           ^^^^^^^^^^^^^^^^^^^^^^^^^^^^^^^^^
  File "D:\yunxia\ai_langgraph\.venv\Lib\site-packages\redis\asyncio\retry.py", line 55, in call_with_retry
    raise error
  File "D:\yunxia\ai_langgraph\.venv\Lib\site-packages\redis\asyncio\retry.py", line 50, in call_with_retry
    return await do()
           ^^^^^^^^^^
  File "D:\yunxia\ai_langgraph\.venv\Lib\site-packages\redis\asyncio\client.py", line 700, in _send_command_parse_response
    return await self.parse_response(conn, command_name, **options)
           ^^^^^^^^^^^^^^^^^^^^^^^^^^^^^^^^^^^^^^^^^^^^^^^^^^^^^^^^
  File "D:\yunxia\ai_langgraph\.venv\Lib\site-packages\redis\asyncio\client.py", line 746, in parse_response
    response = await connection.read_response()
               ^^^^^^^^^^^^^^^^^^^^^^^^^^^^^^^^
  File "D:\yunxia\ai_langgraph\.venv\Lib\site-packages\redis\asyncio\connection.py", line 621, in read_response
    raise ConnectionError(f"Error while reading from {host_error} : {e.args}")
redis.exceptions.ConnectionError: Error while reading from 47.110.95.246:6379 : (10054, '远程主机强迫关闭了一个现有的连接。', None, 10054, None)
2025-12-31 20:30:41.962 | 82bc0ae7a2d140dea4f732dcc3cf33c2 | ERROR    | exceptions.handle:exception_handler:71 - Error while reading from 47.110.95.246:6379 : (10054, '远程主机强迫关闭了一个现有的连接。', None, 10054, None)
Traceback (most recent call last):

  File "D:\yunxia\ai_langgraph\.venv\Lib\site-packages\redis\asyncio\connection.py", line 607, in read_response
    response = await self._parser.read_response(
                     │    └ <member '_parser' of 'AbstractConnection' objects>
                     └ <redis.asyncio.connection.Connection(host=47.110.95.246,port=6379,db=2)>
  File "D:\yunxia\ai_langgraph\.venv\Lib\site-packages\redis\_parsers\resp2.py", line 82, in read_response
    response = await self._read_response(disable_decoding=disable_decoding)
                     │    │                               └ False
                     │    └ <function _AsyncRESP2Parser._read_response at 0x000001EFEFFFE3E0>
                     └ <redis._parsers.resp2._AsyncRESP2Parser object at 0x000001EF93DC7450>
  File "D:\yunxia\ai_langgraph\.venv\Lib\site-packages\redis\_parsers\resp2.py", line 90, in _read_response
    raw = await self._readline()
                │    └ <function _AsyncRESPBase._readline at 0x000001EFEFFFC540>
                └ <redis._parsers.resp2._AsyncRESP2Parser object at 0x000001EF93DC7450>
  File "D:\yunxia\ai_langgraph\.venv\Lib\site-packages\redis\_parsers\base.py", line 468, in _readline
    data = await self._stream.readline()
                 │    └ <member '_stream' of '_AsyncRESPBase' objects>
                 └ <redis._parsers.resp2._AsyncRESP2Parser object at 0x000001EF93DC7450>
  File "C:\Users\98214\AppData\Roaming\uv\python\cpython-3.11.13-windows-x86_64-none\Lib\asyncio\streams.py", line 566, in readline
    line = await self.readuntil(sep)
                 │    │         └ b'\n'
                 │    └ <function StreamReader.readuntil at 0x000001EFEC7F9620>
                 └ <StreamReader exception=ConnectionResetError(10054, '远程主机强迫关闭了一个现有的连接。', None, 10054, None) transport=<_SelectorSocketTranspo...
  File "C:\Users\98214\AppData\Roaming\uv\python\cpython-3.11.13-windows-x86_64-none\Lib\asyncio\streams.py", line 658, in readuntil
    await self._wait_for_data('readuntil')
          │    └ <function StreamReader._wait_for_data at 0x000001EFEC7F94E0>
          └ <StreamReader exception=ConnectionResetError(10054, '远程主机强迫关闭了一个现有的连接。', None, 10054, None) transport=<_SelectorSocketTranspo...
  File "C:\Users\98214\AppData\Roaming\uv\python\cpython-3.11.13-windows-x86_64-none\Lib\asyncio\streams.py", line 543, in _wait_for_data
    await self._waiter
          │    └ None
          └ <StreamReader exception=ConnectionResetError(10054, '远程主机强迫关闭了一个现有的连接。', None, 10054, None) transport=<_SelectorSocketTranspo...
  File "C:\Users\98214\AppData\Roaming\uv\python\cpython-3.11.13-windows-x86_64-none\Lib\asyncio\selector_events.py", line 999, in _read_ready__data_received
    data = self._sock.recv(self.max_size)
           │    │          │    └ 262144
           │    │          └ <_SelectorSocketTransport closed fd=2636>
           │    └ None
           └ <_SelectorSocketTransport closed fd=2636>

ConnectionResetError: [WinError 10054] 远程主机强迫关闭了一个现有的连接。


The above exception was the direct cause of the following exception:


Traceback (most recent call last):

  File "<string>", line 1, in <module>
  File "C:\Users\98214\AppData\Roaming\uv\python\cpython-3.11.13-windows-x86_64-none\Lib\multiprocessing\spawn.py", line 122, in spawn_main
    exitcode = _main(fd, parent_sentinel)
               │     │   └ 344
               │     └ 3
               └ <function _main at 0x000001EFEAD8A0C0>
  File "C:\Users\98214\AppData\Roaming\uv\python\cpython-3.11.13-windows-x86_64-none\Lib\multiprocessing\spawn.py", line 135, in _main
    return self._bootstrap(parent_sentinel)
           │    │          └ 344
           │    └ <function BaseProcess._bootstrap at 0x000001EFEAAD0D60>
           └ <SpawnProcess name='SpawnProcess-2' parent=73032 started>
  File "C:\Users\98214\AppData\Roaming\uv\python\cpython-3.11.13-windows-x86_64-none\Lib\multiprocessing\process.py", line 314, in _bootstrap
    self.run()
    │    └ <function BaseProcess.run at 0x000001EFEAAD02C0>
    └ <SpawnProcess name='SpawnProcess-2' parent=73032 started>
  File "C:\Users\98214\AppData\Roaming\uv\python\cpython-3.11.13-windows-x86_64-none\Lib\multiprocessing\process.py", line 108, in run
    self._target(*self._args, **self._kwargs)
    │    │        │    │        │    └ {'config': <uvicorn.config.Config object at 0x000001EFEAD64510>, 'target': <bound method Server.run of <uvicorn.server.Server...
    │    │        │    │        └ <SpawnProcess name='SpawnProcess-2' parent=73032 started>
    │    │        │    └ ()
    │    │        └ <SpawnProcess name='SpawnProcess-2' parent=73032 started>
    │    └ <function subprocess_started at 0x000001EFECED1760>
    └ <SpawnProcess name='SpawnProcess-2' parent=73032 started>
  File "D:\yunxia\ai_langgraph\.venv\Lib\site-packages\uvicorn\_subprocess.py", line 80, in subprocess_started
    target(sockets=sockets)
    │              └ [<socket.socket fd=892, family=2, type=1, proto=6, laddr=('0.0.0.0', 9199)>]
    └ <bound method Server.run of <uvicorn.server.Server object at 0x000001EFED0621D0>>
  File "D:\yunxia\ai_langgraph\.venv\Lib\site-packages\uvicorn\server.py", line 67, in run
    return asyncio_run(self.serve(sockets=sockets), loop_factory=self.config.get_loop_factory())
           │           │    │             │                      │    │      └ <function Config.get_loop_factory at 0x000001EFECE71800>
           │           │    │             │                      │    └ <uvicorn.config.Config object at 0x000001EFEAD64510>
           │           │    │             │                      └ <uvicorn.server.Server object at 0x000001EFED0621D0>
           │           │    │             └ [<socket.socket fd=892, family=2, type=1, proto=6, laddr=('0.0.0.0', 9199)>]
           │           │    └ <function Server.serve at 0x000001EFECED0400>
           │           └ <uvicorn.server.Server object at 0x000001EFED0621D0>
           └ <function asyncio_run at 0x000001EFECE35B20>
  File "D:\yunxia\ai_langgraph\.venv\Lib\site-packages\uvicorn\_compat.py", line 30, in asyncio_run
    return runner.run(main)
           │      │   └ <coroutine object Server.serve at 0x000001EFED03C9A0>
           │      └ <function Runner.run at 0x000001EFEC7DE2A0>
           └ <asyncio.runners.Runner object at 0x000001EFED0618D0>
  File "C:\Users\98214\AppData\Roaming\uv\python\cpython-3.11.13-windows-x86_64-none\Lib\asyncio\runners.py", line 118, in run
    return self._loop.run_until_complete(task)
           │    │     │                  └ <Task pending name='Task-1' coro=<Server.serve() running at D:\yunxia\ai_langgraph\.venv\Lib\site-packages\uvicorn\server.py:...
           │    │     └ <function BaseEventLoop.run_until_complete at 0x000001EFEC7CFD80>
           │    └ <_WindowsSelectorEventLoop running=True closed=False debug=False>
           └ <asyncio.runners.Runner object at 0x000001EFED0618D0>
  File "C:\Users\98214\AppData\Roaming\uv\python\cpython-3.11.13-windows-x86_64-none\Lib\asyncio\base_events.py", line 641, in run_until_complete
    self.run_forever()
    │    └ <function BaseEventLoop.run_forever at 0x000001EFEC7CFCE0>
    └ <_WindowsSelectorEventLoop running=True closed=False debug=False>
  File "C:\Users\98214\AppData\Roaming\uv\python\cpython-3.11.13-windows-x86_64-none\Lib\asyncio\base_events.py", line 608, in run_forever
    self._run_once()
    │    └ <function BaseEventLoop._run_once at 0x000001EFEC7DDB20>
    └ <_WindowsSelectorEventLoop running=True closed=False debug=False>
  File "C:\Users\98214\AppData\Roaming\uv\python\cpython-3.11.13-windows-x86_64-none\Lib\asyncio\base_events.py", line 1936, in _run_once
    handle._run()
    │      └ <function Handle._run at 0x000001EFEC6F7060>
    └ <Handle Task.task_wakeup(<Future finished result=None>)>
  File "C:\Users\98214\AppData\Roaming\uv\python\cpython-3.11.13-windows-x86_64-none\Lib\asyncio\events.py", line 84, in _run
    self._context.run(self._callback, *self._args)
    │    │            │    │           │    └ <member '_args' of 'Handle' objects>
    │    │            │    │           └ <Handle Task.task_wakeup(<Future finished result=None>)>
    │    │            │    └ <member '_callback' of 'Handle' objects>
    │    │            └ <Handle Task.task_wakeup(<Future finished result=None>)>
    │    └ <member '_context' of 'Handle' objects>
    └ <Handle Task.task_wakeup(<Future finished result=None>)>
  File "D:\yunxia\ai_langgraph\.venv\Lib\site-packages\uvicorn\protocols\http\httptools_impl.py", line 416, in run_asgi
    result = await app(  # type: ignore[func-returns-value]
                   └ <uvicorn.middleware.proxy_headers.ProxyHeadersMiddleware object at 0x000001EF93C33D50>
  File "D:\yunxia\ai_langgraph\.venv\Lib\site-packages\uvicorn\middleware\proxy_headers.py", line 60, in __call__
    return await self.app(scope, receive, send)
                 │    │   │      │        └ <bound method RequestResponseCycle.send of <uvicorn.protocols.http.httptools_impl.RequestResponseCycle object at 0x000001EF95...
                 │    │   │      └ <bound method RequestResponseCycle.receive of <uvicorn.protocols.http.httptools_impl.RequestResponseCycle object at 0x000001E...
                 │    │   └ {'type': 'http', 'asgi': {'version': '3.0', 'spec_version': '2.3'}, 'http_version': '1.1', 'server': ('127.0.0.1', 9199), 'cl...
                 │    └ <fastapi.applications.FastAPI object at 0x000001EFED229290>
                 └ <uvicorn.middleware.proxy_headers.ProxyHeadersMiddleware object at 0x000001EF93C33D50>
  File "D:\yunxia\ai_langgraph\.venv\Lib\site-packages\fastapi\applications.py", line 1135, in __call__
    await super().__call__(scope, receive, send)
                           │      │        └ <bound method RequestResponseCycle.send of <uvicorn.protocols.http.httptools_impl.RequestResponseCycle object at 0x000001EF95...
                           │      └ <bound method RequestResponseCycle.receive of <uvicorn.protocols.http.httptools_impl.RequestResponseCycle object at 0x000001E...
                           └ {'type': 'http', 'asgi': {'version': '3.0', 'spec_version': '2.3'}, 'http_version': '1.1', 'server': ('127.0.0.1', 9199), 'cl...
  File "D:\yunxia\ai_langgraph\.venv\Lib\site-packages\starlette\applications.py", line 107, in __call__
    await self.middleware_stack(scope, receive, send)
          │    │                │      │        └ <bound method RequestResponseCycle.send of <uvicorn.protocols.http.httptools_impl.RequestResponseCycle object at 0x000001EF95...
          │    │                │      └ <bound method RequestResponseCycle.receive of <uvicorn.protocols.http.httptools_impl.RequestResponseCycle object at 0x000001E...
          │    │                └ {'type': 'http', 'asgi': {'version': '3.0', 'spec_version': '2.3'}, 'http_version': '1.1', 'server': ('127.0.0.1', 9199), 'cl...
          │    └ <starlette.middleware.errors.ServerErrorMiddleware object at 0x000001EF93BF5210>
          └ <fastapi.applications.FastAPI object at 0x000001EFED229290>
> File "D:\yunxia\ai_langgraph\.venv\Lib\site-packages\starlette\middleware\errors.py", line 164, in __call__
    await self.app(scope, receive, _send)
          │    │   │      │        └ <function ServerErrorMiddleware.__call__.<locals>._send at 0x000001EF95290680>
          │    │   │      └ <bound method RequestResponseCycle.receive of <uvicorn.protocols.http.httptools_impl.RequestResponseCycle object at 0x000001E...
          │    │   └ {'type': 'http', 'asgi': {'version': '3.0', 'spec_version': '2.3'}, 'http_version': '1.1', 'server': ('127.0.0.1', 9199), 'cl...
          │    └ <middlewares.trace_middleware.middle.TraceASGIMiddleware object at 0x000001EF93888150>
          └ <starlette.middleware.errors.ServerErrorMiddleware object at 0x000001EF93BF5210>

  File "D:\yunxia\ai_langgraph\RuoYi-Vue3-FastAPI\ruoyi-fastapi-backend\middlewares\trace_middleware\middle.py", line 42, in __call__
    await self.app(scope, handle_outgoing_receive, handle_outgoing_request)
          │    │   │      │                        └ <function TraceASGIMiddleware.__call__.<locals>.handle_outgoing_request at 0x000001EF95290720>
          │    │   │      └ <function RequestResponseCycle.receive at 0x000001EF952905E0>
          │    │   └ {'type': 'http', 'asgi': {'version': '3.0', 'spec_version': '2.3'}, 'http_version': '1.1', 'server': ('127.0.0.1', 9199), 'cl...
          │    └ <starlette.middleware.gzip.GZipMiddleware object at 0x000001EF93C102D0>
          └ <middlewares.trace_middleware.middle.TraceASGIMiddleware object at 0x000001EF93888150>

  File "D:\yunxia\ai_langgraph\.venv\Lib\site-packages\starlette\middleware\gzip.py", line 29, in __call__
    await responder(scope, receive, send)
          │         │      │        └ <function TraceASGIMiddleware.__call__.<locals>.handle_outgoing_request at 0x000001EF95290720>
          │         │      └ <function RequestResponseCycle.receive at 0x000001EF952905E0>
          │         └ {'type': 'http', 'asgi': {'version': '3.0', 'spec_version': '2.3'}, 'http_version': '1.1', 'server': ('127.0.0.1', 9199), 'cl...
          └ <starlette.middleware.gzip.GZipResponder object at 0x000001EF9534AD50>
  File "D:\yunxia\ai_langgraph\.venv\Lib\site-packages\starlette\middleware\gzip.py", line 130, in __call__
    await super().__call__(scope, receive, send)
                           │      │        └ <function TraceASGIMiddleware.__call__.<locals>.handle_outgoing_request at 0x000001EF95290720>
                           │      └ <function RequestResponseCycle.receive at 0x000001EF952905E0>
                           └ {'type': 'http', 'asgi': {'version': '3.0', 'spec_version': '2.3'}, 'http_version': '1.1', 'server': ('127.0.0.1', 9199), 'cl...
  File "D:\yunxia\ai_langgraph\.venv\Lib\site-packages\starlette\middleware\gzip.py", line 46, in __call__
    await self.app(scope, receive, self.send_with_compression)
          │    │   │      │        │    └ <function IdentityResponder.send_with_compression at 0x000001EFFFE4CCC0>
          │    │   │      │        └ <starlette.middleware.gzip.GZipResponder object at 0x000001EF9534AD50>
          │    │   │      └ <function RequestResponseCycle.receive at 0x000001EF952905E0>
          │    │   └ {'type': 'http', 'asgi': {'version': '3.0', 'spec_version': '2.3'}, 'http_version': '1.1', 'server': ('127.0.0.1', 9199), 'cl...
          │    └ <starlette.middleware.cors.CORSMiddleware object at 0x000001EF93AAA7D0>
          └ <starlette.middleware.gzip.GZipResponder object at 0x000001EF9534AD50>
  File "D:\yunxia\ai_langgraph\.venv\Lib\site-packages\starlette\middleware\cors.py", line 85, in __call__
    await self.app(scope, receive, send)
          │    │   │      │        └ <bound method IdentityResponder.send_with_compression of <starlette.middleware.gzip.GZipResponder object at 0x000001EF9534AD50>>
          │    │   │      └ <function RequestResponseCycle.receive at 0x000001EF952905E0>
          │    │   └ {'type': 'http', 'asgi': {'version': '3.0', 'spec_version': '2.3'}, 'http_version': '1.1', 'server': ('127.0.0.1', 9199), 'cl...
          │    └ <middlewares.context_middleware.ContextCleanupMiddleware object at 0x000001EF93BCBD10>
          └ <starlette.middleware.cors.CORSMiddleware object at 0x000001EF93AAA7D0>
  File "D:\yunxia\ai_langgraph\.venv\Lib\site-packages\starlette\middleware\base.py", line 191, in __call__
    with recv_stream, send_stream, collapse_excgroups():
         │            │            └ <function collapse_excgroups at 0x000001EFEE0B1A80>
         │            └ MemoryObjectSendStream(_state=_MemoryObjectStreamState(max_buffer_size=0, buffer=deque([]), open_send_channels=0, open_receiv...
         └ MemoryObjectReceiveStream(_state=_MemoryObjectStreamState(max_buffer_size=0, buffer=deque([]), open_send_channels=0, open_rec...
  File "C:\Users\98214\AppData\Roaming\uv\python\cpython-3.11.13-windows-x86_64-none\Lib\contextlib.py", line 158, in __exit__
    self.gen.throw(typ, value, traceback)
    │    │   │     │    │      └ <traceback object at 0x000001EF9534BF00>
    │    │   │     │    └ ExceptionGroup('unhandled errors in a TaskGroup', [ConnectionError("Error while reading from 47.110.95.246:6379 : (10054, '远程...
    │    │   │     └ <class 'ExceptionGroup'>
    │    │   └ <method 'throw' of 'generator' objects>
    │    └ <generator object collapse_excgroups at 0x000001EF95355C40>
    └ <contextlib._GeneratorContextManager object at 0x000001EF9534B4D0>
  File "D:\yunxia\ai_langgraph\.venv\Lib\site-packages\starlette\_utils.py", line 85, in collapse_excgroups
    raise exc
  File "D:\yunxia\ai_langgraph\.venv\Lib\site-packages\starlette\middleware\base.py", line 193, in __call__
    response = await self.dispatch_func(request, call_next)
                     │    │             │        └ <function BaseHTTPMiddleware.__call__.<locals>.call_next at 0x000001EF952907C0>
                     │    │             └ <starlette.middleware.base._CachedRequest object at 0x000001EF9534AE90>
                     │    └ <bound method ContextCleanupMiddleware.dispatch of <middlewares.context_middleware.ContextCleanupMiddleware object at 0x00000...
                     └ <middlewares.context_middleware.ContextCleanupMiddleware object at 0x000001EF93BCBD10>

  File "D:\yunxia\ai_langgraph\RuoYi-Vue3-FastAPI\ruoyi-fastapi-backend\middlewares\context_middleware.py", line 17, in dispatch
    response = await call_next(request)
                     │         └ <starlette.middleware.base._CachedRequest object at 0x000001EF9534AE90>
                     └ <function BaseHTTPMiddleware.__call__.<locals>.call_next at 0x000001EF952907C0>

  File "D:\yunxia\ai_langgraph\.venv\Lib\site-packages\starlette\middleware\base.py", line 168, in call_next
    raise app_exc from app_exc.__cause__ or app_exc.__context__
          │            │       │            │       └ <attribute '__context__' of 'BaseException' objects>
          │            │       │            └ ConnectionError("Error while reading from 47.110.95.246:6379 : (10054, '远程主机强迫关闭了一个现有的连接。', None, 10054, None)")
          │            │       └ <attribute '__cause__' of 'BaseException' objects>
          │            └ ConnectionError("Error while reading from 47.110.95.246:6379 : (10054, '远程主机强迫关闭了一个现有的连接。', None, 10054, None)")
          └ ConnectionError("Error while reading from 47.110.95.246:6379 : (10054, '远程主机强迫关闭了一个现有的连接。', None, 10054, None)")
  File "D:\yunxia\ai_langgraph\.venv\Lib\site-packages\starlette\middleware\base.py", line 144, in coro
    await self.app(scope, receive_or_disconnect, send_no_error)
          │    │   │      │                      └ <function BaseHTTPMiddleware.__call__.<locals>.call_next.<locals>.send_no_error at 0x000001EF9426B920>
          │    │   │      └ <function BaseHTTPMiddleware.__call__.<locals>.call_next.<locals>.receive_or_disconnect at 0x000001EF9528E160>
          │    │   └ {'type': 'http', 'asgi': {'version': '3.0', 'spec_version': '2.3'}, 'http_version': '1.1', 'server': ('127.0.0.1', 9199), 'cl...
          │    └ <starlette.middleware.exceptions.ExceptionMiddleware object at 0x000001EF93BE75D0>
          └ <middlewares.context_middleware.ContextCleanupMiddleware object at 0x000001EF93BCBD10>
  File "D:\yunxia\ai_langgraph\.venv\Lib\site-packages\starlette\middleware\exceptions.py", line 63, in __call__
    await wrap_app_handling_exceptions(self.app, conn)(scope, receive, send)
          │                            │    │    │     │      │        └ <function BaseHTTPMiddleware.__call__.<locals>.call_next.<locals>.send_no_error at 0x000001EF9426B920>
          │                            │    │    │     │      └ <function BaseHTTPMiddleware.__call__.<locals>.call_next.<locals>.receive_or_disconnect at 0x000001EF9528E160>
          │                            │    │    │     └ {'type': 'http', 'asgi': {'version': '3.0', 'spec_version': '2.3'}, 'http_version': '1.1', 'server': ('127.0.0.1', 9199), 'cl...
          │                            │    │    └ <starlette.requests.Request object at 0x000001EF93FFA790>
          │                            │    └ <fastapi.middleware.asyncexitstack.AsyncExitStackMiddleware object at 0x000001EF93A75410>
          │                            └ <starlette.middleware.exceptions.ExceptionMiddleware object at 0x000001EF93BE75D0>
          └ <function wrap_app_handling_exceptions at 0x000001EFEE13D8A0>
  File "D:\yunxia\ai_langgraph\.venv\Lib\site-packages\starlette\_exception_handler.py", line 53, in wrapped_app
    raise exc
  File "D:\yunxia\ai_langgraph\.venv\Lib\site-packages\starlette\_exception_handler.py", line 42, in wrapped_app
    await app(scope, receive, sender)
          │   │      │        └ <function wrap_app_handling_exceptions.<locals>.wrapped_app.<locals>.sender at 0x000001EF952FEDE0>
          │   │      └ <function BaseHTTPMiddleware.__call__.<locals>.call_next.<locals>.receive_or_disconnect at 0x000001EF9528E160>
          │   └ {'type': 'http', 'asgi': {'version': '3.0', 'spec_version': '2.3'}, 'http_version': '1.1', 'server': ('127.0.0.1', 9199), 'cl...
          └ <fastapi.middleware.asyncexitstack.AsyncExitStackMiddleware object at 0x000001EF93A75410>
  File "D:\yunxia\ai_langgraph\.venv\Lib\site-packages\fastapi\middleware\asyncexitstack.py", line 18, in __call__
    await self.app(scope, receive, send)
          │    │   │      │        └ <function wrap_app_handling_exceptions.<locals>.wrapped_app.<locals>.sender at 0x000001EF952FEDE0>
          │    │   │      └ <function BaseHTTPMiddleware.__call__.<locals>.call_next.<locals>.receive_or_disconnect at 0x000001EF9528E160>
          │    │   └ {'type': 'http', 'asgi': {'version': '3.0', 'spec_version': '2.3'}, 'http_version': '1.1', 'server': ('127.0.0.1', 9199), 'cl...
          │    └ <fastapi.routing.APIRouter object at 0x000001EFFF73CE50>
          └ <fastapi.middleware.asyncexitstack.AsyncExitStackMiddleware object at 0x000001EF93A75410>
  File "D:\yunxia\ai_langgraph\.venv\Lib\site-packages\starlette\routing.py", line 716, in __call__
    await self.middleware_stack(scope, receive, send)
          │    │                │      │        └ <function wrap_app_handling_exceptions.<locals>.wrapped_app.<locals>.sender at 0x000001EF952FEDE0>
          │    │                │      └ <function BaseHTTPMiddleware.__call__.<locals>.call_next.<locals>.receive_or_disconnect at 0x000001EF9528E160>
          │    │                └ {'type': 'http', 'asgi': {'version': '3.0', 'spec_version': '2.3'}, 'http_version': '1.1', 'server': ('127.0.0.1', 9199), 'cl...
          │    └ <bound method Router.app of <fastapi.routing.APIRouter object at 0x000001EFFF73CE50>>
          └ <fastapi.routing.APIRouter object at 0x000001EFFF73CE50>
  File "D:\yunxia\ai_langgraph\.venv\Lib\site-packages\starlette\routing.py", line 736, in app
    await route.handle(scope, receive, send)
          │     │      │      │        └ <function wrap_app_handling_exceptions.<locals>.wrapped_app.<locals>.sender at 0x000001EF952FEDE0>
          │     │      │      └ <function BaseHTTPMiddleware.__call__.<locals>.call_next.<locals>.receive_or_disconnect at 0x000001EF9528E160>
          │     │      └ {'type': 'http', 'asgi': {'version': '3.0', 'spec_version': '2.3'}, 'http_version': '1.1', 'server': ('127.0.0.1', 9199), 'cl...
          │     └ <function Route.handle at 0x000001EFEE13EF20>
          └ APIRoute(path='/testing/requirement/list', name='get_requirement_list', methods=['GET'])
  File "D:\yunxia\ai_langgraph\.venv\Lib\site-packages\starlette\routing.py", line 290, in handle
    await self.app(scope, receive, send)
          │    │   │      │        └ <function wrap_app_handling_exceptions.<locals>.wrapped_app.<locals>.sender at 0x000001EF952FEDE0>
          │    │   │      └ <function BaseHTTPMiddleware.__call__.<locals>.call_next.<locals>.receive_or_disconnect at 0x000001EF9528E160>
          │    │   └ {'type': 'http', 'asgi': {'version': '3.0', 'spec_version': '2.3'}, 'http_version': '1.1', 'server': ('127.0.0.1', 9199), 'cl...
          │    └ <function request_response.<locals>.app at 0x000001EF93CB6660>
          └ APIRoute(path='/testing/requirement/list', name='get_requirement_list', methods=['GET'])
  File "D:\yunxia\ai_langgraph\.venv\Lib\site-packages\fastapi\routing.py", line 115, in app
    await wrap_app_handling_exceptions(app, request)(scope, receive, send)
          │                            │    │        │      │        └ <function wrap_app_handling_exceptions.<locals>.wrapped_app.<locals>.sender at 0x000001EF952FEDE0>
          │                            │    │        │      └ <function BaseHTTPMiddleware.__call__.<locals>.call_next.<locals>.receive_or_disconnect at 0x000001EF9528E160>
          │                            │    │        └ {'type': 'http', 'asgi': {'version': '3.0', 'spec_version': '2.3'}, 'http_version': '1.1', 'server': ('127.0.0.1', 9199), 'cl...
          │                            │    └ <starlette.requests.Request object at 0x000001EF952EAE90>
          │                            └ <function request_response.<locals>.app.<locals>.app at 0x000001EF952FF7E0>
          └ <function wrap_app_handling_exceptions at 0x000001EFEE13D8A0>
  File "D:\yunxia\ai_langgraph\.venv\Lib\site-packages\starlette\_exception_handler.py", line 53, in wrapped_app
    raise exc
  File "D:\yunxia\ai_langgraph\.venv\Lib\site-packages\starlette\_exception_handler.py", line 42, in wrapped_app
    await app(scope, receive, sender)
          │   │      │        └ <function wrap_app_handling_exceptions.<locals>.wrapped_app.<locals>.sender at 0x000001EF952625C0>
          │   │      └ <function BaseHTTPMiddleware.__call__.<locals>.call_next.<locals>.receive_or_disconnect at 0x000001EF9528E160>
          │   └ {'type': 'http', 'asgi': {'version': '3.0', 'spec_version': '2.3'}, 'http_version': '1.1', 'server': ('127.0.0.1', 9199), 'cl...
          └ <function request_response.<locals>.app.<locals>.app at 0x000001EF952FF7E0>
  File "D:\yunxia\ai_langgraph\.venv\Lib\site-packages\fastapi\routing.py", line 101, in app
    response = await f(request)
                     │ └ <starlette.requests.Request object at 0x000001EF952EAE90>
                     └ <function get_request_handler.<locals>.app at 0x000001EF93CB65C0>
  File "D:\yunxia\ai_langgraph\.venv\Lib\site-packages\fastapi\routing.py", line 345, in app
    solved_result = await solve_dependencies(
                          └ <function solve_dependencies at 0x000001EFEE11ECA0>
  File "D:\yunxia\ai_langgraph\.venv\Lib\site-packages\fastapi\dependencies\utils.py", line 643, in solve_dependencies
    solved = await call(**solved_result.values)
                   │      │             └ {'db': <sqlalchemy.ext.asyncio.session.AsyncSession object at 0x000001EF952E6850>, 'request': <starlette.requests.Request obj...
                   │      └ SolvedDependency(values={'db': <sqlalchemy.ext.asyncio.session.AsyncSession object at 0x000001EF952E6850>, 'request': <starle...
                   └ <common.aspect.pre_auth.PreAuth object at 0x000001EF9399E8D0>

  File "D:\yunxia\ai_langgraph\RuoYi-Vue3-FastAPI\ruoyi-fastapi-backend\common\aspect\pre_auth.py", line 124, in __call__
    current_user = await LoginService.get_current_user(request, token, db)
                         │            │                │        │      └ <sqlalchemy.ext.asyncio.session.AsyncSession object at 0x000001EF952E6850>
                         │            │                │        └ 'Bearer eyJhbGciOiJIUzI1NiIsInR5cCI6IkpXVCJ9.eyJ1c2VyX2lkIjoiMSIsInVzZXJfbmFtZSI6ImFkbWluIiwiZGVwdF9uYW1lIjoiXHU3ODE0XHU1M2Qx...
                         │            │                └ <starlette.requests.Request object at 0x000001EF952EAE90>
                         │            └ <classmethod(<function LoginService.get_current_user at 0x000001EF90FD9440>)>
                         └ <class 'module_admin.service.login_service.LoginService'>

  File "D:\yunxia\ai_langgraph\RuoYi-Vue3-FastAPI\ruoyi-fastapi-backend\module_admin\service\login_service.py", line 225, in get_current_user
    redis_token = await request.app.state.redis.get(f'{RedisInitKeyConfig.ACCESS_TOKEN.key}:{session_id}')
                        │       └ <property object at 0x000001EFEE0AD030>
                        └ <starlette.requests.Request object at 0x000001EF952EAE90>

  File "D:\yunxia\ai_langgraph\.venv\Lib\site-packages\redis\asyncio\client.py", line 725, in execute_command
    return await conn.retry.call_with_retry(
                 │    │     └ <function Retry.call_with_retry at 0x000001EFF0086FC0>
                 │    └ <redis.asyncio.retry.Retry object at 0x000001EF939733D0>
                 └ <redis.asyncio.connection.Connection(host=47.110.95.246,port=6379,db=2)>
  File "D:\yunxia\ai_langgraph\.venv\Lib\site-packages\redis\asyncio\retry.py", line 55, in call_with_retry
    raise error
  File "D:\yunxia\ai_langgraph\.venv\Lib\site-packages\redis\asyncio\retry.py", line 50, in call_with_retry
    return await do()
                 └ <function Redis.execute_command.<locals>.<lambda> at 0x000001EF95291C60>
  File "D:\yunxia\ai_langgraph\.venv\Lib\site-packages\redis\asyncio\client.py", line 700, in _send_command_parse_response
    return await self.parse_response(conn, command_name, **options)
                 │    │              │     │               └ {'keys': ['access_token:aeb63d0e-353c-4258-8bce-94e4382b2778']}
                 │    │              │     └ 'GET'
                 │    │              └ <redis.asyncio.connection.Connection(host=47.110.95.246,port=6379,db=2)>
                 │    └ <function Redis.parse_response at 0x000001EFF01C09A0>
                 └ <redis.asyncio.client.Redis(<redis.asyncio.connection.ConnectionPool(<redis.asyncio.connection.Connection(port=6379,username=...
  File "D:\yunxia\ai_langgraph\.venv\Lib\site-packages\redis\asyncio\client.py", line 746, in parse_response
    response = await connection.read_response()
                     │          └ <function AbstractConnection.read_response at 0x000001EFF00E8E00>
                     └ <redis.asyncio.connection.Connection(host=47.110.95.246,port=6379,db=2)>
  File "D:\yunxia\ai_langgraph\.venv\Lib\site-packages\redis\asyncio\connection.py", line 621, in read_response
    raise ConnectionError(f"Error while reading from {host_error} : {e.args}")
          └ <class 'redis.exceptions.ConnectionError'>

redis.exceptions.ConnectionError: Error while reading from 47.110.95.246:6379 : (10054, '远程主机强迫关闭了一个现有的连接。', None, 10054, None)
ERROR:    Exception in ASGI application
Traceback (most recent call last):
  File "D:\yunxia\ai_langgraph\.venv\Lib\site-packages\redis\asyncio\connection.py", line 607, in read_response
    response = await self._parser.read_response(
               ^^^^^^^^^^^^^^^^^^^^^^^^^^^^^^^^^
  File "D:\yunxia\ai_langgraph\.venv\Lib\site-packages\redis\_parsers\resp2.py", line 82, in read_response
    response = await self._read_response(disable_decoding=disable_decoding)
               ^^^^^^^^^^^^^^^^^^^^^^^^^^^^^^^^^^^^^^^^^^^^^^^^^^^^^^^^^^^^
  File "D:\yunxia\ai_langgraph\.venv\Lib\site-packages\redis\_parsers\resp2.py", line 90, in _read_response
    raw = await self._readline()
          ^^^^^^^^^^^^^^^^^^^^^^
  File "D:\yunxia\ai_langgraph\.venv\Lib\site-packages\redis\_parsers\base.py", line 468, in _readline
    data = await self._stream.readline()
           ^^^^^^^^^^^^^^^^^^^^^^^^^^^^^
  File "C:\Users\98214\AppData\Roaming\uv\python\cpython-3.11.13-windows-x86_64-none\Lib\asyncio\streams.py", line 566, in readline
    line = await self.readuntil(sep)
           ^^^^^^^^^^^^^^^^^^^^^^^^^
  File "C:\Users\98214\AppData\Roaming\uv\python\cpython-3.11.13-windows-x86_64-none\Lib\asyncio\streams.py", line 658, in readuntil
    await self._wait_for_data('readuntil')
  File "C:\Users\98214\AppData\Roaming\uv\python\cpython-3.11.13-windows-x86_64-none\Lib\asyncio\streams.py", line 543, in _wait_for_data
    await self._waiter
  File "C:\Users\98214\AppData\Roaming\uv\python\cpython-3.11.13-windows-x86_64-none\Lib\asyncio\selector_events.py", line 999, in _read_ready__data_received
    data = self._sock.recv(self.max_size)
           ^^^^^^^^^^^^^^^^^^^^^^^^^^^^^^
ConnectionResetError: [WinError 10054] 远程主机强迫关闭了一个现有的连接。

The above exception was the direct cause of the following exception:

Traceback (most recent call last):
  File "D:\yunxia\ai_langgraph\.venv\Lib\site-packages\uvicorn\protocols\http\httptools_impl.py", line 416, in run_asgi
    result = await app(  # type: ignore[func-returns-value]
             ^^^^^^^^^^^^^^^^^^^^^^^^^^^^^^^^^^^^^^^^^^^^^^
  File "D:\yunxia\ai_langgraph\.venv\Lib\site-packages\uvicorn\middleware\proxy_headers.py", line 60, in __call__
    return await self.app(scope, receive, send)
           ^^^^^^^^^^^^^^^^^^^^^^^^^^^^^^^^^^^^
  File "D:\yunxia\ai_langgraph\.venv\Lib\site-packages\fastapi\applications.py", line 1135, in __call__
    await super().__call__(scope, receive, send)
  File "D:\yunxia\ai_langgraph\.venv\Lib\site-packages\starlette\applications.py", line 107, in __call__
    await self.middleware_stack(scope, receive, send)
  File "D:\yunxia\ai_langgraph\.venv\Lib\site-packages\starlette\middleware\errors.py", line 186, in __call__
    raise exc
  File "D:\yunxia\ai_langgraph\.venv\Lib\site-packages\starlette\middleware\errors.py", line 164, in __call__
    await self.app(scope, receive, _send)
  File "D:\yunxia\ai_langgraph\RuoYi-Vue3-FastAPI\ruoyi-fastapi-backend\middlewares\trace_middleware\middle.py", line 42, in __call__
    await self.app(scope, handle_outgoing_receive, handle_outgoing_request)
  File "D:\yunxia\ai_langgraph\.venv\Lib\site-packages\starlette\middleware\gzip.py", line 29, in __call__
    await responder(scope, receive, send)
  File "D:\yunxia\ai_langgraph\.venv\Lib\site-packages\starlette\middleware\gzip.py", line 130, in __call__
    await super().__call__(scope, receive, send)
  File "D:\yunxia\ai_langgraph\.venv\Lib\site-packages\starlette\middleware\gzip.py", line 46, in __call__
    await self.app(scope, receive, self.send_with_compression)
  File "D:\yunxia\ai_langgraph\.venv\Lib\site-packages\starlette\middleware\cors.py", line 85, in __call__
    await self.app(scope, receive, send)
  File "D:\yunxia\ai_langgraph\.venv\Lib\site-packages\starlette\middleware\base.py", line 191, in __call__
    with recv_stream, send_stream, collapse_excgroups():
  File "C:\Users\98214\AppData\Roaming\uv\python\cpython-3.11.13-windows-x86_64-none\Lib\contextlib.py", line 158, in __exit__
    self.gen.throw(typ, value, traceback)
  File "D:\yunxia\ai_langgraph\.venv\Lib\site-packages\starlette\_utils.py", line 85, in collapse_excgroups
    raise exc
  File "D:\yunxia\ai_langgraph\.venv\Lib\site-packages\starlette\middleware\base.py", line 193, in __call__
    response = await self.dispatch_func(request, call_next)
               ^^^^^^^^^^^^^^^^^^^^^^^^^^^^^^^^^^^^^^^^^^^^
  File "D:\yunxia\ai_langgraph\RuoYi-Vue3-FastAPI\ruoyi-fastapi-backend\middlewares\context_middleware.py", line 17, in dispatch
    response = await call_next(request)
               ^^^^^^^^^^^^^^^^^^^^^^^^
  File "D:\yunxia\ai_langgraph\.venv\Lib\site-packages\starlette\middleware\base.py", line 168, in call_next
    raise app_exc from app_exc.__cause__ or app_exc.__context__
  File "D:\yunxia\ai_langgraph\.venv\Lib\site-packages\starlette\middleware\base.py", line 144, in coro
    await self.app(scope, receive_or_disconnect, send_no_error)
  File "D:\yunxia\ai_langgraph\.venv\Lib\site-packages\starlette\middleware\exceptions.py", line 63, in __call__
    await wrap_app_handling_exceptions(self.app, conn)(scope, receive, send)
  File "D:\yunxia\ai_langgraph\.venv\Lib\site-packages\starlette\_exception_handler.py", line 53, in wrapped_app
    raise exc
  File "D:\yunxia\ai_langgraph\.venv\Lib\site-packages\starlette\_exception_handler.py", line 42, in wrapped_app
    await app(scope, receive, sender)
  File "D:\yunxia\ai_langgraph\.venv\Lib\site-packages\fastapi\middleware\asyncexitstack.py", line 18, in __call__
    await self.app(scope, receive, send)
  File "D:\yunxia\ai_langgraph\.venv\Lib\site-packages\starlette\routing.py", line 716, in __call__
    await self.middleware_stack(scope, receive, send)
  File "D:\yunxia\ai_langgraph\.venv\Lib\site-packages\starlette\routing.py", line 736, in app
    await route.handle(scope, receive, send)
  File "D:\yunxia\ai_langgraph\.venv\Lib\site-packages\starlette\routing.py", line 290, in handle
    await self.app(scope, receive, send)
  File "D:\yunxia\ai_langgraph\.venv\Lib\site-packages\fastapi\routing.py", line 115, in app
    await wrap_app_handling_exceptions(app, request)(scope, receive, send)
  File "D:\yunxia\ai_langgraph\.venv\Lib\site-packages\starlette\_exception_handler.py", line 53, in wrapped_app
    raise exc
  File "D:\yunxia\ai_langgraph\.venv\Lib\site-packages\starlette\_exception_handler.py", line 42, in wrapped_app
    await app(scope, receive, sender)
  File "D:\yunxia\ai_langgraph\.venv\Lib\site-packages\fastapi\routing.py", line 101, in app
    response = await f(request)
               ^^^^^^^^^^^^^^^^
  File "D:\yunxia\ai_langgraph\.venv\Lib\site-packages\fastapi\routing.py", line 345, in app
    solved_result = await solve_dependencies(
                    ^^^^^^^^^^^^^^^^^^^^^^^^^
  File "D:\yunxia\ai_langgraph\.venv\Lib\site-packages\fastapi\dependencies\utils.py", line 643, in solve_dependencies
    solved = await call(**solved_result.values)
             ^^^^^^^^^^^^^^^^^^^^^^^^^^^^^^^^^^
  File "D:\yunxia\ai_langgraph\RuoYi-Vue3-FastAPI\ruoyi-fastapi-backend\common\aspect\pre_auth.py", line 124, in __call__
    current_user = await LoginService.get_current_user(request, token, db)
                   ^^^^^^^^^^^^^^^^^^^^^^^^^^^^^^^^^^^^^^^^^^^^^^^^^^^^^^^
  File "D:\yunxia\ai_langgraph\RuoYi-Vue3-FastAPI\ruoyi-fastapi-backend\module_admin\service\login_service.py", line 225, in get_current_user
    redis_token = await request.app.state.redis.get(f'{RedisInitKeyConfig.ACCESS_TOKEN.key}:{session_id}')
                  ^^^^^^^^^^^^^^^^^^^^^^^^^^^^^^^^^^^^^^^^^^^^^^^^^^^^^^^^^^^^^^^^^^^^^^^^^^^^^^^^^^^^^^^^
  File "D:\yunxia\ai_langgraph\.venv\Lib\site-packages\redis\asyncio\client.py", line 725, in execute_command
    return await conn.retry.call_with_retry(
           ^^^^^^^^^^^^^^^^^^^^^^^^^^^^^^^^^
  File "D:\yunxia\ai_langgraph\.venv\Lib\site-packages\redis\asyncio\retry.py", line 55, in call_with_retry
    raise error
  File "D:\yunxia\ai_langgraph\.venv\Lib\site-packages\redis\asyncio\retry.py", line 50, in call_with_retry
    return await do()
           ^^^^^^^^^^
  File "D:\yunxia\ai_langgraph\.venv\Lib\site-packages\redis\asyncio\client.py", line 700, in _send_command_parse_response
    return await self.parse_response(conn, command_name, **options)
           ^^^^^^^^^^^^^^^^^^^^^^^^^^^^^^^^^^^^^^^^^^^^^^^^^^^^^^^^
  File "D:\yunxia\ai_langgraph\.venv\Lib\site-packages\redis\asyncio\client.py", line 746, in parse_response
    response = await connection.read_response()
               ^^^^^^^^^^^^^^^^^^^^^^^^^^^^^^^^
  File "D:\yunxia\ai_langgraph\.venv\Lib\site-packages\redis\asyncio\connection.py", line 621, in read_response
    raise ConnectionError(f"Error while reading from {host_error} : {e.args}")
redis.exceptions.ConnectionError: Error while reading from 47.110.95.246:6379 : (10054, '远程主机强迫关闭了一个现有的连接。', None, 10054, None)
2025-12-31 20:32:35.558 | 294e8c3ba16541ae910377b6182465d3 | INFO     | module_admin.controller.login_controller:get_login_user_info:96 - 获取成功
2025-12-31 20:32:36.174 | d159b0222bd644f79651bfa22eb6cdda | INFO     | module_admin.controller.login_controller:get_login_user_routers:112 - 获取成功
2025-12-31 20:32:37.508 | 805cd6aa622a4c21abd85379086d1135 | INFO     | module_testing.controller.requirement_controller:get_requirement_list:56 - 获取需求列表成功，共 3 条
2025-12-31 20:32:38.454 | 5a9e5f6ff2e94c468d3d148e67e24208 | INFO     | module_testing.controller.project_controller:get_project_list:51 - 获取项目列表成功
2025-12-31 20:32:44.146 | a14bab750a644ca193e9afc3c46b9384 | INFO     | module_testing.controller.requirement_controller:get_requirement_list:56 - 获取需求列表成功，共 3 条
2025-12-31 20:33:26.429 | 2ff6922f3f9644baae316c65530e6fa7 | ERROR    | module_testing.controller.requirement_controller:create_requirement:133 - 创建需求失败: 'CurrentUserModel' object has no attribute 'user_name'
2025-12-31 20:33:33.746 | c565d07b0e7c4c0cb03bf1b5dbeb11e3 | ERROR    | module_testing.controller.requirement_controller:create_requirement:133 - 创建需求失败: 'CurrentUserModel' object has no attribute 'user_name'
2025-12-31 20:33:38.581 | 53a26bf08a824cd28ac2b0ecc1deab17 | ERROR    | module_testing.controller.requirement_controller:create_requirement:133 - 创建需求失败: 'CurrentUserModel' object has no attribute 'user_name'
2025-12-31 20:33:44.216 | b984c450021341bcbeb457b46ab8a56b | ERROR    | module_testing.controller.requirement_controller:create_requirement:133 - 创建需求失败: 'CurrentUserModel' object has no attribute 'user_name'
2025-12-31 20:34:03.393 | 7ed3cafcb860464885e95a7b5824ff58 | INFO     | module_testing.controller.script_controller:get_script_list:54 - 获取脚本列表成功
2025-12-31 20:34:03.448 | d5ba86f6864149b5863d5c9588963f57 | INFO     | module_testing.controller.project_controller:get_project_list:51 - 获取项目列表成功
2025-12-31 20:34:11.109 | e4e41f85946f4fbca7d0cd215b4f0d42 | INFO     | module_testing.controller.execution_controller:get_execution_list:49 - 获取执行列表成功
2025-12-31 20:34:15.891 | ebc676fdc2a64d2c9a98634d707704fa | INFO     | module_testing.controller.report_controller:get_report_list:49 - 获取报告列表成功
WARNING:  WatchFiles detected changes in 'module_testing\controller\requirement_controller.py'. Reloading...
2025-12-31 20:36:08.886 | 06ed40c56a5549f4b01e3d2c91e91e90 | ERROR    | module_testing.controller.requirement_controller:update_requirement:166 - 更新需求失败: 'CurrentUserModel' object has no attribute 'user_name'
2025-12-31 20:36:39.466 | 5a0e4de90e3543629e9c7eeec79b671d | INFO     | module_admin.controller.login_controller:get_login_user_info:96 - 获取成功
2025-12-31 20:36:39.847 | fa45d288d8ae4f988f6ec71397a9d513 | INFO     | module_admin.controller.login_controller:get_login_user_routers:112 - 获取成功
2025-12-31 20:36:40.847 | 6701e1590b894e5f81c9e0ed990c9095 | INFO     | module_testing.controller.project_controller:get_project_list:51 - 获取项目列表成功
2025-12-31 20:36:40.880 | 8734fdbdf6f84a1e9ce3203da42aec97 | INFO     | module_testing.controller.requirement_controller:get_requirement_list:56 - 获取需求列表成功，共 3 条
2025-12-31 20:37:09.387 | f024913472d94091bb5968050f9572b8 | ERROR    | module_testing.controller.requirement_controller:create_requirement:133 - 创建需求失败: 'CurrentUserModel' object has no attribute 'user_name'
2025-12-31 20:37:15.705 | f4b286b28f914597b9de42dbf2ecfddd | ERROR    | module_testing.controller.requirement_controller:create_requirement:133 - 创建需求失败: 'CurrentUserModel' object has no attribute 'user_name'
INFO:     Shutting down
INFO:     Waiting for application shutdown.
2025-12-31 20:39:52.227 |  | INFO     | config.get_redis:close_redis_pool:58 - ✅️ 关闭redis连接成功
2025-12-31 20:39:52.228 |  | INFO     | config.get_scheduler:close_system_scheduler:154 - ✅️ 关闭定时任务成功
INFO:     Application shutdown complete.
INFO:     Finished server process [70768]
D:\yunxia\ai_langgraph\RuoYi-Vue3-FastAPI\ruoyi-fastapi-backend\module_admin\service\login_service.py:43: FastAPIDeprecationWarning: `regex` has been deprecated, please use `pattern` instead
  grant_type: str = Form(default=None, regex='password'),
INFO:     Started server process [69376]
INFO:     Waiting for application startup.
2025-12-31 20:40:04.155 |  | INFO     | server:lifespan:23 - ⏰️ AI智能测试平台开始启动
2025-12-31 20:40:04.156 |  | INFO     | config.get_db:init_create_table:25 - 🔎 初始化数据库连接...
2025-12-31 20:40:05.714 |  | INFO     | config.get_db:init_create_table:28 - ✅️ 数据库连接成功
2025-12-31 20:40:05.715 |  | INFO     | config.get_redis:create_redis_pool:25 - 🔎 开始连接redis...
2025-12-31 20:40:05.869 |  | INFO     | config.get_redis:create_redis_pool:38 - ✅️ redis连接成功
2025-12-31 20:40:07.498 |  | INFO     | config.get_scheduler:init_system_scheduler:136 - 🔎 开始启动定时任务...
2025-12-31 20:40:08.647 |  | INFO     | config.get_scheduler:init_system_scheduler:144 - ✅️ 系统初始定时任务加载成功
INFO:     Application startup complete.
2025-12-31 20:40:08.648 |  | INFO     | server:lifespan:30 - 🚀 AI智能测试平台启动成功
WARNING:  WatchFiles detected changes in 'module_admin\entity\vo\user_vo.py'. Reloading...
INFO:     Shutting down
INFO:     Waiting for application shutdown.
2025-12-31 20:44:53.493 |  | INFO     | config.get_redis:close_redis_pool:58 - ✅️ 关闭redis连接成功
2025-12-31 20:44:53.494 |  | INFO     | config.get_scheduler:close_system_scheduler:154 - ✅️ 关闭定时任务成功
INFO:     Application shutdown complete.
INFO:     Finished server process [69376]
D:\yunxia\ai_langgraph\RuoYi-Vue3-FastAPI\ruoyi-fastapi-backend\module_admin\service\login_service.py:43: FastAPIDeprecationWarning: `regex` has been deprecated, please use `pattern` instead
  grant_type: str = Form(default=None, regex='password'),
INFO:     Started server process [47228]
INFO:     Waiting for application startup.
2025-12-31 20:45:04.235 |  | INFO     | server:lifespan:23 - ⏰️ AI智能测试平台开始启动
2025-12-31 20:45:04.236 |  | INFO     | config.get_db:init_create_table:25 - 🔎 初始化数据库连接...
2025-12-31 20:45:05.792 |  | INFO     | config.get_db:init_create_table:28 - ✅️ 数据库连接成功
2025-12-31 20:45:05.793 |  | INFO     | config.get_redis:create_redis_pool:25 - 🔎 开始连接redis...
2025-12-31 20:45:05.949 |  | INFO     | config.get_redis:create_redis_pool:38 - ✅️ redis连接成功
2025-12-31 20:45:07.575 |  | INFO     | config.get_scheduler:init_system_scheduler:136 - 🔎 开始启动定时任务...
INFO:     Application startup complete.
2025-12-31 20:45:08.749 |  | INFO     | config.get_scheduler:init_system_scheduler:144 - ✅️ 系统初始定时任务加载成功
2025-12-31 20:45:08.750 |  | INFO     | server:lifespan:30 - 🚀 AI智能测试平台启动成功
